{"type":"FeatureCollection","features":[{"type":"Feature","properties":{"linea":"10","linea_nombre":"Línea 10","ramal":"Principal","sentido":"IDA","subgrupo":"Línea 10","subgrupo_detalle":"Ramal Principal","color_hex":"#2563eb","operador":"Línea 10 S.A.","cabecera_inicio":"Cadorna y Camino Belgrano","cabecera_fin":"Estación 3 de Febrero","nombre":"Línea 10 - Principal - IDA","numero":"10","categoria":"NACIONAL","subcategoria":"Principal","color":"#2563eb","descripcion":"Línea 10: Wilde → Palermo","network":"NACIONAL","routeId":"osm:13406536","source":"OpenStreetMap","license":"ODbL-1.0"},"geometry":{"type":"LineString","coordinates":[[-58.3386797,-34.7222762],[-58.3426718,-34.7190161],[-58.3403019,-34.7210725],[-58.3456303,-34.7164559],[-58.3507629,-34.7120093],[-58.3416656,-34.7040446],[-58.3453546,-34.7072776],[-58.3390366,-34.7011159],[-58.3342352,-34.6946752],[-58.3337562,-34.691449],[-58.3372493,-34.6888981],[-58.3404014,-34.6861385],[-58.3429196,-34.6832519],[-58.3456042,-34.6797247],[-58.3462001,-34.6781998],[-58.3442284,-34.6753049],[-58.3440776,-34.6695685],[-58.3482603,-34.6645758],[-58.3564793,-34.6607492],[-58.3570732,-34.6611157],[-58.3633976,-34.6633513],[-58.3663574,-34.6613501],[-58.3696468,-34.6589568],[-58.3702271,-34.6582757],[-58.3703696,-34.6569991],[-58.3723673,-34.6512336],[-58.3726243,-34.6492366],[-58.3728945,-34.6474],[-58.3684181,-34.6456429],[-58.3686908,-34.643821],[-58.3691705,-34.6406301],[-58.3695222,-34.6382641],[-58.3701129,-34.6345522],[-58.3706078,-34.6300255],[-58.3737369,-34.6296229],[-58.3777884,-34.6284582],[-58.3786566,-34.6270741],[-58.3800817,-34.6235652],[-58.3807562,-34.6211991],[-58.3809429,-34.6191896],[-58.3810271,-34.6166033],[-58.3811435,-34.6143177],[-58.3811078,-34.6122208],[-58.3813248,-34.6106455],[-58.3814349,-34.6084088],[-58.381578,-34.6060109],[-58.3815426,-34.6046438],[-58.3812875,-34.6039817],[-58.3814519,-34.6030187],[-58.3818156,-34.6014813],[-58.3819228,-34.5992902],[-58.3820249,-34.5975583],[-58.3815751,-34.5967701],[-58.3821473,-34.5954057],[-58.3834182,-34.5955097],[-58.3851356,-34.5956356],[-58.3883329,-34.595762],[-58.3889428,-34.5957764],[-58.3920581,-34.5958427],[-58.3931133,-34.5939554],[-58.3920847,-34.5915469],[-58.3929162,-34.5909149],[-58.39725,-34.5874414],[-58.3963433,-34.5881957],[-58.3985614,-34.5862448],[-58.3999416,-34.585017],[-58.400109,-34.584867],[-58.4020724,-34.583429],[-58.403024,-34.5834321],[-58.404037,-34.5834384],[-58.4092035,-34.5825318],[-58.4077246,-34.5829948],[-58.4110757,-34.581956],[-58.4116486,-34.5818945],[-58.4146194,-34.5817231],[-58.4152305,-34.5816885],[-58.4190415,-34.5814518],[-58.4197703,-34.5813877],[-58.4205786,-34.5808494],[-58.4218626,-34.5806703],[-58.4235954,-34.5796829],[-58.4251764,-34.5787085],[-58.4266362,-34.5778029],[-58.4263698,-34.5771755],[-58.4249243,-34.5744344],[-58.4237146,-34.5707576],[-58.4265472,-34.5724482]]}},{"type":"Feature","properties":{"linea":"10","linea_nombre":"Línea 10","ramal":"Principal","sentido":"IDA","subgrupo":"Línea 10","subgrupo_detalle":"Ramal Principal","color_hex":"#2563eb","operador":"Línea 10 S.A.","cabecera_inicio":"Estación 3 de Febrero","cabecera_fin":"Terminal Wilde Líneas 10 y 17","nombre":"Línea 10 - Principal - IDA","numero":"10","categoria":"NACIONAL","subcategoria":"Principal","color":"#2563eb","descripcion":"Línea 10: Palermo → Wilde","network":"NACIONAL","routeId":"osm:13406537","source":"OpenStreetMap","license":"ODbL-1.0"},"geometry":{"type":"LineString","coordinates":[[-58.4265472,-34.5724482],[-58.4263704,-34.5735532],[-58.4249887,-34.5745409],[-58.4217751,-34.5718373],[-58.4158516,-34.5747045],[-58.4156724,-34.5756306],[-58.4183319,-34.5784633],[-58.4200075,-34.5802487],[-58.4208765,-34.58073],[-58.4217343,-34.5810796],[-58.420301,-34.5817204],[-58.4195792,-34.5814152],[-58.4188567,-34.5814644],[-58.4148455,-34.5817103],[-58.4119169,-34.5818816],[-58.4097639,-34.5823551],[-58.4078654,-34.5829508],[-58.4063194,-34.5834213],[-58.403024,-34.5834321],[-58.4012331,-34.583872],[-58.4002072,-34.5847789],[-58.3985614,-34.5862448],[-58.39725,-34.5874414],[-58.3963433,-34.5881957],[-58.3941318,-34.5899102],[-58.3920753,-34.5916755],[-58.3900009,-34.5950854],[-58.3885514,-34.5957678],[-58.3857538,-34.595673],[-58.3838617,-34.5955472],[-58.3820892,-34.5955866],[-58.3818389,-34.5977756],[-58.3817149,-34.600094],[-58.3816023,-34.6024686],[-58.3812821,-34.6032178],[-58.3812422,-34.604306],[-58.3814163,-34.6059028],[-58.3812888,-34.6080868],[-58.3811575,-34.6104614],[-58.3810358,-34.6128708],[-58.3809246,-34.6151655],[-58.3808216,-34.617461],[-58.3807689,-34.6196551],[-58.3811055,-34.6227235],[-58.3809799,-34.6246282],[-58.3799692,-34.6268453],[-58.3793196,-34.6285296],[-58.3786207,-34.6302873],[-58.3778425,-34.6300775],[-58.3767077,-34.6279794],[-58.3739772,-34.6268238],[-58.3721202,-34.6289525],[-58.3710246,-34.6298904],[-58.3705842,-34.6303272],[-58.3703795,-34.6326729],[-58.3697354,-34.6369423],[-58.3691705,-34.6406301],[-58.3687483,-34.6434152],[-58.3681935,-34.6473368],[-58.3748144,-34.6485361],[-58.3733203,-34.6506462],[-58.3712014,-34.6558218],[-58.3703598,-34.6573647],[-58.370335,-34.6585117],[-58.3702508,-34.6594356],[-58.3681546,-34.6617445],[-58.3664523,-34.6642949],[-58.3651841,-34.6662748],[-58.3614095,-34.6643291],[-58.3567356,-34.6615215],[-58.3548273,-34.6609216],[-58.3471228,-34.6677364],[-58.3474062,-34.6716432],[-58.3479446,-34.676794],[-58.3455294,-34.6802358],[-58.3436307,-34.683017],[-58.3415841,-34.6853915],[-58.3393754,-34.6875015],[-58.3361434,-34.6901923],[-58.3322092,-34.6929496],[-58.3339986,-34.6973634],[-58.3400168,-34.7026088],[-58.3435341,-34.7056763],[-58.3496581,-34.7110458],[-58.3466002,-34.7156086],[-58.3426109,-34.7190658],[-58.3402789,-34.7210932],[-58.3386797,-34.7222762]]}},{"type":"Feature","properties":{"linea":"100","linea_nombre":"Línea 100","ramal":"3","sentido":"IDA","subgrupo":"Línea 100","subgrupo_detalle":"Ramal 3","color_hex":"#2563eb","operador":"Transportes Automotores Riachuelo S.A.","cabecera_inicio":"Plaza Aguapey","cabecera_fin":"Edificio Cóndor","nombre":"Línea 100 - 3 - IDA","numero":"100","categoria":"NACIONAL","subcategoria":"3","color":"#2563eb","descripcion":"Línea 100 - Ramal 3: Monte Chingolo → Retiro","network":"NACIONAL","routeId":"osm:16454484","source":"OpenStreetMap","license":"ODbL-1.0"},"geometry":{"type":"LineString","coordinates":[[-58.3645129,-34.7443927],[-58.3683961,-34.7441634],[-58.3696332,-34.7431671],[-58.3758209,-34.7383161],[-58.3786076,-34.7361684],[-58.3733054,-34.7376249],[-58.3672869,-34.7323422],[-58.3703685,-34.7290659],[-58.3632491,-34.7228058],[-58.3658908,-34.7190888],[-58.3716303,-34.71498],[-58.3750322,-34.7125283],[-58.3761922,-34.7071941],[-58.3733478,-34.7002208],[-58.3703679,-34.6978543],[-58.3643065,-34.692261],[-58.3659075,-34.6906822],[-58.37349,-34.6844741],[-58.3684122,-34.688618],[-58.3704151,-34.6819047],[-58.3674036,-34.6793258],[-58.3678869,-34.6786945],[-58.3665642,-34.6773498],[-58.3656159,-34.6765215],[-58.3631485,-34.6743148],[-58.361997,-34.6732989],[-58.3607955,-34.6734442],[-58.3608146,-34.6726525],[-58.3637756,-34.6684057],[-58.3599855,-34.6656365],[-58.3618061,-34.6641376],[-58.3646674,-34.6626314],[-58.366637,-34.6611357],[-58.3696468,-34.6589568],[-58.370211,-34.6583971],[-58.3702204,-34.6573353],[-58.371034,-34.6557434],[-58.3725672,-34.6502244],[-58.3729443,-34.6496253],[-58.3744906,-34.6484735],[-58.3771104,-34.6489424],[-58.3789712,-34.6447318],[-58.3794016,-34.6429386],[-58.3806055,-34.6384727],[-58.3817584,-34.6370567],[-58.3820299,-34.6360559],[-58.3825868,-34.6326995],[-58.3826715,-34.6308599],[-58.3828014,-34.6282539],[-58.3818535,-34.6275469],[-58.3805068,-34.6274818],[-58.3785827,-34.6272861],[-58.3795739,-34.624445],[-58.3808038,-34.621943],[-58.3808576,-34.6208193],[-58.3809472,-34.6188057],[-58.3810244,-34.6166721],[-58.3810895,-34.6151809],[-58.3811923,-34.6132514],[-58.3811582,-34.6117447],[-58.3813487,-34.609991],[-58.3814349,-34.6084088],[-58.3815585,-34.6062171],[-58.3816125,-34.604789],[-58.3813272,-34.6043368],[-58.3812957,-34.6036066],[-58.3815187,-34.6029374],[-58.3818046,-34.6016687],[-58.3818793,-34.6001426],[-58.3819988,-34.5981217],[-58.3821187,-34.596745],[-58.382363,-34.5948669],[-58.3816829,-34.5941624],[-58.3815665,-34.5916574],[-58.3814776,-34.5905267],[-58.3800129,-34.5897541],[-58.3788782,-34.5904193],[-58.3762586,-34.592158],[-58.3757356,-34.5926387],[-58.3740852,-34.5936334],[-58.3724779,-34.5917692],[-58.3735616,-34.5910314],[-58.3732832,-34.5905826],[-58.3725015,-34.5896302],[-58.3719454,-34.5892878],[-58.3711284,-34.5891037],[-58.370261,-34.5860153],[-58.369527,-34.5851419]]}},{"type":"Feature","properties":{"linea":"100","linea_nombre":"Línea 100","ramal":"3","sentido":"IDA","subgrupo":"Línea 100","subgrupo_detalle":"Ramal 3","color_hex":"#2563eb","operador":"Transportes Automotores Riachuelo S.A.","cabecera_inicio":"Terminal de Ómnibus Retiro","cabecera_fin":"Plaza Aguapey","nombre":"Línea 100 - 3 - IDA","numero":"100","categoria":"NACIONAL","subcategoria":"3","color":"#2563eb","descripcion":"Línea 100 - Ramal 3: Retiro → Monte Chingolo","network":"NACIONAL","routeId":"osm:16476321","source":"OpenStreetMap","license":"ODbL-1.0"},"geometry":{"type":"LineString","coordinates":[[-58.3693848,-34.5849719],[-58.370744,-34.5840272],[-58.3729121,-34.5836112],[-58.3740098,-34.5817154],[-58.3730484,-34.5846445],[-58.3749769,-34.5847242],[-58.3745564,-34.5854377],[-58.3734178,-34.5860699],[-58.3726396,-34.5863108],[-58.3720616,-34.5873114],[-58.3721108,-34.5885258],[-58.3727103,-34.5892799],[-58.3733257,-34.5902356],[-58.3745134,-34.5915614],[-58.3757626,-34.5929115],[-58.3785932,-34.5928639],[-58.3818868,-34.5928364],[-58.382149,-34.5942647],[-58.3820264,-34.5961383],[-58.3818237,-34.597408],[-58.3817649,-34.5990388],[-58.3817017,-34.6003616],[-58.3816023,-34.6024686],[-58.3813963,-34.6029813],[-58.3812448,-34.6036162],[-58.3812836,-34.604419],[-58.3814347,-34.6055303],[-58.3813455,-34.6071729],[-58.3812431,-34.6088942],[-58.3811491,-34.6106532],[-58.381042,-34.6123622],[-58.3809849,-34.6141331],[-58.3809009,-34.6158139],[-58.3808216,-34.617461],[-58.3807745,-34.6194189],[-58.38077,-34.6208339],[-58.381239,-34.6233698],[-58.3823336,-34.6250104],[-58.3822367,-34.6272483],[-58.3819758,-34.6278166],[-58.3798212,-34.6277436],[-58.379275,-34.6286562],[-58.3786871,-34.6302611],[-58.3790544,-34.6312663],[-58.3787032,-34.634818],[-58.3776722,-34.6381497],[-58.3768533,-34.6413598],[-58.3755603,-34.6463012],[-58.3747196,-34.6492259],[-58.3733937,-34.6505736],[-58.3723275,-34.6523788],[-58.3709759,-34.6563382],[-58.3703384,-34.6574463],[-58.3703571,-34.6584146],[-58.3700533,-34.6589663],[-58.3702432,-34.6595704],[-58.3681546,-34.6617445],[-58.3670657,-34.6633632],[-58.3656701,-34.6655035],[-58.3649581,-34.6666261],[-58.3640391,-34.6680073],[-58.3627813,-34.669849],[-58.361361,-34.6720293],[-58.3620842,-34.6731824],[-58.3636408,-34.6745639],[-58.3648722,-34.6756502],[-58.366401,-34.6769975],[-58.3667078,-34.677268],[-58.3694029,-34.6810218],[-58.3727231,-34.6838477],[-58.3731799,-34.684216],[-58.3692378,-34.6879434],[-58.3651777,-34.6912941],[-58.3681149,-34.6957237],[-58.3722105,-34.6993277],[-58.3763131,-34.7025705],[-58.3789432,-34.7063528],[-58.3732406,-34.7124176],[-58.3693224,-34.7166276],[-58.3621006,-34.7218099],[-58.3660219,-34.7252456],[-58.3703445,-34.7290446],[-58.3672869,-34.7323422],[-58.3744601,-34.7341034],[-58.3777984,-34.7354587],[-58.3729996,-34.7405002],[-58.3696332,-34.7431671],[-58.3637704,-34.7436317],[-58.3634821,-34.7438564]]}},{"type":"Feature","properties":{"linea":"100","linea_nombre":"Línea 100","ramal":"1","sentido":"IDA","subgrupo":"Línea 100","subgrupo_detalle":"Ramal 1","color_hex":"#2563eb","operador":"Transportes Automotores Riachuelo S.A.","cabecera_inicio":"Estación Lanús","cabecera_fin":"Edificio Cóndor","nombre":"Línea 100 - 1 - IDA","numero":"100","categoria":"NACIONAL","subcategoria":"1","color":"#2563eb","descripcion":"Línea 100 - Ramal 1: Lanús → x ex Pavón → Retiro","network":"NACIONAL","routeId":"osm:16474147","source":"OpenStreetMap","license":"ODbL-1.0"},"geometry":{"type":"LineString","coordinates":[[-58.3907303,-34.7085484],[-58.3884944,-34.7077273],[-58.3839872,-34.7020444],[-58.3792692,-34.6983312],[-58.380215,-34.6942409],[-58.3765968,-34.6928055],[-58.3777319,-34.6910528],[-58.3785265,-34.6885862],[-58.3731799,-34.684216],[-58.3703969,-34.6818396],[-58.3674036,-34.6793258],[-58.3686651,-34.6781484],[-58.3709532,-34.6762792],[-58.371276,-34.6759646],[-58.3754408,-34.6723927],[-58.3775655,-34.6716373],[-58.3782072,-34.6715967],[-58.3801788,-34.6741955],[-58.3815431,-34.6730757],[-58.3806606,-34.6698714],[-58.3787564,-34.6666283],[-58.3765094,-34.6633415],[-58.3750359,-34.6612221],[-58.3735865,-34.65957],[-58.3720109,-34.6590761],[-58.3699702,-34.6580077],[-58.3697094,-34.6574247],[-58.3699696,-34.6568874],[-58.3709726,-34.655894],[-58.3724267,-34.6509635],[-58.3727974,-34.6497819],[-58.3731837,-34.6494556],[-58.3771104,-34.6489424],[-58.3775526,-34.6478419],[-58.3793466,-34.6436446],[-58.3781413,-34.6421573],[-58.3806055,-34.6384727],[-58.3817092,-34.6372265],[-58.3818846,-34.6365706],[-58.3825142,-34.6340696],[-58.3826246,-34.6316733],[-58.3827598,-34.6292022],[-58.3827187,-34.6278596],[-58.3815435,-34.6275119],[-58.3803706,-34.6274795],[-58.3785827,-34.6272861],[-58.3790441,-34.6259488],[-58.3807616,-34.622135],[-58.3807562,-34.6211991],[-58.3809362,-34.6197502],[-58.3809632,-34.6180009],[-58.3810353,-34.6164481],[-58.381136,-34.6144433],[-58.3811931,-34.6130786],[-58.3811582,-34.6117447],[-58.3813274,-34.6103722],[-58.3814097,-34.6089002],[-58.3815301,-34.6068181],[-58.381632,-34.6050508],[-58.3815426,-34.6046438],[-58.3812921,-34.6041962],[-58.3813022,-34.6034618],[-58.3816005,-34.6028365],[-58.3818046,-34.6016687],[-58.3818694,-34.6002589],[-58.3819444,-34.5989061],[-58.3820823,-34.596976],[-58.3822568,-34.5955925],[-58.3818669,-34.5948094],[-58.38161,-34.5940737],[-58.3815554,-34.5915087],[-58.3810068,-34.5894669],[-58.3800129,-34.5897541],[-58.3778714,-34.5911028],[-58.3766634,-34.591894],[-58.3759635,-34.5924745],[-58.3748064,-34.5932508],[-58.3733635,-34.5929671],[-58.3729575,-34.5913546],[-58.3735786,-34.5910079],[-58.3731677,-34.5904459],[-58.3725015,-34.5896302],[-58.3719879,-34.5892935],[-58.3712035,-34.5891589],[-58.3710643,-34.586975],[-58.369821,-34.5854958],[-58.369527,-34.5851419]]}},{"type":"Feature","properties":{"linea":"100","linea_nombre":"Línea 100","ramal":"1","sentido":"IDA","subgrupo":"Línea 100","subgrupo_detalle":"Ramal 1","color_hex":"#2563eb","operador":"Transportes Automotores Riachuelo S.A.","cabecera_inicio":"Terminal de Ómnibus Retiro","cabecera_fin":"Estación Lanús","nombre":"Línea 100 - 1 - IDA","numero":"100","categoria":"NACIONAL","subcategoria":"1","color":"#2563eb","descripcion":"Línea 100 - Ramal 1: Retiro → x ex Pavón → Lanús","network":"NACIONAL","routeId":"osm:16467951","source":"OpenStreetMap","license":"ODbL-1.0"},"geometry":{"type":"LineString","coordinates":[[-58.3693848,-34.5849719],[-58.370744,-34.5840272],[-58.3729121,-34.5836112],[-58.3740098,-34.5817154],[-58.3730484,-34.5846445],[-58.3749769,-34.5847242],[-58.3745564,-34.5854377],[-58.3734178,-34.5860699],[-58.3726396,-34.5863108],[-58.3720616,-34.5873114],[-58.3721108,-34.5885258],[-58.3727103,-34.5892799],[-58.3733257,-34.5902356],[-58.3745134,-34.5915614],[-58.3757626,-34.5929115],[-58.3785932,-34.5928639],[-58.3818868,-34.5928364],[-58.382149,-34.5942647],[-58.3820264,-34.5961383],[-58.3818237,-34.597408],[-58.3817649,-34.5990388],[-58.3817017,-34.6003616],[-58.3816023,-34.6024686],[-58.3813963,-34.6029813],[-58.3812448,-34.6036162],[-58.3812836,-34.604419],[-58.3814347,-34.6055303],[-58.3813455,-34.6071729],[-58.3812431,-34.6088942],[-58.3811491,-34.6106532],[-58.381042,-34.6123622],[-58.3809849,-34.6141331],[-58.3809009,-34.6158139],[-58.3808216,-34.617461],[-58.3807745,-34.6194189],[-58.38077,-34.6208339],[-58.381239,-34.6233698],[-58.3823336,-34.6250104],[-58.3822367,-34.6272483],[-58.3819758,-34.6278166],[-58.3814217,-34.6279159],[-58.3813481,-34.6305325],[-58.3829531,-34.6320176],[-58.3832438,-34.6323411],[-58.3833446,-34.6331654],[-58.3828514,-34.633954],[-58.3814724,-34.6380435],[-58.3818619,-34.6366633],[-58.3824351,-34.6345813],[-58.3808721,-34.6403205],[-58.380802,-34.642107],[-58.3798832,-34.6423132],[-58.3789088,-34.6449069],[-58.3772101,-34.647751],[-58.3747196,-34.6492259],[-58.3733937,-34.6505736],[-58.3723275,-34.6523788],[-58.3709759,-34.6563382],[-58.3704377,-34.6575467],[-58.3705338,-34.6580037],[-58.371968,-34.6589346],[-58.3733621,-34.6594035],[-58.3749105,-34.6608475],[-58.3759011,-34.6622421],[-58.3787608,-34.6664403],[-58.3807638,-34.6698318],[-58.3813421,-34.6716477],[-58.3813499,-34.6751918],[-58.3796992,-34.6736082],[-58.3780813,-34.6715625],[-58.3764148,-34.6719101],[-58.3713205,-34.675915],[-58.3710146,-34.6763629],[-58.36906,-34.6779935],[-58.3712888,-34.6811207],[-58.3706053,-34.6821014],[-58.3755148,-34.6861093],[-58.3766483,-34.6870549],[-58.3774317,-34.6912998],[-58.3812487,-34.6950614],[-58.3801119,-34.6989943],[-58.3811105,-34.6997852],[-58.3858401,-34.7035149],[-58.3895898,-34.705598],[-58.3901031,-34.7068257],[-58.3906016,-34.7081716],[-58.3907303,-34.7085484]]}},{"type":"Feature","properties":{"linea":"100","linea_nombre":"Línea 100","ramal":"1","sentido":"IDA","subgrupo":"Línea 100","subgrupo_detalle":"Ramal 1","color_hex":"#2563eb","operador":"Transportes Automotores Riachuelo S.A.","cabecera_inicio":"Estación Lanús","cabecera_fin":"Edificio Cóndor","nombre":"Línea 100 - 1 - IDA","numero":"100","categoria":"NACIONAL","subcategoria":"1","color":"#2563eb","descripcion":"Línea 100 - Ramal 1: Lanús → x Güemes → Retiro","network":"NACIONAL","routeId":"osm:13458953","source":"OpenStreetMap","license":"ODbL-1.0"},"geometry":{"type":"LineString","coordinates":[[-58.3907303,-34.7085484],[-58.3884944,-34.7077273],[-58.3839872,-34.7020444],[-58.3792692,-34.6983312],[-58.380215,-34.6942409],[-58.3765968,-34.6928055],[-58.3777319,-34.6910528],[-58.3785265,-34.6885862],[-58.3731799,-34.684216],[-58.3703969,-34.6818396],[-58.3674036,-34.6793258],[-58.3678706,-34.678724],[-58.3676059,-34.6782803],[-58.3662161,-34.6770439],[-58.364283,-34.6753186],[-58.362895,-34.6740906],[-58.3617283,-34.6730622],[-58.3606752,-34.6734202],[-58.3610642,-34.6722648],[-58.3637756,-34.6684057],[-58.3616849,-34.6667813],[-58.361232,-34.6644139],[-58.3636518,-34.6632188],[-58.3659922,-34.6616338],[-58.3680832,-34.6600452],[-58.370029,-34.6586819],[-58.3702271,-34.6582757],[-58.370244,-34.6572624],[-58.371034,-34.6557434],[-58.3724504,-34.6508445],[-58.3728508,-34.6497233],[-58.3732457,-34.6494167],[-58.3775526,-34.6478419],[-58.3789088,-34.6449069],[-58.3792787,-34.6438622],[-58.378337,-34.6413443],[-58.3806831,-34.6384755],[-58.3817584,-34.6370567],[-58.3819111,-34.6364626],[-58.382563,-34.6331895],[-58.3826313,-34.6315197],[-58.3827652,-34.629041],[-58.382263,-34.6278416],[-58.3814118,-34.6275081],[-58.3802808,-34.6274811],[-58.3786273,-34.6271594],[-58.3795739,-34.624445],[-58.3807856,-34.6220455],[-58.3807736,-34.6210653],[-58.3809391,-34.6196541],[-58.3809709,-34.6177633],[-58.3810365,-34.6163425],[-58.3811435,-34.6143177],[-58.3811876,-34.6129202],[-58.3812237,-34.6114813],[-58.3813487,-34.609991],[-58.3814295,-34.6085141],[-58.3815439,-34.6064211],[-58.3816376,-34.6049515],[-58.3815223,-34.6046136],[-58.3812867,-34.6041108],[-58.3813119,-34.6033849],[-58.3816601,-34.6027564],[-58.3818156,-34.6014813],[-58.3818793,-34.6001426],[-58.3819718,-34.598486],[-58.3821017,-34.5968573],[-58.3822904,-34.5954155],[-58.3817431,-34.5943001],[-58.3816151,-34.5935802],[-58.3815532,-34.5911076],[-58.3809933,-34.5894366],[-58.3800454,-34.5897363],[-58.3788782,-34.5904193],[-58.3761922,-34.5922015],[-58.3758146,-34.5925841],[-58.374756,-34.5932949],[-58.3730021,-34.5925321],[-58.3730797,-34.5912928],[-58.3735841,-34.5909975],[-58.3731037,-34.5903636],[-58.3724848,-34.5896098],[-58.3719454,-34.5892878],[-58.3711498,-34.5891194],[-58.370746,-34.5865795],[-58.369527,-34.5851419]]}},{"type":"Feature","properties":{"linea":"100","linea_nombre":"Línea 100","ramal":"1","sentido":"IDA","subgrupo":"Línea 100","subgrupo_detalle":"Ramal 1","color_hex":"#2563eb","operador":"Transportes Automotores Riachuelo S.A.","cabecera_inicio":"Terminal de Ómnibus Retiro","cabecera_fin":"Estación Lanús","nombre":"Línea 100 - 1 - IDA","numero":"100","categoria":"NACIONAL","subcategoria":"1","color":"#2563eb","descripcion":"Línea 100 - Ramal 1: Retiro → x Güemes → Lanús","network":"NACIONAL","routeId":"osm:6041220","source":"OpenStreetMap","license":"ODbL-1.0"},"geometry":{"type":"LineString","coordinates":[[-58.3693848,-34.5849719],[-58.370744,-34.5840272],[-58.3729121,-34.5836112],[-58.3740098,-34.5817154],[-58.3730484,-34.5846445],[-58.3749769,-34.5847242],[-58.3745564,-34.5854377],[-58.3734178,-34.5860699],[-58.3726396,-34.5863108],[-58.3720616,-34.5873114],[-58.3721108,-34.5885258],[-58.3727103,-34.5892799],[-58.3733257,-34.5902356],[-58.3745134,-34.5915614],[-58.3757626,-34.5929115],[-58.3785932,-34.5928639],[-58.3818868,-34.5928364],[-58.382149,-34.5942647],[-58.3820264,-34.5961383],[-58.3818237,-34.597408],[-58.3817649,-34.5990388],[-58.3817017,-34.6003616],[-58.3816023,-34.6024686],[-58.3813963,-34.6029813],[-58.3812448,-34.6036162],[-58.3812836,-34.604419],[-58.3814347,-34.6055303],[-58.3813455,-34.6071729],[-58.3812431,-34.6088942],[-58.3811491,-34.6106532],[-58.381042,-34.6123622],[-58.3809849,-34.6141331],[-58.3809009,-34.6158139],[-58.3808216,-34.617461],[-58.3807745,-34.6194189],[-58.38077,-34.6208339],[-58.381239,-34.6233698],[-58.3823336,-34.6250104],[-58.3822367,-34.6272483],[-58.3819758,-34.6278166],[-58.3814217,-34.6279159],[-58.3813481,-34.6305325],[-58.3829531,-34.6320176],[-58.3832438,-34.6323411],[-58.3833446,-34.6331654],[-58.3828514,-34.633954],[-58.3814724,-34.6380435],[-58.3818619,-34.6366633],[-58.3824351,-34.6345813],[-58.3808721,-34.6403205],[-58.380802,-34.642107],[-58.3798832,-34.6423132],[-58.3789088,-34.6449069],[-58.3772101,-34.647751],[-58.3747196,-34.6492259],[-58.3733937,-34.6505736],[-58.3723275,-34.6523788],[-58.3709759,-34.6563382],[-58.3703384,-34.6574463],[-58.3703571,-34.6584146],[-58.3700533,-34.6589663],[-58.3702432,-34.6595704],[-58.3681546,-34.6617445],[-58.3670657,-34.6633632],[-58.3656701,-34.6655035],[-58.3649581,-34.6666261],[-58.3640391,-34.6680073],[-58.3627813,-34.669849],[-58.361361,-34.6720293],[-58.3620842,-34.6731824],[-58.3636408,-34.6745639],[-58.3648722,-34.6756502],[-58.366401,-34.6769975],[-58.3667078,-34.677268],[-58.3711902,-34.6810293],[-58.3722916,-34.6834984],[-58.3745004,-34.6852879],[-58.3781387,-34.688274],[-58.3781988,-34.6906687],[-58.380215,-34.6942409],[-58.3790066,-34.6981253],[-58.3801779,-34.6990479],[-58.3849061,-34.7027766],[-58.3887137,-34.7062084],[-58.3899417,-34.7063988],[-58.3905401,-34.7080032],[-58.3907303,-34.7085484]]}},{"type":"Feature","properties":{"linea":"119","linea_nombre":"Línea 119","ramal":"Principal","sentido":"IDA","subgrupo":"Línea 119","subgrupo_detalle":"Ramal Principal","color_hex":"#2563eb","operador":"Micro Ómnibus 45 S.A.","cabecera_inicio":"Remedios de Escalada","cabecera_fin":"Lacroze","nombre":"Línea 119 - Principal - IDA","numero":"119","categoria":"NACIONAL","subcategoria":"Principal","color":"#2563eb","descripcion":"Línea 119: Remedios de Escalada → Chacarita","network":"NACIONAL","routeId":"osm:10099911","source":"OpenStreetMap","license":"ODbL-1.0"},"geometry":{"type":"LineString","coordinates":[[-58.3962392,-34.729858],[-58.3954391,-34.7260329],[-58.3948993,-34.7235614],[-58.3941706,-34.7200149],[-58.3936987,-34.7177839],[-58.392627,-34.7129289],[-58.3919225,-34.7096882],[-58.3916221,-34.7081872],[-58.3916613,-34.7071276],[-58.3918203,-34.7024515],[-58.3918867,-34.6984838],[-58.3948708,-34.6959359],[-58.3981403,-34.6931601],[-58.4021472,-34.6897718],[-58.4045525,-34.687734],[-58.4049346,-34.6843343],[-58.4045305,-34.6798334],[-58.4043989,-34.6793086],[-58.4076642,-34.676798],[-58.4097066,-34.6746753],[-58.4106432,-34.6736325],[-58.4157782,-34.6697493],[-58.4171456,-34.6686495],[-58.4171456,-34.6686495],[-58.4173916,-34.6664485],[-58.4176037,-34.6649283],[-58.4171834,-34.6625691],[-58.4165194,-34.6588711],[-58.4163711,-34.656895],[-58.4163271,-34.6548612],[-58.4163491,-34.6527964],[-58.4163196,-34.6517783],[-58.4163122,-34.6503036],[-58.4163049,-34.6494295],[-58.4160336,-34.6480544],[-58.4162103,-34.6481133],[-58.4165882,-34.6482624],[-58.4191831,-34.647135],[-58.4227322,-34.6428387],[-58.4236962,-34.6391469],[-58.4246218,-34.6356608],[-58.425695,-34.6317448],[-58.4259965,-34.6304434],[-58.4266977,-34.627263],[-58.4268944,-34.6261146],[-58.4274632,-34.6237725],[-58.4279154,-34.6214521],[-58.4284097,-34.6186209],[-58.4287719,-34.6171864],[-58.4302584,-34.6155438],[-58.4327867,-34.6166611],[-58.4334151,-34.6155023],[-58.4345724,-34.6130336],[-58.4360404,-34.6090549],[-58.4342541,-34.6087541],[-58.4332174,-34.6080295],[-58.432664,-34.6069012],[-58.4330549,-34.6056238],[-58.4338814,-34.6048434],[-58.4352292,-34.6043378],[-58.4365767,-34.6042942],[-58.4398856,-34.6032772],[-58.441423,-34.6026512],[-58.442327,-34.602138],[-58.4428346,-34.601479],[-58.4447492,-34.5997459],[-58.4476738,-34.5988446],[-58.4515809,-34.5988392],[-58.4537291,-34.5984017],[-58.4542263,-34.5982399],[-58.4578271,-34.5970413],[-58.4578271,-34.5970413],[-58.458816,-34.5962424],[-58.4559007,-34.593501],[-58.4540829,-34.591787],[-58.4521901,-34.590033],[-58.4510276,-34.5889898],[-58.4511045,-34.5885859],[-58.4525081,-34.587943],[-58.4535177,-34.5875632],[-58.4542536,-34.5874818],[-58.4543149,-34.5874599]]}},{"type":"Feature","properties":{"linea":"119","linea_nombre":"Línea 119","ramal":"Principal","sentido":"IDA","subgrupo":"Línea 119","subgrupo_detalle":"Ramal Principal","color_hex":"#2563eb","operador":"Micro Ómnibus 45 S.A.","cabecera_inicio":"Estación Lacroze","cabecera_fin":"Remedios de Escalada","nombre":"Línea 119 - Principal - IDA","numero":"119","categoria":"NACIONAL","subcategoria":"Principal","color":"#2563eb","descripcion":"Línea 119: Chacarita → Remedios de Escalada","network":"NACIONAL","routeId":"osm:10099912","source":"OpenStreetMap","license":"ODbL-1.0"},"geometry":{"type":"LineString","coordinates":[[-58.4545977,-34.5861687],[-58.4549107,-34.5866523],[-58.455242,-34.5871297],[-58.454879,-34.5874633],[-58.4532205,-34.5880655],[-58.4521237,-34.5884578],[-58.4511449,-34.5888484],[-58.451815,-34.5896886],[-58.453262,-34.5910059],[-58.4518792,-34.5897483],[-58.4551189,-34.5927687],[-58.4559007,-34.593501],[-58.4568143,-34.5943465],[-58.4591626,-34.5965773],[-58.4580662,-34.5969582],[-58.4562472,-34.5975861],[-58.4537291,-34.5984017],[-58.4509643,-34.599299],[-58.4493496,-34.599834],[-58.4465484,-34.6007623],[-58.4447466,-34.6013464],[-58.4432235,-34.6018988],[-58.4421841,-34.6023439],[-58.4411435,-34.6028673],[-58.4406839,-34.6035712],[-58.4392954,-34.6055927],[-58.4378413,-34.6077167],[-58.4372349,-34.6086045],[-58.4371973,-34.6087869],[-58.4345247,-34.6087528],[-58.432128,-34.6087443],[-58.4303668,-34.6101585],[-58.4300922,-34.6140152],[-58.4302584,-34.6155438],[-58.4287719,-34.6171864],[-58.4284287,-34.6187739],[-58.4279706,-34.6211592],[-58.4279154,-34.6214521],[-58.4271706,-34.6251272],[-58.4270767,-34.6255832],[-58.426843,-34.6265878],[-58.4267564,-34.6269874],[-58.4263055,-34.6290223],[-58.4258344,-34.6311372],[-58.4257173,-34.6316575],[-58.4249938,-34.6346591],[-58.4243901,-34.6367575],[-58.4237831,-34.6391035],[-58.4228178,-34.6428339],[-58.421955,-34.6439041],[-58.4176391,-34.6478074],[-58.4197026,-34.6465073],[-58.4164491,-34.6484363],[-58.4163813,-34.6496406],[-58.4164028,-34.6507034],[-58.4164101,-34.6517508],[-58.4164152,-34.6527275],[-58.4164466,-34.6543958],[-58.4165853,-34.6568023],[-58.4168387,-34.6603923],[-58.4173727,-34.6629045],[-58.4177305,-34.6649354],[-58.4173299,-34.6678316],[-58.417127,-34.6686901],[-58.4159947,-34.6695884],[-58.4126894,-34.671997],[-58.4091287,-34.6753466],[-58.4069286,-34.6775969],[-58.404494,-34.6797874],[-58.4048907,-34.6836511],[-58.4050727,-34.685744],[-58.4043507,-34.6879193],[-58.402982,-34.6890627],[-58.3981403,-34.6931601],[-58.4011072,-34.6906254],[-58.3966844,-34.694404],[-58.3943824,-34.6963534],[-58.3920682,-34.6991325],[-58.391954,-34.7022678],[-58.3918498,-34.7055599],[-58.3917362,-34.708175],[-58.3924844,-34.7116312],[-58.3936322,-34.7169249],[-58.3941893,-34.7196088],[-58.395244,-34.7245347],[-58.3955644,-34.7260167]]}},{"type":"Feature","properties":{"linea":"128","linea_nombre":"Línea 128","ramal":"Principal","sentido":"IDA","subgrupo":"Línea 128","subgrupo_detalle":"Ramal Principal","color_hex":"#2563eb","operador":"El Puente S.A.T.","cabecera_inicio":"Valentín Alsina","cabecera_fin":"Zoológico","nombre":"Línea 128 - Principal - IDA","numero":"128","categoria":"NACIONAL","subcategoria":"Principal","color":"#2563eb","descripcion":"Línea 128: Valentín Alsina → Plaza Italia","network":"NACIONAL","routeId":"osm:374959","source":"OpenStreetMap","license":"ODbL-1.0"},"geometry":{"type":"LineString","coordinates":[[-58.399403,-34.6764272],[-58.399282,-34.6761363],[-58.4016517,-34.6768239],[-58.4033082,-34.6756027],[-58.4049304,-34.6744053],[-58.4067154,-34.6731053],[-58.4090803,-34.6713451],[-58.4105913,-34.6702121],[-58.4121865,-34.6690391],[-58.4138712,-34.6677873],[-58.415595,-34.6665181],[-58.4174541,-34.6651506],[-58.4175998,-34.6648763],[-58.4172556,-34.6629616],[-58.4171415,-34.6623392],[-58.4165821,-34.6594557],[-58.4164658,-34.6580553],[-58.4163711,-34.656895],[-58.4163608,-34.6560212],[-58.4162997,-34.6546837],[-58.4163535,-34.6533174],[-58.4163395,-34.6524037],[-58.4163216,-34.6518323],[-58.4163111,-34.6510572],[-58.4163122,-34.6503036],[-58.4163032,-34.6497238],[-58.4162101,-34.6491075],[-58.41615,-34.6482766],[-58.4158957,-34.6478486],[-58.415327,-34.6470077],[-58.414156,-34.6449682],[-58.4139584,-34.644548],[-58.413349,-34.6432055],[-58.413077,-34.6425758],[-58.4126524,-34.6415764],[-58.4131009,-34.6387694],[-58.4135449,-34.6370966],[-58.4137909,-34.6360387],[-58.4143156,-34.6341165],[-58.4144879,-34.6316548],[-58.4145307,-34.6303984],[-58.4145521,-34.6288352],[-58.4146807,-34.6255097],[-58.4147989,-34.6237874],[-58.4150481,-34.6212945],[-58.4153018,-34.6186642],[-58.4165264,-34.6185222],[-58.4182546,-34.6179837],[-58.4182454,-34.617387],[-58.4185697,-34.6150369],[-58.4191635,-34.6128188],[-58.4197563,-34.6109859],[-58.4199916,-34.6090352],[-58.4199604,-34.6072696],[-58.4198953,-34.6063395],[-58.4196482,-34.6043531],[-58.4180379,-34.603456],[-58.4165255,-34.6024058],[-58.4160895,-34.5993917],[-58.4159885,-34.5978556],[-58.4150589,-34.5955925],[-58.4129508,-34.593963],[-58.4117579,-34.5923796],[-58.4095194,-34.5895267],[-58.407657,-34.5874926],[-58.4065866,-34.5863146],[-58.404037,-34.5834384],[-58.4045489,-34.5834476],[-58.4047052,-34.5826342],[-58.4048357,-34.5816903],[-58.4067484,-34.5809832],[-58.4081835,-34.5804585],[-58.4098435,-34.5798812],[-58.4109663,-34.5818075],[-58.4120552,-34.5818721],[-58.4112505,-34.5819225],[-58.412862,-34.5818293],[-58.414761,-34.5817151],[-58.4142519,-34.5817438],[-58.4160237,-34.5816437],[-58.4155477,-34.5816706],[-58.4190091,-34.581454],[-58.4181633,-34.581512]]}},{"type":"Feature","properties":{"linea":"128","linea_nombre":"Línea 128","ramal":"Principal","sentido":"IDA","subgrupo":"Línea 128","subgrupo_detalle":"Ramal Principal","color_hex":"#2563eb","operador":"El Puente S.A.T.","cabecera_inicio":"Jardín Botánico","cabecera_fin":"Valentín Alsina","nombre":"Línea 128 - Principal - IDA","numero":"128","categoria":"NACIONAL","subcategoria":"Principal","color":"#2563eb","descripcion":"Línea 128: Plaza Italia → Valentín Alsina","network":"NACIONAL","routeId":"osm:374958","source":"OpenStreetMap","license":"ODbL-1.0"},"geometry":{"type":"LineString","coordinates":[[-58.4191619,-34.5814435],[-58.4188952,-34.5814618],[-58.4168415,-34.5814368],[-58.4141154,-34.5796954],[-58.4124692,-34.5802074],[-58.4102975,-34.5808484],[-58.4086691,-34.5813617],[-58.4055807,-34.5823486],[-58.4064281,-34.5838566],[-58.4075732,-34.5854826],[-58.4080495,-34.5861589],[-58.4090865,-34.5876297],[-58.4097654,-34.5885886],[-58.4101728,-34.5891321],[-58.4121708,-34.5914999],[-58.4128812,-34.5923174],[-58.4143897,-34.5940471],[-58.4167501,-34.5955434],[-58.417271,-34.5978345],[-58.4177213,-34.5999734],[-58.4177966,-34.6009511],[-58.420614,-34.6007015],[-58.4209368,-34.602995],[-58.4211867,-34.6049035],[-58.4213563,-34.6066741],[-58.4215177,-34.608364],[-58.4213087,-34.6098148],[-58.421066,-34.6112405],[-58.4206313,-34.6131602],[-58.4200692,-34.6158501],[-58.4196717,-34.6175674],[-58.4172169,-34.6173732],[-58.4167294,-34.6185566],[-58.4165424,-34.6209731],[-58.4163905,-34.6224457],[-58.4161549,-34.6247077],[-58.4159773,-34.6269413],[-58.4159185,-34.6287101],[-58.4159254,-34.6307471],[-58.415945,-34.6313583],[-58.4160915,-34.6340463],[-58.4161919,-34.6360937],[-58.4158849,-34.6388984],[-58.4161055,-34.6396228],[-58.4160903,-34.6416923],[-58.4161092,-34.6430881],[-58.416126,-34.6441866],[-58.416146,-34.6452816],[-58.4161845,-34.6468588],[-58.4162103,-34.6481133],[-58.4164362,-34.6491087],[-58.4163813,-34.6496406],[-58.4164015,-34.6505393],[-58.4163989,-34.6509157],[-58.4164101,-34.6517508],[-58.4164153,-34.652246],[-58.4164245,-34.6532114],[-58.4164466,-34.6543958],[-58.4165614,-34.6549256],[-58.4165677,-34.6573286],[-58.4168387,-34.6603923],[-58.4172685,-34.6623775],[-58.4174601,-34.6633634],[-58.4177305,-34.6649354],[-58.4164212,-34.6659148],[-58.412332,-34.6689309],[-58.4139618,-34.6677198],[-58.415731,-34.6664147],[-58.412332,-34.6689309],[-58.4098875,-34.6707426],[-58.408719,-34.6716141],[-58.4098875,-34.6707426],[-58.408229,-34.6719764],[-58.4057591,-34.6738037],[-58.4049304,-34.6744053],[-58.4033082,-34.6756027],[-58.4021401,-34.6764622],[-58.4008867,-34.6774239],[-58.4000299,-34.6768446],[-58.399403,-34.6764272]]}},{"type":"Feature","properties":{"linea":"15","linea_nombre":"Línea 15","ramal":"Principal","sentido":"IDA","subgrupo":"Línea 15","subgrupo_detalle":"Ramal Principal","color_hex":"#2563eb","operador":"SurNor S.A.","cabecera_inicio":"Estación Benavidez","cabecera_fin":"Valentín Alsina","nombre":"Línea 15 - Principal - IDA","numero":"15","categoria":"NACIONAL","subcategoria":"Principal","color":"#2563eb","descripcion":"Línea 15: Benavidez→ Puente Alsina","network":"NACIONAL","routeId":"osm:1162996","source":"OpenStreetMap","license":"ODbL-1.0"},"geometry":{"type":"LineString","coordinates":[[-58.6989049,-34.4169988],[-58.6851021,-34.4096138],[-58.7017282,-34.413334],[-58.7092258,-34.4118767],[-58.7145509,-34.4120012],[-58.7213739,-34.4156111],[-58.7217621,-34.4187743],[-58.7133202,-34.4324043],[-58.7078373,-34.4386062],[-58.7055357,-34.4412472],[-58.6993591,-34.4491434],[-58.6919937,-34.458638],[-58.6877779,-34.4641623],[-58.6859354,-34.4674958],[-58.6894405,-34.4670191],[-58.691317,-34.4668835],[-58.6893321,-34.4676626],[-58.6801855,-34.471494],[-58.6695429,-34.4742636],[-58.6618752,-34.4762739],[-58.6556357,-34.4779845],[-58.6496824,-34.4795134],[-58.6429933,-34.4809926],[-58.6347188,-34.4827876],[-58.6255221,-34.4844094],[-58.6156652,-34.4856757],[-58.610301,-34.4862413],[-58.5896222,-34.4878539],[-58.5815818,-34.4888352],[-58.5717765,-34.4897279],[-58.5631279,-34.4924109],[-58.5563331,-34.4963679],[-58.5538512,-34.4984245],[-58.5458613,-34.5012388],[-58.5324705,-34.5074949],[-58.5261196,-34.5105631],[-58.5206831,-34.5143848],[-58.515414,-34.5190323],[-58.5111312,-34.5237467],[-58.5050418,-34.5323961],[-58.5011995,-34.5379516],[-58.4967869,-34.5426413],[-58.494476,-34.5472629],[-58.4919607,-34.5470274],[-58.4877422,-34.5450861],[-58.4834897,-34.54288],[-58.4797258,-34.5412239],[-58.4725892,-34.5378439],[-58.4678154,-34.535764],[-58.4662581,-34.5367618],[-58.4646749,-34.539352],[-58.4626238,-34.5420996],[-58.4610213,-34.5435832],[-58.4577774,-34.5463361],[-58.4554887,-34.5482474],[-58.4530185,-34.5504899],[-58.4501653,-34.5538127],[-58.4489072,-34.55739],[-58.4496942,-34.5589713],[-58.4468538,-34.5603337],[-58.4430643,-34.5632819],[-58.4387659,-34.5667006],[-58.4363386,-34.5695745],[-58.4339835,-34.5721008],[-58.429942,-34.5759973],[-58.4283687,-34.5775131],[-58.425314,-34.5787116],[-58.4226837,-34.5804312],[-58.4198842,-34.5824556],[-58.4173445,-34.5842039],[-58.4187778,-34.5869099],[-58.4244671,-34.5905797],[-58.4291724,-34.5937024],[-58.4365976,-34.5984757],[-58.4420747,-34.6018506],[-58.4423042,-34.6023089],[-58.4394285,-34.6054118],[-58.437235,-34.6086732],[-58.4304747,-34.6087415],[-58.4302132,-34.6156597],[-58.4279706,-34.6211592],[-58.4271706,-34.6251272],[-58.4263779,-34.6286891],[-58.425528,-34.6323562],[-58.4234988,-34.6401949],[-58.4184641,-34.647465],[-58.4163813,-34.6496406],[-58.41642,-34.6523488],[-58.4166323,-34.6586768],[-58.4177532,-34.6625811]]}},{"type":"Feature","properties":{"linea":"15","linea_nombre":"Línea 15","ramal":"Semirápido","sentido":"IDA","subgrupo":"Línea 15","subgrupo_detalle":"Ramal Semirápido","color_hex":"#2563eb","operador":"SurNor S.A.","cabecera_inicio":"Estación Pacheco","cabecera_fin":"Valentín Alsina","nombre":"Línea 15 - Semirápido - IDA","numero":"15","categoria":"NACIONAL","subcategoria":"Semirápido","color":"#2563eb","descripcion":"Línea 15 - Semirápido: Pacheco → Puente Alsina","network":"NACIONAL","routeId":"osm:3735804","source":"OpenStreetMap","license":"ODbL-1.0"},"geometry":{"type":"LineString","coordinates":[[-58.622813,-34.4544209],[-58.6306331,-34.4582505],[-58.6348152,-34.460512],[-58.6425591,-34.4646881],[-58.6534024,-34.4704912],[-58.6621367,-34.4752184],[-58.6646918,-34.4765297],[-58.6614621,-34.4763879],[-58.6537116,-34.4781086],[-58.6264991,-34.4837758],[-58.6157209,-34.4856668],[-58.6132607,-34.4860193],[-58.6064322,-34.4865405],[-58.5887458,-34.487888],[-58.5709664,-34.4896718],[-58.559282,-34.4937223],[-58.5538483,-34.4966483],[-58.5406458,-34.5032722],[-58.5250027,-34.5109428],[-58.5152392,-34.5189021],[-58.511227,-34.5232734],[-58.5054091,-34.5313044],[-58.4985691,-34.5406543],[-58.4958877,-34.5440127],[-58.4942483,-34.5465404],[-58.4919257,-34.5466609],[-58.4866283,-34.5442701],[-58.4774721,-34.5401334],[-58.4722129,-34.5376337],[-58.4679729,-34.5357945],[-58.4669008,-34.5359015],[-58.4660571,-34.5370936],[-58.4653184,-34.5383064],[-58.4634514,-34.541314],[-58.4626238,-34.5420996],[-58.4598907,-34.5446178],[-58.4589609,-34.5453764],[-58.4569517,-34.5469956],[-58.45542,-34.5483793],[-58.4532645,-34.5502029],[-58.4513703,-34.5524236],[-58.4493149,-34.5548041],[-58.4489072,-34.55739],[-58.450221,-34.5586604],[-58.4493011,-34.5592054],[-58.4467026,-34.5603891],[-58.4433707,-34.5630379],[-58.4404709,-34.5652625],[-58.4379661,-34.567438],[-58.4363726,-34.5695372],[-58.4347067,-34.5713429],[-58.4333417,-34.5727626],[-58.4296686,-34.5762447],[-58.4290569,-34.5773148],[-58.4268237,-34.5780047],[-58.4248677,-34.5789576],[-58.4231518,-34.5801114],[-58.4208256,-34.5817753],[-58.4191634,-34.5829505],[-58.4173445,-34.5842039],[-58.4170312,-34.585818],[-58.4209222,-34.5882706],[-58.424919,-34.5908677],[-58.4287046,-34.5933899],[-58.4333773,-34.5964027],[-58.4375885,-34.5991105],[-58.4419757,-34.6018205],[-58.4433183,-34.6018527],[-58.4411696,-34.6028282],[-58.439384,-34.6054874],[-58.4372476,-34.6085638],[-58.4347144,-34.6087566],[-58.4304135,-34.609493],[-58.4300407,-34.6154459],[-58.4285223,-34.618632],[-58.4278892,-34.6215875],[-58.4271706,-34.6251272],[-58.4266977,-34.627263],[-58.4257947,-34.6313327],[-58.4252116,-34.6338068],[-58.4239183,-34.6385677],[-58.4211054,-34.6448978],[-58.4191831,-34.647135],[-58.4163783,-34.6495451],[-58.4164109,-34.6517154],[-58.4164418,-34.6540807],[-58.4167143,-34.6594536],[-58.4177532,-34.6625811]]}},{"type":"Feature","properties":{"linea":"15","linea_nombre":"Línea 15","ramal":"Semirápido","sentido":"IDA","subgrupo":"Línea 15","subgrupo_detalle":"Ramal Semirápido","color_hex":"#2563eb","operador":"SurNor S.A.","cabecera_inicio":"Termina Puente Alsina","cabecera_fin":"Estación Benavidez","nombre":"Línea 15 - Semirápido - IDA","numero":"15","categoria":"NACIONAL","subcategoria":"Semirápido","color":"#2563eb","descripcion":"Línea 15 - Semirápido: Puente Alsina → Pacheco","network":"NACIONAL","routeId":"osm:3735805","source":"OpenStreetMap","license":"ODbL-1.0"},"geometry":{"type":"LineString","coordinates":[[-58.4164335,-34.6619315],[-58.4167776,-34.6607194],[-58.4163748,-34.6564544],[-58.4163395,-34.6524037],[-58.416308,-34.6500205],[-58.4160336,-34.6480544],[-58.4164983,-34.6482663],[-58.421955,-34.6439041],[-58.4244807,-34.6362057],[-58.4257947,-34.6313327],[-58.4269163,-34.6262631],[-58.427497,-34.6236061],[-58.4284097,-34.6186209],[-58.4300407,-34.6154459],[-58.4331908,-34.6159578],[-58.4353486,-34.6113889],[-58.4335456,-34.608297],[-58.4326727,-34.6066145],[-58.4340004,-34.6047755],[-58.4365767,-34.6042942],[-58.4421375,-34.6023643],[-58.4419757,-34.6018205],[-58.4375885,-34.5991105],[-58.4344432,-34.5970928],[-58.4303372,-34.5944596],[-58.4288146,-34.5934634],[-58.4251213,-34.5910027],[-58.4221741,-34.5890719],[-58.4194746,-34.5873364],[-58.4170312,-34.585818],[-58.4182457,-34.5835809],[-58.4197049,-34.5825787],[-58.4202356,-34.5821565],[-58.4201975,-34.5814528],[-58.4211025,-34.580705],[-58.4229015,-34.5801261],[-58.4250609,-34.5787754],[-58.426831,-34.5778848],[-58.4291906,-34.5766719],[-58.4340874,-34.5719944],[-58.4321649,-34.5739749],[-58.4365713,-34.5693152],[-58.4370193,-34.5688184],[-58.4380897,-34.5673138],[-58.4400614,-34.5656229],[-58.4412485,-34.5645993],[-58.4446347,-34.5620073],[-58.4472873,-34.5601842],[-58.4491729,-34.5589956],[-58.4475113,-34.5569017],[-58.4500661,-34.5539278],[-58.4509755,-34.5528694],[-58.4523781,-34.5512446],[-58.4546309,-34.5488726],[-58.4571497,-34.5468456],[-58.4597739,-34.5447248],[-58.4624084,-34.5422977],[-58.4646749,-34.539352],[-58.4662581,-34.5367618],[-58.4667157,-34.5354856],[-58.4666591,-34.5350313],[-58.4674814,-34.5349254],[-58.4725084,-34.5373215],[-58.4748886,-34.5379051],[-58.4795347,-34.5404538],[-58.4893437,-34.5443677],[-58.4931326,-34.5459046],[-58.4954581,-34.5438116],[-58.5000137,-34.5387],[-58.510611,-34.5237195],[-58.51654,-34.517321],[-58.5264026,-34.5099255],[-58.550131,-34.498615],[-58.5587824,-34.4937111],[-58.5733831,-34.4889953],[-58.5933455,-34.4871547],[-58.6107917,-34.485645],[-58.614885,-34.4848772],[-58.6209411,-34.4843656],[-58.6524007,-34.4781605],[-58.6573523,-34.4764413],[-58.6601897,-34.4755067],[-58.6611731,-34.4747442],[-58.6533523,-34.4705577],[-58.6419658,-34.464417],[-58.6347882,-34.4605985],[-58.6283338,-34.4571095],[-58.6246938,-34.4552307],[-58.622466,-34.4547038]]}},{"type":"Feature","properties":{"linea":"15","linea_nombre":"Línea 15","ramal":"Principal","sentido":"IDA","subgrupo":"Línea 15","subgrupo_detalle":"Ramal Principal","color_hex":"#2563eb","operador":"SurNor S.A.","cabecera_inicio":"Termina Puente Alsina","cabecera_fin":"Estación Benavidez","nombre":"Línea 15 - Principal - IDA","numero":"15","categoria":"NACIONAL","subcategoria":"Principal","color":"#2563eb","descripcion":"Línea 15: Puente Alsina → Pacheco","network":"NACIONAL","routeId":"osm:3735807","source":"OpenStreetMap","license":"ODbL-1.0"},"geometry":{"type":"LineString","coordinates":[[-58.4164335,-34.6619315],[-58.4165821,-34.6594557],[-58.4163271,-34.6548612],[-58.41632,-34.6517444],[-58.4161964,-34.6485648],[-58.4163463,-34.6482466],[-58.4211054,-34.6448978],[-58.4245073,-34.6361059],[-58.4259213,-34.6307452],[-58.4268944,-34.6261146],[-58.4279396,-34.6213269],[-58.4290889,-34.615852],[-58.4328899,-34.6165881],[-58.4353486,-34.6113889],[-58.4334442,-34.6082243],[-58.4329393,-34.6058273],[-58.4352292,-34.6043378],[-58.4401062,-34.6031816],[-58.442239,-34.6020286],[-58.4389123,-34.5999637],[-58.4355162,-34.5977922],[-58.4308084,-34.5947603],[-58.428644,-34.5933494],[-58.4231959,-34.5897289],[-58.4201666,-34.5877789],[-58.4165012,-34.5854849],[-58.4182457,-34.5835809],[-58.4194648,-34.5827436],[-58.4203907,-34.5819032],[-58.4203262,-34.5810578],[-58.4221211,-34.5805255],[-58.4243145,-34.5792182],[-58.4266434,-34.5779375],[-58.429114,-34.5767444],[-58.4338059,-34.5722827],[-58.4352547,-34.5707572],[-58.4361529,-34.5697781],[-58.437667,-34.5678609],[-58.4403659,-34.565351],[-58.4412485,-34.5645993],[-58.4446347,-34.5620073],[-58.4479778,-34.5598174],[-58.4482572,-34.5584461],[-58.449262,-34.5548658],[-58.4509277,-34.5529273],[-58.4527101,-34.5508533],[-58.4547054,-34.5488093],[-58.4573872,-34.5466528],[-58.4613042,-34.543324],[-58.4634514,-34.541314],[-58.4658171,-34.5374909],[-58.466709,-34.5355596],[-58.4666591,-34.5350313],[-58.4677897,-34.5350405],[-58.4732336,-34.5374808],[-58.4777354,-34.5392036],[-58.4807537,-34.5406135],[-58.4813277,-34.5410786],[-58.4900196,-34.544662],[-58.4936837,-34.5457675],[-58.4965032,-34.5425849],[-58.5017792,-34.5357855],[-58.5076136,-34.5273387],[-58.512274,-34.5212522],[-58.5185037,-34.5151732],[-58.5210596,-34.5127341],[-58.5268526,-34.509332],[-58.5369309,-34.5045548],[-58.5457926,-34.5000564],[-58.5520886,-34.4965904],[-58.5545932,-34.4946456],[-58.5566968,-34.493673],[-58.5654975,-34.4909906],[-58.5702101,-34.4893897],[-58.5813514,-34.4878508],[-58.5892304,-34.4876532],[-58.6086194,-34.4859079],[-58.614885,-34.4848772],[-58.6234985,-34.4836253],[-58.6280393,-34.4829714],[-58.6367154,-34.4812757],[-58.6452642,-34.4793978],[-58.6525051,-34.4777437],[-58.6584251,-34.4762099],[-58.6603493,-34.4753109],[-58.6581455,-34.4731273],[-58.645496,-34.4663354],[-58.6351103,-34.460776],[-58.6283338,-34.4571095],[-58.6244323,-34.4551232],[-58.622466,-34.4547038]]}},{"type":"Feature","properties":{"linea":"15","linea_nombre":"Línea 15","ramal":"Principal","sentido":"IDA","subgrupo":"Línea 15","subgrupo_detalle":"Ramal Principal","color_hex":"#2563eb","operador":"SurNor S.A.","cabecera_inicio":"Estación Benavidez","cabecera_fin":"Valentín Alsina","nombre":"Línea 15 - Principal - IDA","numero":"15","categoria":"NACIONAL","subcategoria":"Principal","color":"#2563eb","descripcion":"Línea 15: Pacheco → Puente Alsina","network":"NACIONAL","routeId":"osm:3735806","source":"OpenStreetMap","license":"ODbL-1.0"},"geometry":{"type":"LineString","coordinates":[[-58.622813,-34.4544209],[-58.6314322,-34.4586834],[-58.6371993,-34.461784],[-58.6507989,-34.4690955],[-58.6621367,-34.4752184],[-58.6654017,-34.4753566],[-58.6584455,-34.4772273],[-58.6543021,-34.4782737],[-58.647942,-34.479873],[-58.6419704,-34.4812171],[-58.6347781,-34.4827816],[-58.6264102,-34.4843256],[-58.6191351,-34.4851958],[-58.6139202,-34.4859256],[-58.6039832,-34.4868412],[-58.5844173,-34.4883374],[-58.5800797,-34.4887441],[-58.5701336,-34.4902579],[-58.5631279,-34.4924109],[-58.5566977,-34.4958884],[-58.5541441,-34.4982742],[-58.5477053,-34.5003855],[-58.5376614,-34.5049253],[-58.5304368,-34.5084336],[-58.5245476,-34.5114437],[-58.5200682,-34.5148913],[-58.5152909,-34.5192144],[-58.5111399,-34.5237348],[-58.5061688,-34.5306273],[-58.503085,-34.5350585],[-58.4990472,-34.5405296],[-58.4957422,-34.5442696],[-58.4935667,-34.5479942],[-58.4915435,-34.5467412],[-58.4876179,-34.5450208],[-58.4834897,-34.54288],[-58.4801349,-34.5416408],[-58.474345,-34.5387671],[-58.4682651,-34.5358909],[-58.4669008,-34.5359015],[-58.4653184,-34.5383064],[-58.4644218,-34.5397538],[-58.4620076,-34.5426707],[-58.4598907,-34.5446178],[-58.4574376,-34.5466119],[-58.4557471,-34.5480217],[-58.4540758,-34.5495557],[-58.4513703,-34.5524236],[-58.4485978,-34.5556386],[-58.4504529,-34.5583372],[-58.4487886,-34.5595108],[-58.4467026,-34.5603891],[-58.4430643,-34.5632819],[-58.4393854,-34.566161],[-58.4370193,-34.5688184],[-58.4347067,-34.5713429],[-58.4325205,-34.5736124],[-58.4290887,-34.5768089],[-58.4275137,-34.5777887],[-58.4248677,-34.5789576],[-58.4226495,-34.5804545],[-58.4199626,-34.5824018],[-58.4176692,-34.5839795],[-58.4170312,-34.585818],[-58.4220417,-34.5889837],[-58.4268577,-34.592163],[-58.4309113,-34.594826],[-58.4375885,-34.5991105],[-58.4422351,-34.6019197],[-58.4423042,-34.6023089],[-58.4400338,-34.6045167],[-58.4372476,-34.6085638],[-58.4340104,-34.6087504],[-58.4301088,-34.613553],[-58.4285898,-34.6180784],[-58.4278892,-34.6215875],[-58.4270898,-34.6257278],[-58.426221,-34.6293926],[-58.4251881,-34.6336993],[-58.4239183,-34.6385677],[-58.420135,-34.6460218],[-58.4164645,-34.6484039],[-58.4163989,-34.6509157],[-58.4164418,-34.6540807],[-58.4170284,-34.6612567],[-58.4177532,-34.6625811]]}},{"type":"Feature","properties":{"linea":"15","linea_nombre":"Línea 15","ramal":"Semirápido","sentido":"IDA","subgrupo":"Línea 15","subgrupo_detalle":"Ramal Semirápido","color_hex":"#2563eb","operador":"SurNor S.A.","cabecera_inicio":"Estación Benavidez","cabecera_fin":"Valentín Alsina","nombre":"Línea 15 - Semirápido - IDA","numero":"15","categoria":"NACIONAL","subcategoria":"Semirápido","color":"#2563eb","descripcion":"Línea 15 - Semirápido: Benavidez → Puente Alsina","network":"NACIONAL","routeId":"osm:3751922","source":"OpenStreetMap","license":"ODbL-1.0"},"geometry":{"type":"LineString","coordinates":[[-58.6989049,-34.4169988],[-58.6880065,-34.4111785],[-58.7013646,-34.4138555],[-58.7020041,-34.4133227],[-58.7092607,-34.4118695],[-58.7137108,-34.4115389],[-58.7195305,-34.4146482],[-58.7237148,-34.416974],[-58.7204763,-34.4203466],[-58.7134514,-34.4318132],[-58.7101948,-34.4363985],[-58.7069771,-34.4397201],[-58.7037128,-34.443587],[-58.6999466,-34.4481633],[-58.6919775,-34.4579023],[-58.6852408,-34.4674024],[-58.6824124,-34.4701999],[-58.6757266,-34.4719663],[-58.6497543,-34.4790096],[-58.6174401,-34.4850517],[-58.5924743,-34.4878184],[-58.5735115,-34.4891663],[-58.5620628,-34.4926935],[-58.554479,-34.4961432],[-58.5406458,-34.5032722],[-58.5240789,-34.5115433],[-58.514543,-34.5195755],[-58.5106983,-34.5240035],[-58.5005792,-34.5383089],[-58.4970557,-34.5422513],[-58.4948831,-34.5458282],[-58.4930341,-34.5468849],[-58.489367,-34.5456918],[-58.4789593,-34.5406751],[-58.4725892,-34.5378439],[-58.4680206,-34.5358093],[-58.4669008,-34.5359015],[-58.4661214,-34.5369874],[-58.4648485,-34.5390757],[-58.463236,-34.5415336],[-58.4616646,-34.5429893],[-58.4589609,-34.5453764],[-58.458129,-34.5460507],[-58.4559541,-34.5478435],[-58.4541715,-34.5494705],[-58.4517162,-34.5520266],[-58.4498614,-34.5541666],[-58.4486599,-34.557242],[-58.450221,-34.5586604],[-58.4494166,-34.5591351],[-58.4462318,-34.5607091],[-58.4430643,-34.5632819],[-58.4398266,-34.5658159],[-58.4374369,-34.5682009],[-58.4358489,-34.5701113],[-58.4338812,-34.5722056],[-58.4317006,-34.5744007],[-58.4290967,-34.5771411],[-58.4269462,-34.5779687],[-58.4250001,-34.5788789],[-58.4231518,-34.5801114],[-58.4207694,-34.5818518],[-58.4188957,-34.5831343],[-58.4167441,-34.5846218],[-58.4182695,-34.5865923],[-58.4223936,-34.5892203],[-58.4268577,-34.592163],[-58.4304658,-34.5945417],[-58.4365976,-34.5984757],[-58.4399631,-34.6006035],[-58.4430726,-34.6016764],[-58.4412058,-34.6027912],[-58.439384,-34.6054874],[-58.4372349,-34.6086045],[-58.4342541,-34.6087541],[-58.4302341,-34.6119023],[-58.4287719,-34.6171864],[-58.4283059,-34.6194182],[-58.4277963,-34.6220678],[-58.426843,-34.6265878],[-58.4259965,-34.6304434],[-58.4251881,-34.6336993],[-58.4240408,-34.6380925],[-58.4227772,-34.642961],[-58.4191831,-34.647135],[-58.4163813,-34.6496406],[-58.4164076,-34.6517798],[-58.4165704,-34.6547482],[-58.4172228,-34.6621512],[-58.4177532,-34.6625811]]}},{"type":"Feature","properties":{"linea":"15","linea_nombre":"Línea 15","ramal":"Semirápido","sentido":"IDA","subgrupo":"Línea 15","subgrupo_detalle":"Ramal Semirápido","color_hex":"#2563eb","operador":"SurNor S.A.","cabecera_inicio":"Termina Puente Alsina","cabecera_fin":"Estación Benavidez","nombre":"Línea 15 - Semirápido - IDA","numero":"15","categoria":"NACIONAL","subcategoria":"Semirápido","color":"#2563eb","descripcion":"Línea 15 - Semirápido: Puente Alsina → Benavidez","network":"NACIONAL","routeId":"osm:3751923","source":"OpenStreetMap","license":"ODbL-1.0"},"geometry":{"type":"LineString","coordinates":[[-58.4164335,-34.6619315],[-58.4165821,-34.6594557],[-58.4163271,-34.6548612],[-58.41632,-34.6517444],[-58.4161964,-34.6485648],[-58.4163463,-34.6482466],[-58.4211054,-34.6448978],[-58.4245073,-34.6361059],[-58.4259213,-34.6307452],[-58.4268944,-34.6261146],[-58.4279396,-34.6213269],[-58.4290889,-34.615852],[-58.4328899,-34.6165881],[-58.4353486,-34.6113889],[-58.4334442,-34.6082243],[-58.4329393,-34.6058273],[-58.4352292,-34.6043378],[-58.4401062,-34.6031816],[-58.442239,-34.6020286],[-58.4389123,-34.5999637],[-58.4355162,-34.5977922],[-58.4308084,-34.5947603],[-58.428644,-34.5933494],[-58.4231959,-34.5897289],[-58.4201666,-34.5877789],[-58.4165012,-34.5854849],[-58.4182457,-34.5835809],[-58.4194648,-34.5827436],[-58.4203907,-34.5819032],[-58.4203262,-34.5810578],[-58.4221211,-34.5805255],[-58.4243145,-34.5792182],[-58.4266434,-34.5779375],[-58.429114,-34.5767444],[-58.4338059,-34.5722827],[-58.4352547,-34.5707572],[-58.4361529,-34.5697781],[-58.437667,-34.5678609],[-58.4403659,-34.565351],[-58.4412485,-34.5645993],[-58.4446347,-34.5620073],[-58.4479778,-34.5598174],[-58.4482572,-34.5584461],[-58.449262,-34.5548658],[-58.4509277,-34.5529273],[-58.4527101,-34.5508533],[-58.4547054,-34.5488093],[-58.4573872,-34.5466528],[-58.4613042,-34.543324],[-58.4634514,-34.541314],[-58.4658171,-34.5374909],[-58.466709,-34.5355596],[-58.4666591,-34.5350313],[-58.4677897,-34.5350405],[-58.4732336,-34.5374808],[-58.4777354,-34.5392036],[-58.4849717,-34.5427086],[-58.4927143,-34.5459081],[-58.4954199,-34.5438618],[-58.5002695,-34.538346],[-58.5119939,-34.5219056],[-58.5223009,-34.5124863],[-58.5367659,-34.504907],[-58.5562964,-34.4947779],[-58.5720242,-34.4892627],[-58.5933455,-34.4871547],[-58.6119225,-34.4854749],[-58.616225,-34.4846979],[-58.6338428,-34.4822908],[-58.6562271,-34.476909],[-58.660097,-34.4756214],[-58.660327,-34.4755816],[-58.6689878,-34.4731335],[-58.6755525,-34.471428],[-58.6830513,-34.4675576],[-58.6870478,-34.4630947],[-58.689559,-34.4597531],[-58.69423,-34.4537583],[-58.6989605,-34.4476384],[-58.7039769,-34.44142],[-58.7058519,-34.4389184],[-58.7101199,-34.4352896],[-58.71296,-34.4328468],[-58.7147838,-34.427438],[-58.7226671,-34.4164335],[-58.7137108,-34.4115389],[-58.7197185,-34.4147473],[-58.7020866,-34.4135048],[-58.7003618,-34.4152702],[-58.6901204,-34.4123033],[-58.6850535,-34.4095658]]}},{"type":"Feature","properties":{"linea":"15","linea_nombre":"Línea 15","ramal":"Principal","sentido":"IDA","subgrupo":"Línea 15","subgrupo_detalle":"Ramal Principal","color_hex":"#2563eb","operador":"SurNor S.A.","cabecera_inicio":"Termina Puente Alsina","cabecera_fin":"Estación Benavidez","nombre":"Línea 15 - Principal - IDA","numero":"15","categoria":"NACIONAL","subcategoria":"Principal","color":"#2563eb","descripcion":"Línea 15: Puente Alsina → Benavidez","network":"NACIONAL","routeId":"osm:1162980","source":"OpenStreetMap","license":"ODbL-1.0"},"geometry":{"type":"LineString","coordinates":[[-58.4164335,-34.6619315],[-58.4164846,-34.6585297],[-58.4163529,-34.6532456],[-58.4163057,-34.6498538],[-58.4162103,-34.6481133],[-58.4211054,-34.6448978],[-58.4248277,-34.6348545],[-58.4264623,-34.6283035],[-58.4277142,-34.6224625],[-58.4286479,-34.6177278],[-58.4328899,-34.6165881],[-58.4360404,-34.6090549],[-58.4327456,-34.6072553],[-58.4340004,-34.6047755],[-58.4391955,-34.6035855],[-58.442239,-34.6020286],[-58.4385027,-34.599707],[-58.4344432,-34.5970928],[-58.4287046,-34.5933899],[-58.4244671,-34.5905797],[-58.4201666,-34.5877789],[-58.4171528,-34.5858944],[-58.4174057,-34.5841616],[-58.4200499,-34.5823403],[-58.4202255,-34.5812549],[-58.4221211,-34.5805255],[-58.4250609,-34.5787754],[-58.4276234,-34.5776333],[-58.4313005,-34.5747558],[-58.435741,-34.5702284],[-58.4361529,-34.5697781],[-58.4374319,-34.5682086],[-58.4403659,-34.565351],[-58.4429475,-34.5633752],[-58.4474659,-34.5601211],[-58.4482572,-34.5584461],[-58.4485307,-34.5557166],[-58.4513703,-34.5524236],[-58.4538817,-34.5495513],[-58.4571497,-34.5468456],[-58.4613042,-34.543324],[-58.4643403,-34.5398829],[-58.4663601,-34.5365949],[-58.4666365,-34.5352636],[-58.4673862,-34.5349022],[-58.4732336,-34.5374808],[-58.4782701,-34.5395563],[-58.4800951,-34.5402764],[-58.4849717,-34.5427086],[-58.4931326,-34.5459046],[-58.4965032,-34.5425849],[-58.5029229,-34.5339544],[-58.5104267,-34.5236185],[-58.5153951,-34.51798],[-58.5204698,-34.5131895],[-58.5268526,-34.509332],[-58.5376386,-34.5042714],[-58.5490905,-34.4984763],[-58.5535834,-34.4952979],[-58.5563029,-34.4937569],[-58.5654975,-34.4909906],[-58.5748439,-34.4887996],[-58.5829477,-34.4877879],[-58.6029899,-34.4865458],[-58.6143836,-34.484951],[-58.6234985,-34.4836253],[-58.6293146,-34.4827617],[-58.6407227,-34.480492],[-58.6506951,-34.4780278],[-58.6571339,-34.4763911],[-58.6603493,-34.4753109],[-58.6669489,-34.473801],[-58.6748537,-34.4716238],[-58.6834463,-34.4672328],[-58.6879896,-34.461937],[-58.6909645,-34.4580789],[-58.698605,-34.4482068],[-58.7034519,-34.442092],[-58.7059816,-34.4388151],[-58.7109579,-34.4349304],[-58.7136822,-34.4298105],[-58.7225475,-34.4168941],[-58.7134437,-34.4114095],[-58.7119382,-34.4113982],[-58.7018381,-34.413643],[-58.6970183,-34.4159905],[-58.6850535,-34.4095658]]}},{"type":"Feature","properties":{"linea":"154","linea_nombre":"Línea 154","ramal":"Principal","sentido":"IDA","subgrupo":"Línea 154","subgrupo_detalle":"Ramal Principal","color_hex":"#2563eb","operador":"Micro Ómnibus 45 S.A.","cabecera_inicio":"Estación Constitución","cabecera_fin":"Estación Lanús","nombre":"Línea 154 - Principal - IDA","numero":"154","categoria":"NACIONAL","subcategoria":"Principal","color":"#2563eb","descripcion":"Línea 154: Constitución → Lanús","network":"NACIONAL","routeId":"osm:16327041","source":"OpenStreetMap","license":"ODbL-1.0"},"geometry":{"type":"LineString","coordinates":[[-58.379275,-34.6286562],[-58.3790872,-34.629185],[-58.3786871,-34.6302611],[-58.3785419,-34.6303106],[-58.3782958,-34.6303288],[-58.3781036,-34.6302749],[-58.3772083,-34.6298577],[-58.3763406,-34.6318762],[-58.3755195,-34.6341828],[-58.3752664,-34.6352582],[-58.3749348,-34.6370505],[-58.3747862,-34.6378528],[-58.3744465,-34.6397096],[-58.3740969,-34.6415911],[-58.3739487,-34.6424373],[-58.3732192,-34.6463044],[-58.372938,-34.6480315],[-58.3727643,-34.6490084],[-58.3727899,-34.6491768],[-58.3732766,-34.6493846],[-58.3740804,-34.649721],[-58.3741503,-34.6498492],[-58.3741403,-34.6499673],[-58.374061,-34.6500948],[-58.3736383,-34.6503776],[-58.3733203,-34.6506462],[-58.3730841,-34.6509481],[-58.3721548,-34.6529302],[-58.3711524,-34.6559612],[-58.370734,-34.6566796],[-58.370439,-34.6571683],[-58.3703236,-34.6575313],[-58.3703565,-34.6582753],[-58.3703504,-34.6584587],[-58.3702472,-34.6586573],[-58.3700372,-34.6590281],[-58.3702508,-34.6594356],[-58.3702149,-34.65961],[-58.3692885,-34.6603156],[-58.3680434,-34.6619],[-58.3675541,-34.6626006],[-58.366626,-34.664037],[-58.366094,-34.6648649],[-58.3655463,-34.6657005],[-58.3653162,-34.6660623],[-58.3649138,-34.6666948],[-58.3643561,-34.6675194],[-58.3639885,-34.668085],[-58.3637756,-34.6684057],[-58.3626593,-34.6700275],[-58.3625828,-34.6701454],[-58.3611551,-34.672363],[-58.3616,-34.6727561],[-58.3615958,-34.6729474],[-58.3611987,-34.6732225],[-58.3591197,-34.6743388],[-58.358147,-34.6748695],[-58.3564878,-34.6762303],[-58.3539539,-34.6783421],[-58.3557244,-34.6798739],[-58.3577461,-34.6816449],[-58.3600278,-34.683652],[-58.3610278,-34.6845266],[-58.3616255,-34.6840538],[-58.3617492,-34.6839487],[-58.3619071,-34.6843056],[-58.3644953,-34.6866515],[-58.3667694,-34.6886547],[-58.3675369,-34.6893456],[-58.3722585,-34.6933874],[-58.3685801,-34.6902362],[-58.3783813,-34.6976393],[-58.3749319,-34.6953487],[-58.3790066,-34.6981253],[-58.3799888,-34.6976775],[-58.3814536,-34.6980289],[-58.3801779,-34.6990479],[-58.377792,-34.7013242],[-58.3803802,-34.7035498],[-58.3842108,-34.7067095],[-58.3876813,-34.7069549],[-58.3896363,-34.7055813],[-58.3898909,-34.7062628],[-58.390133,-34.7069044],[-58.3904434,-34.7077385],[-58.3906192,-34.7082251],[-58.390769,-34.7086606]]}},{"type":"Feature","properties":{"linea":"154","linea_nombre":"Línea 154","ramal":"Principal","sentido":"IDA","subgrupo":"Línea 154","subgrupo_detalle":"Ramal Principal","color_hex":"#2563eb","operador":"Micro Ómnibus 45 S.A.","cabecera_inicio":"Estación Lanús","cabecera_fin":"Estación Constitución","nombre":"Línea 154 - Principal - IDA","numero":"154","categoria":"NACIONAL","subcategoria":"Principal","color":"#2563eb","descripcion":"Línea 154: Lanús → Constitución","network":"NACIONAL","routeId":"osm:16327039","source":"OpenStreetMap","license":"ODbL-1.0"},"geometry":{"type":"LineString","coordinates":[[-58.390769,-34.7086606],[-58.3909883,-34.7100826],[-58.3875262,-34.7112016],[-58.3842269,-34.708058],[-58.3806225,-34.7049221],[-58.3784959,-34.702033],[-58.3803888,-34.6992071],[-58.3790066,-34.6981253],[-58.3760854,-34.6960503],[-58.3725886,-34.6936749],[-58.3695747,-34.6910791],[-58.3660073,-34.687981],[-58.3635626,-34.68581],[-58.3617646,-34.6841788],[-58.360221,-34.6851898],[-58.3569882,-34.6825702],[-58.3548643,-34.6807024],[-58.3527072,-34.6793568],[-58.3539539,-34.6783421],[-58.354951,-34.677494],[-58.3564878,-34.6762303],[-58.3582377,-34.6748022],[-58.3569279,-34.6758749],[-58.3598732,-34.6739321],[-58.3597352,-34.6737675],[-58.3601407,-34.6734062],[-58.3606521,-34.6729079],[-58.3612514,-34.6719882],[-58.3625828,-34.6701454],[-58.3634838,-34.6688387],[-58.363888,-34.6682392],[-58.3599855,-34.6656365],[-58.3606437,-34.6647168],[-58.3614095,-34.6643291],[-58.3629078,-34.6635917],[-58.3642767,-34.662908],[-58.3649454,-34.6624135],[-58.3662625,-34.661428],[-58.3668844,-34.6609446],[-58.3681918,-34.6599657],[-58.3696468,-34.6589568],[-58.3701093,-34.6586032],[-58.3701937,-34.6584426],[-58.3702069,-34.6580994],[-58.3701858,-34.6575208],[-58.3702747,-34.6571819],[-58.3707253,-34.6564113],[-58.3710884,-34.6556022],[-58.3722045,-34.6518634],[-58.3725672,-34.6502244],[-58.3726544,-34.6496926],[-58.3726243,-34.6492366],[-58.3726314,-34.6489102],[-58.3728263,-34.6478102],[-58.3729446,-34.6471015],[-58.3732289,-34.6456626],[-58.373834,-34.6424196],[-58.3742009,-34.6405216],[-58.3745262,-34.6386937],[-58.3746876,-34.6378413],[-58.375018,-34.6360844],[-58.3752845,-34.63466],[-58.3756355,-34.6334936],[-58.3760967,-34.6321594],[-58.3772309,-34.6297358],[-58.3776016,-34.6291641],[-58.3781262,-34.628293],[-58.3785081,-34.6274768],[-58.3786566,-34.6270741],[-58.3790084,-34.6262968],[-58.3791162,-34.6262345],[-58.3793711,-34.6261616],[-58.3799894,-34.6267969],[-58.3797391,-34.6274015],[-58.3794839,-34.6280622],[-58.3793196,-34.6285296],[-58.379275,-34.6286562]]}},{"type":"Feature","properties":{"linea":"158","linea_nombre":"Línea 158","ramal":"Principal","sentido":"IDA","subgrupo":"Línea 158","subgrupo_detalle":"Ramal Principal","color_hex":"#2563eb","operador":"El Puente S.A.T.","cabecera_inicio":"Estación Lanús","cabecera_fin":"","nombre":"Línea 158 - Principal - IDA","numero":"158","categoria":"NACIONAL","subcategoria":"Principal","color":"#2563eb","descripcion":"Línea 158: Lanús → Hospitales","network":"NACIONAL","routeId":"osm:18670208","source":"OpenStreetMap","license":"ODbL-1.0"},"geometry":{"type":"LineString","coordinates":[[-58.3913543,-34.7075941],[-58.3913489,-34.7073303],[-58.39134,-34.70697],[-58.3914152,-34.7068635],[-58.3915509,-34.7067604],[-58.3921662,-34.7067531],[-58.3927014,-34.7067621],[-58.3943972,-34.7067075],[-58.3981636,-34.7067224],[-58.398952,-34.707492],[-58.4000327,-34.707265],[-58.401149,-34.7069326],[-58.4046669,-34.7058674],[-58.4048078,-34.7058288],[-58.405394,-34.7057406],[-58.4082098,-34.7053457],[-58.4106679,-34.7050195],[-58.4140108,-34.7045717],[-58.4156472,-34.7043398],[-58.418038,-34.7014826],[-58.419813,-34.6994266],[-58.4206762,-34.6984343],[-58.421845,-34.6970515],[-58.4236101,-34.694672],[-58.4239175,-34.6920302],[-58.4228303,-34.6913867],[-58.4216876,-34.6908668],[-58.4240745,-34.6895761],[-58.4246947,-34.688732],[-58.4269368,-34.6855943],[-58.4279885,-34.68411],[-58.4284482,-34.6834903],[-58.4299274,-34.6814014],[-58.4311073,-34.6797619],[-58.428705,-34.6790123],[-58.4281974,-34.6776313],[-58.430001,-34.6751124],[-58.4288904,-34.6745647],[-58.4193127,-34.6698019],[-58.4215599,-34.6709287],[-58.4233348,-34.6718339],[-58.4266943,-34.6734946],[-58.418974,-34.6696548],[-58.4171456,-34.6686495],[-58.4171865,-34.6679313],[-58.4173402,-34.6667893],[-58.4175562,-34.6653892],[-58.4175968,-34.665065],[-58.4175998,-34.6648763],[-58.4173132,-34.6632897],[-58.4171834,-34.6625691],[-58.4169048,-34.6612726],[-58.4165821,-34.6594557],[-58.4164846,-34.6585297],[-58.4164247,-34.6573465],[-58.4163726,-34.6568277],[-58.4163608,-34.6560212],[-58.4163271,-34.6548612],[-58.4163586,-34.6538832],[-58.4163529,-34.6532456],[-58.4163395,-34.6524037],[-58.4163322,-34.6521348],[-58.41632,-34.6517444],[-58.4163115,-34.650917],[-58.4163122,-34.6503036],[-58.4163057,-34.6498538],[-58.4163092,-34.6495435],[-58.4161964,-34.6485648],[-58.41615,-34.6482766],[-58.4159257,-34.6478922],[-58.4155639,-34.647366],[-58.4145163,-34.6456792],[-58.414156,-34.6449682],[-58.4140277,-34.6446996],[-58.4135901,-34.6437259],[-58.4132968,-34.6430902],[-58.413077,-34.6425758],[-58.4127132,-34.6417296],[-58.4123957,-34.6408991],[-58.4116378,-34.6412906]]}},{"type":"Feature","properties":{"linea":"158","linea_nombre":"Línea 158","ramal":"Principal","sentido":"IDA","subgrupo":"Línea 158","subgrupo_detalle":"Ramal Principal","color_hex":"#2563eb","operador":"El Puente S.A.T.","cabecera_inicio":"Centro de Trasbordo Sáenz","cabecera_fin":"Estación Lanús","nombre":"Línea 158 - Principal - IDA","numero":"158","categoria":"NACIONAL","subcategoria":"Principal","color":"#2563eb","descripcion":"Línea 158: Hospitales → Lanús","network":"NACIONAL","routeId":"osm:18674580","source":"OpenStreetMap","license":"ODbL-1.0"},"geometry":{"type":"LineString","coordinates":[[-58.4116378,-34.6412906],[-58.4110852,-34.6415279],[-58.4104292,-34.6416767],[-58.4096782,-34.6417121],[-58.409304,-34.64266],[-58.409689,-34.6427953],[-58.410449,-34.6428944],[-58.4113916,-34.6430101],[-58.4119713,-34.6428866],[-58.413077,-34.6425758],[-58.4131748,-34.6427997],[-58.4154603,-34.6422878],[-58.4160931,-34.6421399],[-58.4161092,-34.6430881],[-58.4161219,-34.6439263],[-58.4161332,-34.6446532],[-58.4161685,-34.6459296],[-58.4161845,-34.6468588],[-58.4162039,-34.6478059],[-58.4163331,-34.6483665],[-58.4163827,-34.6494185],[-58.4163813,-34.6496406],[-58.416399,-34.6502239],[-58.4164028,-34.6507034],[-58.4164072,-34.6513211],[-58.4164101,-34.6517508],[-58.4164198,-34.6520961],[-58.4164152,-34.6527275],[-58.416426,-34.6532514],[-58.4164466,-34.6543958],[-58.4165654,-34.6548315],[-58.4165853,-34.6568023],[-58.4166168,-34.6585097],[-58.4168387,-34.6603923],[-58.4172228,-34.6621512],[-58.4173727,-34.6629045],[-58.4174656,-34.6633929],[-58.4177305,-34.6649354],[-58.4176078,-34.6657985],[-58.4173299,-34.6678316],[-58.4172186,-34.6685372],[-58.4181959,-34.6693028],[-58.4193127,-34.6698019],[-58.4215599,-34.6709287],[-58.4233348,-34.6718339],[-58.4266943,-34.6734946],[-58.430001,-34.6751124],[-58.4281974,-34.6776313],[-58.430001,-34.6751124],[-58.4274421,-34.6786522],[-58.4299274,-34.6814014],[-58.4311073,-34.6797619],[-58.4299274,-34.6814014],[-58.4254439,-34.6876811],[-58.4276891,-34.6845336],[-58.4280315,-34.6840502],[-58.4285063,-34.6834075],[-58.423382,-34.6905607],[-58.4228303,-34.6913867],[-58.4229433,-34.6914482],[-58.4239175,-34.6920302],[-58.4236101,-34.694672],[-58.4236101,-34.694672],[-58.421292,-34.69772],[-58.4223958,-34.696345],[-58.4202106,-34.6989774],[-58.4156012,-34.7043611],[-58.4173693,-34.702285],[-58.4197561,-34.6994907],[-58.4202106,-34.6989774],[-58.415512,-34.7043661],[-58.4085935,-34.7052927],[-58.4117777,-34.704865],[-58.4067888,-34.705535],[-58.4061044,-34.7056351],[-58.4048078,-34.7058288],[-58.405394,-34.7057406],[-58.4047165,-34.7058523],[-58.4037435,-34.7061421],[-58.4003992,-34.7071521],[-58.3989601,-34.7075921],[-58.3989601,-34.7075921],[-58.3969847,-34.7077641],[-58.3949847,-34.707939],[-58.3930689,-34.708076],[-58.3918858,-34.7081663]]}},{"type":"Feature","properties":{"linea":"160","linea_nombre":"Línea 160","ramal":"G","sentido":"IDA","subgrupo":"Línea 160","subgrupo_detalle":"Ramal G","color_hex":"#2563eb","operador":"Micro Ómnibus Sur S.A.C.","cabecera_inicio":"Ciudad Universitaria","cabecera_fin":"Claypole","nombre":"Línea 160 - G - IDA","numero":"160","categoria":"NACIONAL","subcategoria":"G","color":"#2563eb","descripcion":"Línea 160 - Ramal G: Ciudad Universitaria → Aeroparque → Claypole","network":"NACIONAL","routeId":"osm:374912","source":"OpenStreetMap","license":"ODbL-1.0"},"geometry":{"type":"LineString","coordinates":[[-58.4456834,-34.5418643],[-58.4431015,-34.5428011],[-58.4410986,-34.5440311],[-58.4396488,-34.5454054],[-58.4388928,-34.5455303],[-58.438071,-34.5436782],[-58.4369653,-34.5427557],[-58.4309915,-34.5473225],[-58.4310711,-34.5458433],[-58.4324685,-34.5440471],[-58.4310249,-34.5484159],[-58.4305193,-34.5497359],[-58.4288321,-34.5510368],[-58.42854,-34.5511794],[-58.4219633,-34.553486],[-58.4179128,-34.5543097],[-58.413272,-34.5560787],[-58.4085069,-34.5596462],[-58.4046656,-34.5632884],[-58.401174,-34.5660453],[-58.4010207,-34.5665698],[-58.4010924,-34.5677877],[-58.4046996,-34.567346],[-58.4064565,-34.5665781],[-58.4081001,-34.5675256],[-58.4117325,-34.5712341],[-58.4163161,-34.5680971],[-58.4186927,-34.5663164],[-58.421848,-34.5685839],[-58.4244246,-34.5712303],[-58.4265519,-34.5734227],[-58.4241823,-34.5790697],[-58.4226495,-34.5804545],[-58.4203351,-34.5817465],[-58.4193667,-34.5814295],[-58.4157355,-34.58166],[-58.4119169,-34.5818816],[-58.4163857,-34.5854123],[-58.4185844,-34.5890445],[-58.4195671,-34.5941196],[-58.4208179,-34.6021446],[-58.4215239,-34.6084465],[-58.4200692,-34.6158501],[-58.4165561,-34.6207816],[-58.4159491,-34.6276142],[-58.4178217,-34.6326352],[-58.4169732,-34.6395225],[-58.4161332,-34.6446532],[-58.4163827,-34.6494185],[-58.4164101,-34.6517508],[-58.4165654,-34.6548315],[-58.4173727,-34.6629045],[-58.4125252,-34.6687942],[-58.4098875,-34.6707426],[-58.4057591,-34.6738037],[-58.4123345,-34.679876],[-58.4176172,-34.686157],[-58.4139891,-34.6909562],[-58.4068985,-34.6971014],[-58.401483,-34.7015108],[-58.3961482,-34.7014438],[-58.3918216,-34.7066274],[-58.393401,-34.715824],[-58.3950207,-34.7214158],[-58.3942615,-34.7225496],[-58.3901566,-34.7258586],[-58.3901856,-34.7341834],[-58.392068,-34.7374251],[-58.3939608,-34.7470299],[-58.3954739,-34.7555503],[-58.3966084,-34.7635969],[-58.3954396,-34.7717294],[-58.3906669,-34.779491],[-58.3893145,-34.785605],[-58.3888308,-34.7957696],[-58.3889164,-34.8006123],[-58.3886463,-34.8092615],[-58.3892779,-34.8204679],[-58.3908041,-34.8239359],[-58.3904646,-34.8245824],[-58.3846445,-34.8255898],[-58.3813164,-34.8209657],[-58.366078,-34.814543],[-58.3587239,-34.8115098],[-58.3479806,-34.8056633],[-58.3402065,-34.8014147],[-58.3360964,-34.8025879],[-58.336799,-34.8051604],[-58.3347497,-34.8108907],[-58.3327027,-34.8124954],[-58.3303966,-34.8156214]]}},{"type":"Feature","properties":{"linea":"160","linea_nombre":"Línea 160","ramal":"R","sentido":"IDA","subgrupo":"Línea 160","subgrupo_detalle":"Ramal R","color_hex":"#2563eb","operador":"Micro Ómnibus Sur S.A.C.","cabecera_inicio":"Claypole","cabecera_fin":"Nueva Pompeya","nombre":"Línea 160 - R - IDA","numero":"160","categoria":"NACIONAL","subcategoria":"R","color":"#2563eb","descripcion":"Línea 160 - Ramal R: Claypole → Nueva Pompeya","network":"NACIONAL","routeId":"osm:374941","source":"OpenStreetMap","license":"ODbL-1.0"},"geometry":{"type":"LineString","coordinates":[[-58.3318091,-34.8136922],[-58.3318091,-34.8136922],[-58.3335139,-34.8120712],[-58.334678,-34.8107435],[-58.3381999,-34.8063645],[-58.3364769,-34.8050681],[-58.3325525,-34.8026075],[-58.3326231,-34.8027527],[-58.3360964,-34.8025879],[-58.338194,-34.8017934],[-58.3402065,-34.8014147],[-58.3493886,-34.8064356],[-58.3436713,-34.8033188],[-58.3549986,-34.8094595],[-58.3572771,-34.8107219],[-58.3625128,-34.8135798],[-58.3825107,-34.8244297],[-58.3774691,-34.8216952],[-58.367758,-34.8164188],[-58.3846445,-34.8255898],[-58.388465,-34.8269444],[-58.3893865,-34.8259361],[-58.390763,-34.824249],[-58.3908136,-34.8238138],[-58.3888801,-34.8137448],[-58.3892049,-34.8190962],[-58.3888266,-34.8127884],[-58.3886938,-34.8032847],[-58.3887216,-34.8008757],[-58.3884274,-34.8004742],[-58.3886817,-34.7994776],[-58.3887187,-34.7960245],[-58.3888318,-34.7912768],[-58.3890741,-34.7872986],[-58.3894282,-34.7830658],[-58.3900519,-34.7808506],[-58.3921138,-34.7762691],[-58.39638,-34.7702202],[-58.3965219,-34.7667337],[-58.3963994,-34.7624413],[-58.3957639,-34.7577341],[-58.395161,-34.7542439],[-58.394502,-34.7505473],[-58.3933697,-34.7444411],[-58.3927388,-34.7409275],[-58.3907614,-34.7364032],[-58.390171,-34.7364316],[-58.3901061,-34.7343071],[-58.3900371,-34.7283807],[-58.3919982,-34.7229443],[-58.3941202,-34.7225683],[-58.3942213,-34.720915],[-58.3940717,-34.7195555],[-58.3934322,-34.7165253],[-58.3924834,-34.7122584],[-58.3916296,-34.7083533],[-58.3916589,-34.7072083],[-58.3918203,-34.7024515],[-58.3958838,-34.7024812],[-58.4013628,-34.7017094],[-58.4014013,-34.7014916],[-58.4015349,-34.7014507],[-58.4077814,-34.6963709],[-58.4077814,-34.6963709],[-58.4124197,-34.6922997],[-58.4149638,-34.6901633],[-58.4169284,-34.6880621],[-58.4176541,-34.6860952],[-58.4169284,-34.6880621],[-58.414751,-34.6796387],[-58.4101115,-34.6764811],[-58.408229,-34.6719764],[-58.4108525,-34.6700256],[-58.4141041,-34.6676203],[-58.4176021,-34.6649894],[-58.4171834,-34.6625691],[-58.4164999,-34.6586888],[-58.4163765,-34.6566983],[-58.4163586,-34.6538832],[-58.4163368,-34.6523489],[-58.4163134,-34.6508054],[-58.4163032,-34.6497238]]}},{"type":"Feature","properties":{"linea":"160","linea_nombre":"Línea 160","ramal":"R","sentido":"IDA","subgrupo":"Línea 160","subgrupo_detalle":"Ramal R","color_hex":"#2563eb","operador":"Micro Ómnibus Sur S.A.C.","cabecera_inicio":"Nueva Pompeya","cabecera_fin":"Claypole","nombre":"Línea 160 - R - IDA","numero":"160","categoria":"NACIONAL","subcategoria":"R","color":"#2563eb","descripcion":"Línea 160 - Ramal R: Nueva Pompeya → Claypole","network":"NACIONAL","routeId":"osm:374940","source":"OpenStreetMap","license":"ODbL-1.0"},"geometry":{"type":"LineString","coordinates":[[-58.4164037,-34.6508182],[-58.4164139,-34.651865],[-58.416426,-34.6532514],[-58.4165614,-34.6549256],[-58.4167143,-34.6594536],[-58.4173727,-34.6629045],[-58.4176957,-34.6649916],[-58.412332,-34.6689309],[-58.415595,-34.6665181],[-58.4108525,-34.6700256],[-58.4090803,-34.6713451],[-58.408229,-34.6719764],[-58.4083462,-34.67619],[-58.4113598,-34.6790015],[-58.4138811,-34.6806501],[-58.419555,-34.6834117],[-58.4175201,-34.6863925],[-58.4167354,-34.6886279],[-58.4136072,-34.691278],[-58.4103916,-34.6940546],[-58.4068985,-34.6971014],[-58.4041448,-34.6993254],[-58.4015051,-34.7014785],[-58.4013753,-34.7015991],[-58.397451,-34.7014804],[-58.3922689,-34.7013351],[-58.3918777,-34.7046916],[-58.3917362,-34.708175],[-58.3927435,-34.7127764],[-58.3939238,-34.7183409],[-58.3948953,-34.7210412],[-58.394956,-34.7215093],[-58.3944053,-34.7218095],[-58.3941807,-34.7226031],[-58.392082,-34.7229653],[-58.3901566,-34.7258586],[-58.3901276,-34.7299471],[-58.3901864,-34.7340848],[-58.3902792,-34.7361993],[-58.3917544,-34.7362552],[-58.3928282,-34.7409153],[-58.3934697,-34.7444266],[-58.3945923,-34.750538],[-58.3953879,-34.7550019],[-58.3958259,-34.757663],[-58.3963235,-34.7607272],[-58.3967193,-34.7646152],[-58.3965274,-34.7685284],[-58.3949494,-34.7724309],[-58.3921431,-34.7763884],[-58.3906669,-34.779491],[-58.3896624,-34.7822127],[-58.3893549,-34.7848536],[-58.3889959,-34.7902666],[-58.3888324,-34.7956905],[-58.3887922,-34.7981604],[-58.3889189,-34.8003992],[-58.3887216,-34.8008757],[-58.3886814,-34.8065866],[-58.3887633,-34.8117326],[-58.3890418,-34.8161384],[-58.3892747,-34.8224867],[-58.3907114,-34.8232849],[-58.3908058,-34.8239156],[-58.3907865,-34.8241497],[-58.3904646,-34.8245824],[-58.3886314,-34.8261053],[-58.3851295,-34.8258416],[-58.3816032,-34.823937],[-58.3769349,-34.8214078],[-58.367758,-34.8164188],[-58.3640289,-34.8144066],[-58.359505,-34.8119321],[-58.3534807,-34.8086488],[-58.3504398,-34.8070015],[-58.3444925,-34.8037683],[-58.3404892,-34.8015923],[-58.340177,-34.8013686],[-58.3375999,-34.8019235],[-58.3365257,-34.8021571],[-58.3366603,-34.8050051],[-58.33773,-34.8056697],[-58.3367,-34.808452],[-58.3347446,-34.810952],[-58.3335139,-34.8120712],[-58.3327027,-34.8124954],[-58.3303966,-34.8156214]]}},{"type":"Feature","properties":{"linea":"160","linea_nombre":"Línea 160","ramal":"A","sentido":"IDA","subgrupo":"Línea 160","subgrupo_detalle":"Ramal A","color_hex":"#2563eb","operador":"Micro Ómnibus Sur S.A.C.","cabecera_inicio":"Ciudad Universitaria","cabecera_fin":"Don Orione","nombre":"Línea 160 - A - IDA","numero":"160","categoria":"NACIONAL","subcategoria":"A","color":"#2563eb","descripcion":"Línea 160 - Ramal A: Ciudad Universitaria → Club Gimnasia → Don Orione","network":"NACIONAL","routeId":"osm:374716","source":"OpenStreetMap","license":"ODbL-1.0"},"geometry":{"type":"LineString","coordinates":[[-58.4456834,-34.5418643],[-58.4434737,-34.5426829],[-58.4410892,-34.5437262],[-58.439514,-34.5454061],[-58.4390916,-34.5454417],[-58.4383657,-34.5468514],[-58.4400118,-34.5468632],[-58.4476127,-34.5426003],[-58.4499156,-34.5409883],[-58.4493395,-34.5405008],[-58.4484499,-34.5411391],[-58.4462452,-34.5442414],[-58.4293453,-34.5534754],[-58.4247716,-34.5570087],[-58.427349,-34.5592685],[-58.4268337,-34.5608851],[-58.4233342,-34.562705],[-58.4224714,-34.5642048],[-58.4209755,-34.5671005],[-58.4239732,-34.5707021],[-58.4271774,-34.5728902],[-58.4235321,-34.5750556],[-58.4237756,-34.5796789],[-58.4217643,-34.5811459],[-58.4201032,-34.5815429],[-58.4191234,-34.5814462],[-58.4152305,-34.5816885],[-58.4116486,-34.5818945],[-58.4165012,-34.5854849],[-58.4185844,-34.5890445],[-58.4193356,-34.5927774],[-58.420614,-34.6007015],[-58.4215084,-34.6082393],[-58.4206313,-34.6131602],[-58.4167733,-34.6180967],[-58.4161549,-34.6247077],[-58.4159323,-34.6309618],[-58.4179189,-34.635959],[-58.4162087,-34.6422812],[-58.4161836,-34.6467927],[-58.416388,-34.6497268],[-58.4164198,-34.6520961],[-58.4165814,-34.6564956],[-58.4173812,-34.6629495],[-58.4125252,-34.6687942],[-58.4115216,-34.6695336],[-58.4057591,-34.6738037],[-58.4115141,-34.6791381],[-58.4188358,-34.6844534],[-58.4167664,-34.6886735],[-58.4098244,-34.6945421],[-58.4039934,-34.6994557],[-58.4013514,-34.7015853],[-58.3919886,-34.7013241],[-58.3917532,-34.7083322],[-58.3939347,-34.7183937],[-58.3949052,-34.7215565],[-58.3940885,-34.7226405],[-58.390139,-34.7259281],[-58.3901856,-34.7341834],[-58.391898,-34.7368173],[-58.3936945,-34.7456259],[-58.3954113,-34.7551418],[-58.3963665,-34.7611479],[-58.3964851,-34.770191],[-58.3918503,-34.7767945],[-58.3896487,-34.7822814],[-58.3889875,-34.7903953],[-58.3887739,-34.7994116],[-58.3887199,-34.8009415],[-58.3888052,-34.8124245],[-58.3906453,-34.8232382],[-58.3908136,-34.8238138],[-58.3890636,-34.8244786],[-58.3846445,-34.8255898],[-58.3759883,-34.8208842],[-58.3635751,-34.8141568],[-58.3560741,-34.8121914],[-58.3521711,-34.817052],[-58.3453555,-34.8184401],[-58.3374842,-34.8167012],[-58.3349666,-34.8121684],[-58.3365702,-34.8083997],[-58.3334286,-34.8034331],[-58.3327224,-34.8028437],[-58.338194,-34.8017934],[-58.3399705,-34.8035691],[-58.3350521,-34.8105014],[-58.3333863,-34.8116721],[-58.3303966,-34.8156214]]}},{"type":"Feature","properties":{"linea":"160","linea_nombre":"Línea 160","ramal":"A","sentido":"IDA","subgrupo":"Línea 160","subgrupo_detalle":"Ramal A","color_hex":"#2563eb","operador":"Micro Ómnibus Sur S.A.C.","cabecera_inicio":"Don Orione","cabecera_fin":"Pabellón 3","nombre":"Línea 160 - A - IDA","numero":"160","categoria":"NACIONAL","subcategoria":"A","color":"#2563eb","descripcion":"Línea 160 - Ramal A: Don Orione → Club Gimnasia → Ciudad Universitaria","network":"NACIONAL","routeId":"osm:374732","source":"OpenStreetMap","license":"ODbL-1.0"},"geometry":{"type":"LineString","coordinates":[[-58.3318091,-34.8136922],[-58.3348474,-34.8117903],[-58.335989,-34.8091272],[-58.3351313,-34.8043534],[-58.3326231,-34.8027527],[-58.337329,-34.8019829],[-58.3387235,-34.8051262],[-58.3358174,-34.80955],[-58.3361304,-34.8156328],[-58.3395409,-34.8175895],[-58.3434311,-34.8187097],[-58.3493192,-34.8175324],[-58.3518376,-34.8161311],[-58.3572771,-34.8107219],[-58.3610164,-34.8127537],[-58.3774691,-34.8216952],[-58.3859274,-34.8262831],[-58.3886956,-34.8257621],[-58.3907865,-34.8241497],[-58.3888801,-34.8137448],[-58.3887633,-34.8117326],[-58.3886805,-34.8072255],[-58.3884878,-34.8003636],[-58.3887187,-34.7960245],[-58.3889261,-34.7896645],[-58.3897099,-34.7817728],[-58.3931911,-34.7747582],[-58.3965219,-34.7667337],[-58.3961335,-34.7600348],[-58.3949229,-34.7529183],[-58.3931535,-34.7432812],[-58.3907614,-34.7364032],[-58.3901311,-34.735829],[-58.3900493,-34.7256446],[-58.3943036,-34.7224341],[-58.3940717,-34.7195555],[-58.3925944,-34.712777],[-58.3916404,-34.7078422],[-58.3919115,-34.7024025],[-58.4013628,-34.7017094],[-58.402883,-34.7003721],[-58.4055059,-34.6982528],[-58.4111717,-34.6933906],[-58.4169284,-34.6880621],[-58.4171972,-34.6873193],[-58.4123938,-34.6785835],[-58.4090803,-34.6713451],[-58.4141041,-34.6676203],[-58.4172556,-34.6629616],[-58.4164247,-34.6573465],[-58.4163535,-34.6533174],[-58.4163134,-34.6508054],[-58.4162115,-34.6481556],[-58.4161394,-34.6450505],[-58.4160999,-34.6425186],[-58.416647,-34.6390285],[-58.4193578,-34.6359009],[-58.4165642,-34.6314548],[-58.4176877,-34.6256534],[-58.4182454,-34.617387],[-58.4199487,-34.6094909],[-58.4212995,-34.6060082],[-58.4237589,-34.6003907],[-58.4230179,-34.5952674],[-58.4223648,-34.5902598],[-58.4135789,-34.5847698],[-58.4102157,-34.5822149],[-58.4148455,-34.5817103],[-58.4152305,-34.5816885],[-58.4195792,-34.5814152],[-58.4202491,-34.581182],[-58.4217255,-34.580723],[-58.423876,-34.5795026],[-58.425812,-34.5782032],[-58.4252757,-34.5750831],[-58.4244149,-34.5734462],[-58.4236273,-34.5705767],[-58.4217539,-34.5684191],[-58.4198768,-34.565002],[-58.4240139,-34.5619252],[-58.4340957,-34.5539355],[-58.4359304,-34.5525235],[-58.4372662,-34.549583],[-58.438527,-34.5460331],[-58.4389361,-34.5452978],[-58.4396565,-34.5454053],[-58.4411448,-34.5434837],[-58.4434737,-34.5426829],[-58.4448644,-34.542257],[-58.4448094,-34.5422741]]}},{"type":"Feature","properties":{"linea":"160","linea_nombre":"Línea 160","ramal":"G","sentido":"IDA","subgrupo":"Línea 160","subgrupo_detalle":"Ramal G","color_hex":"#2563eb","operador":"Micro Ómnibus Sur S.A.C.","cabecera_inicio":"Ciudad Universitaria","cabecera_fin":"Claypole","nombre":"Línea 160 - G - IDA","numero":"160","categoria":"NACIONAL","subcategoria":"G","color":"#2563eb","descripcion":"Línea 160 - Ramal G: Ciudad Universitaria → Club Gimnasia → Claypole","network":"NACIONAL","routeId":"osm:374740","source":"OpenStreetMap","license":"ODbL-1.0"},"geometry":{"type":"LineString","coordinates":[[-58.4456834,-34.5418643],[-58.4434737,-34.5426829],[-58.4410892,-34.5437262],[-58.439514,-34.5454061],[-58.4390916,-34.5454417],[-58.4383657,-34.5468514],[-58.4400118,-34.5468632],[-58.4476127,-34.5426003],[-58.4499156,-34.5409883],[-58.4493395,-34.5405008],[-58.4484499,-34.5411391],[-58.4462452,-34.5442414],[-58.4293453,-34.5534754],[-58.4247716,-34.5570087],[-58.427349,-34.5592685],[-58.4268337,-34.5608851],[-58.4233342,-34.562705],[-58.4224714,-34.5642048],[-58.4209755,-34.5671005],[-58.4239732,-34.5707021],[-58.4271774,-34.5728902],[-58.4235321,-34.5750556],[-58.4237756,-34.5796789],[-58.4217643,-34.5811459],[-58.4201032,-34.5815429],[-58.4191234,-34.5814462],[-58.4152305,-34.5816885],[-58.4116486,-34.5818945],[-58.4165012,-34.5854849],[-58.4185844,-34.5890445],[-58.4193356,-34.5927774],[-58.420614,-34.6007015],[-58.4215084,-34.6082393],[-58.4206313,-34.6131602],[-58.4167733,-34.6180967],[-58.4161549,-34.6247077],[-58.4159323,-34.6309618],[-58.4179189,-34.635959],[-58.4162087,-34.6422812],[-58.4161836,-34.6467927],[-58.416388,-34.6497268],[-58.4164198,-34.6520961],[-58.4165814,-34.6564956],[-58.4173812,-34.6629495],[-58.4125252,-34.6687942],[-58.4115216,-34.6695336],[-58.4057591,-34.6738037],[-58.4115141,-34.6791381],[-58.4188358,-34.6844534],[-58.4167664,-34.6886735],[-58.4098244,-34.6945421],[-58.4039934,-34.6994557],[-58.4013514,-34.7015853],[-58.3919886,-34.7013241],[-58.3917532,-34.7083322],[-58.3939347,-34.7183937],[-58.3949052,-34.7215565],[-58.3940885,-34.7226405],[-58.390139,-34.7259281],[-58.3901856,-34.7341834],[-58.391898,-34.7368173],[-58.3936945,-34.7456259],[-58.3954113,-34.7551418],[-58.3963665,-34.7611479],[-58.3964851,-34.770191],[-58.3918503,-34.7767945],[-58.3896487,-34.7822814],[-58.3889875,-34.7903953],[-58.3887739,-34.7994116],[-58.3887199,-34.8009415],[-58.3888052,-34.8124245],[-58.3906453,-34.8232382],[-58.3908136,-34.8238138],[-58.3890636,-34.8244786],[-58.3846445,-34.8255898],[-58.3828405,-34.8217822],[-58.365974,-34.8135577],[-58.3610164,-34.8127537],[-58.3518612,-34.8077691],[-58.3420007,-34.8024114],[-58.3371969,-34.8020145],[-58.335901,-34.8045826],[-58.3385712,-34.8061299],[-58.3348474,-34.8117903],[-58.3303966,-34.8156214]]}},{"type":"Feature","properties":{"linea":"160","linea_nombre":"Línea 160","ramal":"G","sentido":"IDA","subgrupo":"Línea 160","subgrupo_detalle":"Ramal G","color_hex":"#2563eb","operador":"Micro Ómnibus Sur S.A.C.","cabecera_inicio":"Claypole","cabecera_fin":"Pabellón 3","nombre":"Línea 160 - G - IDA","numero":"160","categoria":"NACIONAL","subcategoria":"G","color":"#2563eb","descripcion":"Línea 160 - Ramal G: Claypole → Club Gimnasia → Ciudad Universitaria","network":"NACIONAL","routeId":"osm:374905","source":"OpenStreetMap","license":"ODbL-1.0"},"geometry":{"type":"LineString","coordinates":[[-58.3318091,-34.8136922],[-58.3333863,-34.8116721],[-58.3355052,-34.8097284],[-58.3365468,-34.8050963],[-58.3320633,-34.8027089],[-58.3364477,-34.8022666],[-58.3402782,-34.8014712],[-58.3465137,-34.8048602],[-58.3549986,-34.8094595],[-58.3640289,-34.8144066],[-58.3660898,-34.8146619],[-58.3718604,-34.8158245],[-58.3835526,-34.824991],[-58.388465,-34.8269444],[-58.3905502,-34.824353],[-58.3908174,-34.8234094],[-58.3891103,-34.8174916],[-58.3887216,-34.8008757],[-58.3886825,-34.8008005],[-58.3886704,-34.800176],[-58.3887395,-34.7952911],[-58.3890741,-34.7872986],[-58.3897419,-34.7816816],[-58.3931911,-34.7747582],[-58.3965217,-34.7667721],[-58.3962925,-34.7612626],[-58.3951465,-34.7541716],[-58.3936274,-34.7457792],[-58.3923041,-34.7386192],[-58.390171,-34.7364316],[-58.3900705,-34.7317439],[-58.392101,-34.7228328],[-58.3942244,-34.7209871],[-58.3937472,-34.7180366],[-58.392347,-34.7116533],[-58.3916507,-34.7074798],[-58.3919524,-34.7023821],[-58.4013628,-34.7017094],[-58.4030306,-34.7002483],[-58.4065686,-34.6973775],[-58.4126776,-34.6920739],[-58.4164197,-34.6889724],[-58.4176172,-34.686157],[-58.4169828,-34.680733],[-58.408064,-34.6745908],[-58.4108525,-34.6700256],[-58.4170073,-34.6654753],[-58.4171415,-34.6623392],[-58.4163726,-34.6568277],[-58.4163491,-34.6527964],[-58.4163106,-34.6506942],[-58.4162115,-34.6481556],[-58.4161332,-34.6446532],[-58.4161018,-34.6427556],[-58.4161094,-34.6394048],[-58.4191128,-34.6372337],[-58.4184168,-34.6330115],[-58.4172462,-34.6278523],[-58.4180768,-34.6210835],[-58.4186116,-34.6147232],[-58.4200547,-34.6085371],[-58.424357,-34.6044908],[-58.423499,-34.5985591],[-58.4227283,-34.5930632],[-58.4214183,-34.589659],[-58.4135789,-34.5847698],[-58.4104981,-34.5821283],[-58.4126858,-34.5818408],[-58.4157355,-34.58166],[-58.4191234,-34.5814462],[-58.4198806,-34.5813621],[-58.4209888,-34.5807134],[-58.4225451,-34.580351],[-58.4247646,-34.5789427],[-58.4266434,-34.5779375],[-58.4263698,-34.5771755],[-58.4235616,-34.5718058],[-58.423536,-34.5704584],[-58.421848,-34.5685839],[-58.4198768,-34.565002],[-58.4239841,-34.5619473],[-58.429816,-34.5573157],[-58.4353202,-34.5531622],[-58.4371129,-34.5505422],[-58.4376679,-34.5476385],[-58.4385883,-34.5452968],[-58.4393491,-34.5454069],[-58.441118,-34.5452225],[-58.4424424,-34.5430021],[-58.4439383,-34.5425376],[-58.4448094,-34.5422741]]}},{"type":"Feature","properties":{"linea":"160","linea_nombre":"Línea 160","ramal":"A","sentido":"IDA","subgrupo":"Línea 160","subgrupo_detalle":"Ramal A","color_hex":"#2563eb","operador":"Micro Ómnibus Sur S.A.C.","cabecera_inicio":"Ciudad Universitaria","cabecera_fin":"Don Orione","nombre":"Línea 160 - A - IDA","numero":"160","categoria":"NACIONAL","subcategoria":"A","color":"#2563eb","descripcion":"Línea 160 - Ramal A: Ciudad Universitaria → Aeroparque → Don Orione","network":"NACIONAL","routeId":"osm:374908","source":"OpenStreetMap","license":"ODbL-1.0"},"geometry":{"type":"LineString","coordinates":[[-58.4456834,-34.5418643],[-58.4429943,-34.5428325],[-58.4410691,-34.5442542],[-58.4408726,-34.5454102],[-58.4386622,-34.5455473],[-58.4384666,-34.5444032],[-58.4360687,-34.542653],[-58.430938,-34.5467589],[-58.4316062,-34.5448248],[-58.4347898,-34.542956],[-58.4310061,-34.5486203],[-58.4295698,-34.5506918],[-58.4278969,-34.5515241],[-58.4215954,-34.5535807],[-58.4180859,-34.5542745],[-58.413272,-34.5560787],[-58.4084307,-34.5597243],[-58.4048346,-34.5631314],[-58.4013875,-34.5656629],[-58.4011397,-34.5668949],[-58.4017687,-34.5679595],[-58.4052421,-34.5670837],[-58.4073417,-34.566748],[-58.4096001,-34.5691614],[-58.4136329,-34.5703018],[-58.4175763,-34.5667756],[-58.4209755,-34.5671005],[-58.4240413,-34.5708803],[-58.4268129,-34.5732336],[-58.4236982,-34.5785293],[-58.4226495,-34.5804545],[-58.420301,-34.5817204],[-58.419239,-34.5814382],[-58.4152305,-34.5816885],[-58.4110757,-34.581956],[-58.4174087,-34.5860552],[-58.4183754,-34.5899424],[-58.4202189,-34.5981492],[-58.4212831,-34.6058449],[-58.4207707,-34.6125276],[-58.4167733,-34.6180967],[-58.4161232,-34.6251522],[-58.4165642,-34.6314548],[-58.4173071,-34.6383125],[-58.4161286,-34.6443549],[-58.4163827,-34.6494185],[-58.4164076,-34.6517798],[-58.4165814,-34.6564956],[-58.4174656,-34.6633929],[-58.4141041,-34.6676203],[-58.4090803,-34.6713451],[-58.4093026,-34.6770815],[-58.4162528,-34.6817958],[-58.4167327,-34.6885969],[-58.4098244,-34.6945421],[-58.4030306,-34.7002483],[-58.3994266,-34.7015461],[-58.3918777,-34.7046916],[-58.3929747,-34.7138038],[-58.3950323,-34.7213654],[-58.3942615,-34.7225496],[-58.390139,-34.7259281],[-58.3901992,-34.7358323],[-58.3924279,-34.7388329],[-58.3945923,-34.750538],[-58.3960192,-34.7588187],[-58.3966196,-34.7667306],[-58.3922031,-34.7763076],[-58.3896487,-34.7822814],[-58.3889448,-34.7911133],[-58.3888322,-34.8003227],[-58.3886814,-34.8065866],[-58.3890776,-34.8167804],[-58.3907963,-34.8240526],[-58.3905281,-34.8245871],[-58.3846445,-34.8255898],[-58.373132,-34.8193457],[-58.3610164,-34.8127537],[-58.3541381,-34.8145276],[-58.3486934,-34.8177712],[-58.3421376,-34.8190495],[-58.3352226,-34.8130099],[-58.3365702,-34.8083997],[-58.3322982,-34.8028319],[-58.3347028,-34.8038267],[-58.3402782,-34.8014712],[-58.3385712,-34.8061299],[-58.3335139,-34.8120712],[-58.3303966,-34.8156214]]}},{"type":"Feature","properties":{"linea":"160","linea_nombre":"Línea 160","ramal":"A","sentido":"IDA","subgrupo":"Línea 160","subgrupo_detalle":"Ramal A","color_hex":"#2563eb","operador":"Micro Ómnibus Sur S.A.C.","cabecera_inicio":"Don Orione","cabecera_fin":"Pabellón 3","nombre":"Línea 160 - A - IDA","numero":"160","categoria":"NACIONAL","subcategoria":"A","color":"#2563eb","descripcion":"Línea 160 - Ramal A: Don Orione → Aeroparque → Ciudad Universitaria","network":"NACIONAL","routeId":"osm:374909","source":"OpenStreetMap","license":"ODbL-1.0"},"geometry":{"type":"LineString","coordinates":[[-58.3318091,-34.8136922],[-58.3348474,-34.8117903],[-58.3381285,-34.8058877],[-58.3321108,-34.8026927],[-58.3369797,-34.8020606],[-58.3393396,-34.8043563],[-58.3347497,-34.8108907],[-58.3384349,-34.8170367],[-58.3421679,-34.8189219],[-58.3490073,-34.8175943],[-58.3534673,-34.8141528],[-58.3661792,-34.8155735],[-58.3816032,-34.823937],[-58.3661792,-34.8155735],[-58.3886956,-34.8257621],[-58.3907961,-34.8240328],[-58.3890776,-34.8167804],[-58.3886924,-34.8031267],[-58.3884274,-34.8004742],[-58.3887258,-34.7958177],[-58.3892445,-34.784852],[-58.3910466,-34.7782603],[-58.3964427,-34.7684506],[-58.3962372,-34.7607387],[-58.3945291,-34.7507561],[-58.3927476,-34.7409849],[-58.390171,-34.7364316],[-58.3900051,-34.7267263],[-58.3943036,-34.7224341],[-58.3938133,-34.7183554],[-58.3919038,-34.7095898],[-58.3917166,-34.7055232],[-58.40142,-34.7021638],[-58.4023715,-34.7007795],[-58.4077814,-34.6963709],[-58.4148159,-34.6902876],[-58.4175796,-34.6862348],[-58.4124573,-34.6786133],[-58.4095786,-34.6709687],[-58.4170073,-34.6654753],[-58.4165821,-34.6594557],[-58.4163618,-34.6545513],[-58.4163134,-34.6508054],[-58.4162115,-34.6481556],[-58.4161112,-34.6432577],[-58.4161169,-34.6389384],[-58.4193471,-34.636077],[-58.4165009,-34.6304717],[-58.417933,-34.6225993],[-58.4186683,-34.6142986],[-58.4198953,-34.6063395],[-58.4237878,-34.6005939],[-58.4227283,-34.5930632],[-58.4193787,-34.5884077],[-58.4102157,-34.5822149],[-58.412862,-34.5818293],[-58.4152305,-34.5816885],[-58.4193667,-34.5814295],[-58.4207664,-34.5807548],[-58.4233304,-34.5798518],[-58.4253302,-34.5785452],[-58.425302,-34.5751321],[-58.4234277,-34.5715945],[-58.4228296,-34.5697054],[-58.4201027,-34.566024],[-58.4166123,-34.5627033],[-58.4076491,-34.5677169],[-58.4076937,-34.5682897],[-58.4082489,-34.5679197],[-58.4074724,-34.5668303],[-58.4041685,-34.5675271],[-58.4020664,-34.5679959],[-58.400386,-34.5688844],[-58.4010008,-34.5667014],[-58.4022286,-34.5648153],[-58.4069962,-34.5610857],[-58.4106054,-34.5576557],[-58.4156462,-34.5547896],[-58.420255,-34.5538228],[-58.4263669,-34.5521695],[-58.4291462,-34.5508553],[-58.4310061,-34.5486203],[-58.4309438,-34.5464761],[-58.4320401,-34.5443719],[-58.4360178,-34.5426621],[-58.4375749,-34.542892],[-58.4387196,-34.5450812],[-58.4396488,-34.5454054],[-58.4413145,-34.54337],[-58.443756,-34.5425939],[-58.4448094,-34.5422741]]}},{"type":"Feature","properties":{"linea":"160","linea_nombre":"Línea 160","ramal":"G","sentido":"IDA","subgrupo":"Línea 160","subgrupo_detalle":"Ramal G","color_hex":"#2563eb","operador":"Micro Ómnibus Sur S.A.C.","cabecera_inicio":"Claypole","cabecera_fin":"Pabellón 3","nombre":"Línea 160 - G - IDA","numero":"160","categoria":"NACIONAL","subcategoria":"G","color":"#2563eb","descripcion":"Línea 160 - Ramal G: Claypole → Aeroparque → Ciudad Universitaria","network":"NACIONAL","routeId":"osm:374910","source":"OpenStreetMap","license":"ODbL-1.0"},"geometry":{"type":"LineString","coordinates":[[-58.3318091,-34.8136922],[-58.3348474,-34.8117903],[-58.3381285,-34.8058877],[-58.3321108,-34.8026927],[-58.3369797,-34.8020606],[-58.3518612,-34.8077691],[-58.352989,-34.8083813],[-58.3627201,-34.8136938],[-58.3813164,-34.8209657],[-58.3837301,-34.8241325],[-58.3883684,-34.8274703],[-58.3907865,-34.8241497],[-58.38899,-34.815258],[-58.3887216,-34.8008757],[-58.3884964,-34.8006521],[-58.388706,-34.7970357],[-58.3890064,-34.7883815],[-58.3900519,-34.7808506],[-58.3963903,-34.770187],[-58.3963145,-34.7615332],[-58.3949672,-34.7531698],[-58.3929446,-34.7421009],[-58.390335,-34.7364634],[-58.390042,-34.730506],[-58.3940407,-34.7225952],[-58.3940717,-34.7195555],[-58.392347,-34.7116533],[-58.3916632,-34.707059],[-58.4005524,-34.7026332],[-58.4032737,-34.7000389],[-58.405361,-34.698366],[-58.4088653,-34.6953746],[-58.4180985,-34.6855001],[-58.414751,-34.6796387],[-58.408719,-34.6716141],[-58.415595,-34.6665181],[-58.4169048,-34.6612726],[-58.4163293,-34.6549655],[-58.4163095,-34.6513378],[-58.4162115,-34.6481556],[-58.4161752,-34.6462711],[-58.4161094,-34.6394048],[-58.4190843,-34.6373474],[-58.4166434,-34.6328175],[-58.4177144,-34.6252573],[-58.4185697,-34.6150369],[-58.419925,-34.6066899],[-58.4240595,-34.6025891],[-58.4230198,-34.5952826],[-58.4205175,-34.5890883],[-58.4103823,-34.5824997],[-58.4110757,-34.581956],[-58.4157355,-34.58166],[-58.4195792,-34.5814152],[-58.4203697,-34.5809975],[-58.4224299,-34.5804042],[-58.4251455,-34.5787261],[-58.4251472,-34.5748436],[-58.4249243,-34.5744344],[-58.421848,-34.5685839],[-58.4203483,-34.5663891],[-58.4168362,-34.5627703],[-58.4081624,-34.5674021],[-58.4075663,-34.5682068],[-58.4082585,-34.5680347],[-58.4077366,-34.5670837],[-58.402973,-34.5678148],[-58.4060576,-34.5666827],[-58.4005678,-34.5689842],[-58.4009638,-34.5674278],[-58.4018034,-34.5651524],[-58.4048346,-34.5631314],[-58.4102002,-34.5579701],[-58.4145015,-34.5552966],[-58.4194081,-34.5539664],[-58.4248556,-34.5527106],[-58.4288321,-34.5510368],[-58.4308974,-34.5490422],[-58.430938,-34.5467589],[-58.4316847,-34.5447292],[-58.4353137,-34.5428121],[-58.4375253,-34.5427485],[-58.4385404,-34.5446475],[-58.439514,-34.5454061],[-58.4410691,-34.5435716],[-58.443756,-34.5425939],[-58.4448094,-34.5422741]]}},{"type":"Feature","properties":{"linea":"164","linea_nombre":"Línea 164","ramal":"B","sentido":"IDA","subgrupo":"Línea 164","subgrupo_detalle":"Ramal B","color_hex":"#2563eb","operador":"General Tomás Guido S.A.C.I.F.","cabecera_inicio":"Pompeya","cabecera_fin":"Estación Burzaco","nombre":"Línea 164 - B - IDA","numero":"164","categoria":"NACIONAL","subcategoria":"B","color":"#2563eb","descripcion":"Línea 164 - Ramal B: Pompeya → Burzaco","network":"NACIONAL","routeId":"osm:10150533","source":"OpenStreetMap","license":"ODbL-1.0"},"geometry":{"type":"LineString","coordinates":[[-58.4164418,-34.6540807],[-58.4165853,-34.6568023],[-58.4168997,-34.6607017],[-58.4174601,-34.6633634],[-58.4175968,-34.665065],[-58.4131473,-34.6683266],[-58.4164212,-34.6659148],[-58.4098875,-34.6707426],[-58.4095786,-34.6709687],[-58.4065725,-34.6732153],[-58.4034345,-34.6755053],[-58.4021401,-34.6764622],[-58.4027603,-34.6784977],[-58.4044396,-34.6796671],[-58.4048907,-34.6836511],[-58.405067,-34.6855948],[-58.4045525,-34.687734],[-58.4036001,-34.6885403],[-58.4001214,-34.6914652],[-58.3961631,-34.6948415],[-58.3943824,-34.6963534],[-58.3920579,-34.699307],[-58.3919148,-34.7034657],[-58.391814,-34.7067457],[-58.3922255,-34.7104826],[-58.393401,-34.715824],[-58.3941893,-34.7196088],[-58.39527,-34.7246611],[-58.3960653,-34.7283931],[-58.3972441,-34.7341482],[-58.3987043,-34.7413632],[-58.399656,-34.7462294],[-58.4004264,-34.7500436],[-58.4008268,-34.7521199],[-58.4030265,-34.7554439],[-58.4008638,-34.759401],[-58.4032807,-34.7640046],[-58.4054718,-34.767315],[-58.4077449,-34.7726848],[-58.4124663,-34.7752179],[-58.4100375,-34.773909],[-58.413746,-34.7759077],[-58.4149415,-34.7765497],[-58.4161219,-34.7771863],[-58.4193632,-34.7789195],[-58.4172266,-34.7777645],[-58.4243743,-34.7815334],[-58.4245913,-34.7816433],[-58.4324196,-34.7846249],[-58.4325177,-34.784662],[-58.4315052,-34.7933019],[-58.4306979,-34.7966016],[-58.4297196,-34.7966574],[-58.4287743,-34.7962849],[-58.4260337,-34.7965202],[-58.4258468,-34.7984194],[-58.4292982,-34.8001534],[-58.4358156,-34.8034611],[-58.4381883,-34.8045876],[-58.4393486,-34.8046483],[-58.4399567,-34.8050303],[-58.4395617,-34.8054618],[-58.4389619,-34.8051474],[-58.4373826,-34.8056769],[-58.4325356,-34.8121185],[-58.4299807,-34.8125379],[-58.4261973,-34.8176449],[-58.4249411,-34.8196933],[-58.421273,-34.8185067],[-58.4200831,-34.8184414],[-58.412739,-34.8229359],[-58.4094793,-34.8227634],[-58.4051587,-34.8212195],[-58.4026095,-34.8246957],[-58.3991439,-34.8263693],[-58.3988126,-34.8269739],[-58.3986073,-34.82867],[-58.3928453,-34.8282956],[-58.3915194,-34.8265504],[-58.3915366,-34.8263514]]}},{"type":"Feature","properties":{"linea":"164","linea_nombre":"Línea 164","ramal":"A fin de semana","sentido":"IDA","subgrupo":"Línea 164","subgrupo_detalle":"Ramal A fin de semana","color_hex":"#2563eb","operador":"General Tomás Guido S.A.C.I.F.","cabecera_inicio":"9 de Abril","cabecera_fin":"Plaza Miserere","nombre":"Línea 164 - A fin de semana - IDA","numero":"164","categoria":"NACIONAL","subcategoria":"A fin de semana","color":"#2563eb","descripcion":"Línea 164 - Ramal A fin de semana: Rotonda El Vapor → Once","network":"NACIONAL","routeId":"osm:10150166","source":"OpenStreetMap","license":"ODbL-1.0"},"geometry":{"type":"LineString","coordinates":[[-58.3854673,-34.8338437],[-58.3904947,-34.8352309],[-58.3973779,-34.8356897],[-58.4008261,-34.8349924],[-58.4026786,-34.8348879],[-58.4097143,-34.8339107],[-58.4132856,-34.8318276],[-58.4202582,-34.826193],[-58.427818,-34.8200952],[-58.4303574,-34.8169528],[-58.4335792,-34.812641],[-58.4385075,-34.8062448],[-58.4389618,-34.8049674],[-58.4403735,-34.8031567],[-58.4475507,-34.7940089],[-58.4518183,-34.7882008],[-58.4562416,-34.7817507],[-58.4591767,-34.7773672],[-58.4609766,-34.7760084],[-58.4681909,-34.7728426],[-58.4734816,-34.7700345],[-58.4714904,-34.7727062],[-58.4722584,-34.7768191],[-58.4799277,-34.78069],[-58.4862014,-34.787446],[-58.4797266,-34.8015764],[-58.4781457,-34.7987661],[-58.4782715,-34.8035564],[-58.4773548,-34.8047436],[-58.47095,-34.812964],[-58.4701685,-34.814092],[-58.4672533,-34.8131454],[-58.4697971,-34.8149387],[-58.4670333,-34.8199685],[-58.4652048,-34.8194301],[-58.4634315,-34.8180474],[-58.4583692,-34.8153434],[-58.4551239,-34.8136349],[-58.4497091,-34.8107707],[-58.4403313,-34.805819],[-58.4393157,-34.8054519],[-58.4373913,-34.8042626],[-58.4242313,-34.7976086],[-58.4171254,-34.7940072],[-58.4086816,-34.7894156],[-58.4076017,-34.7861814],[-58.4061989,-34.7813935],[-58.3979467,-34.776649],[-58.3972028,-34.7749013],[-58.3975288,-34.7748005],[-58.3981372,-34.7603297],[-58.3984978,-34.755194],[-58.3967555,-34.7466437],[-58.3986098,-34.7425703],[-58.3968857,-34.7330316],[-58.3951613,-34.7248172],[-58.3942897,-34.720593],[-58.3933576,-34.7161698],[-58.391779,-34.7089811],[-58.3916613,-34.7071276],[-58.3906467,-34.6994736],[-58.3961631,-34.6948415],[-58.402982,-34.6890627],[-58.4049837,-34.6847833],[-58.4040976,-34.6795847],[-58.4024896,-34.6762074],[-58.408229,-34.6719764],[-58.4125252,-34.6687942],[-58.4176021,-34.6649894],[-58.4167776,-34.6607194],[-58.4163765,-34.6566983],[-58.4163491,-34.6527964],[-58.4163134,-34.6508054],[-58.4161957,-34.6485268],[-58.4143644,-34.6453875],[-58.4132647,-34.6430194],[-58.4131907,-34.6384208],[-58.4144632,-34.6336633],[-58.4146049,-34.6267848],[-58.4151018,-34.6208466],[-58.4161971,-34.6135409],[-58.4135317,-34.6093121],[-58.4095774,-34.6090239],[-58.40827,-34.6093378]]}},{"type":"Feature","properties":{"linea":"164","linea_nombre":"Línea 164","ramal":"A fines de semana","sentido":"IDA","subgrupo":"Línea 164","subgrupo_detalle":"Ramal A fines de semana","color_hex":"#2563eb","operador":"General Tomás Guido S.A.C.I.F.","cabecera_inicio":"Plaza Miserere","cabecera_fin":"","nombre":"Línea 164 - A fines de semana - IDA","numero":"164","categoria":"NACIONAL","subcategoria":"A fines de semana","color":"#2563eb","descripcion":"Línea 164 - Ramal A fines de semana: Once → Rotonda El Vapor","network":"NACIONAL","routeId":"osm:10143344","source":"OpenStreetMap","license":"ODbL-1.0"},"geometry":{"type":"LineString","coordinates":[[-58.4080426,-34.6093163],[-58.4062845,-34.6091681],[-58.4061659,-34.6099812],[-58.4087801,-34.6103184],[-58.4155514,-34.6108102],[-58.4172709,-34.6137714],[-58.4166298,-34.619802],[-58.4161426,-34.6248498],[-58.4159281,-34.6308332],[-58.416195,-34.6371592],[-58.4160931,-34.6421399],[-58.4161685,-34.6459296],[-58.4163827,-34.6494185],[-58.4164072,-34.6513211],[-58.416426,-34.6532514],[-58.4166168,-34.6585097],[-58.4174656,-34.6633929],[-58.4125252,-34.6687942],[-58.4106927,-34.6701356],[-58.4065725,-34.6732153],[-58.4034345,-34.6755053],[-58.4018947,-34.6779086],[-58.404494,-34.6797874],[-58.4049837,-34.6847833],[-58.4033115,-34.6887804],[-58.3948708,-34.6959359],[-58.3921006,-34.698266],[-58.3919148,-34.7034657],[-58.3918515,-34.7087347],[-58.3939238,-34.7183409],[-58.3952887,-34.7247565],[-58.3972411,-34.7341339],[-58.3991021,-34.7433725],[-58.4004687,-34.7502608],[-58.4030265,-34.7554439],[-58.401609,-34.7638631],[-58.3977868,-34.772637],[-58.3987667,-34.779054],[-58.4052368,-34.7823815],[-58.4070529,-34.7835737],[-58.4096282,-34.7899418],[-58.4120234,-34.7912754],[-58.4176632,-34.7942789],[-58.4216597,-34.7962991],[-58.4292982,-34.8001534],[-58.4373913,-34.8042626],[-58.4397348,-34.8047099],[-58.4409948,-34.8061778],[-58.4534492,-34.8127477],[-58.4573002,-34.8147849],[-58.4646591,-34.8186904],[-58.4683059,-34.8162967],[-58.4692546,-34.8148203],[-58.4722245,-34.8158302],[-58.4704915,-34.8142674],[-58.4756304,-34.8069293],[-58.4782715,-34.8035564],[-58.4786389,-34.7995878],[-58.4801262,-34.7956557],[-58.48663,-34.7841625],[-58.4775776,-34.7795799],[-58.4723168,-34.7741145],[-58.4713022,-34.772725],[-58.4714107,-34.7724388],[-58.4729287,-34.7711682],[-58.4738717,-34.7703401],[-58.4716339,-34.7714911],[-58.4634109,-34.7747101],[-58.4603658,-34.7774306],[-58.4581215,-34.7804055],[-58.454738,-34.7848259],[-58.4502888,-34.7907778],[-58.4439471,-34.798554],[-58.4398579,-34.8046807],[-58.4395375,-34.8056143],[-58.4373871,-34.8080552],[-58.4328816,-34.8140904],[-58.4302948,-34.8173942],[-58.4257026,-34.8219285],[-58.418064,-34.8280937],[-58.4109516,-34.8335926],[-58.4042602,-34.8348959],[-58.4009546,-34.8355461],[-58.3960691,-34.8359546],[-58.3859622,-34.834341]]}},{"type":"Feature","properties":{"linea":"164","linea_nombre":"Línea 164","ramal":"A","sentido":"IDA","subgrupo":"Línea 164","subgrupo_detalle":"Ramal A","color_hex":"#2563eb","operador":"General Tomás Guido S.A.C.I.F.","cabecera_inicio":"9 de Abril","cabecera_fin":"Avenida Sáenz","nombre":"Línea 164 - A - IDA","numero":"164","categoria":"NACIONAL","subcategoria":"A","color":"#2563eb","descripcion":"Línea 164 - Ramal A: Rotonda El Vapor → Nueva Pompeya","network":"NACIONAL","routeId":"osm:19936236","source":"OpenStreetMap","license":"ODbL-1.0"},"geometry":{"type":"LineString","coordinates":[[-58.3854673,-34.8338437],[-58.3895142,-34.8351156],[-58.3963981,-34.835843],[-58.4001919,-34.83525],[-58.4011287,-34.83493],[-58.4042599,-34.8346688],[-58.4097143,-34.8339107],[-58.4127683,-34.8322494],[-58.4189745,-34.8272374],[-58.4232213,-34.823779],[-58.4289759,-34.8190028],[-58.4308805,-34.8162497],[-58.4335792,-34.812641],[-58.4377989,-34.806991],[-58.4389985,-34.8052327],[-58.4394023,-34.8045881],[-58.4427685,-34.7999033],[-58.4482017,-34.7932645],[-58.4518183,-34.7882008],[-58.4561853,-34.7819897],[-58.4579961,-34.7791292],[-58.4597873,-34.7766882],[-58.4619296,-34.7753392],[-58.46923,-34.7724691],[-58.4734816,-34.7700345],[-58.4722241,-34.7722051],[-58.472251,-34.7749412],[-58.4772848,-34.7793537],[-58.4838086,-34.7826532],[-58.4874786,-34.7857125],[-58.4797266,-34.8015764],[-58.4782156,-34.7989993],[-58.4794612,-34.8019531],[-58.477723,-34.8042574],[-58.4733455,-34.8098746],[-58.4717363,-34.8119209],[-58.4701685,-34.814092],[-58.467402,-34.812937],[-58.469357,-34.814726],[-58.4704719,-34.8158536],[-58.4663147,-34.8199175],[-58.4651094,-34.8190592],[-58.4634315,-34.8180474],[-58.4573002,-34.8147849],[-58.4546955,-34.8134102],[-58.4509574,-34.811434],[-58.4435229,-34.8074944],[-58.4400551,-34.8056157],[-58.4393157,-34.8054519],[-58.438388,-34.8047256],[-58.4278407,-34.799414],[-58.4211617,-34.7960409],[-58.4140831,-34.7924356],[-58.4085457,-34.78934],[-58.4076017,-34.7861814],[-58.4065143,-34.7815595],[-58.401208,-34.778416],[-58.3968648,-34.7755138],[-58.3983735,-34.7666158],[-58.3984976,-34.7656748],[-58.3981372,-34.7603297],[-58.3989175,-34.7572482],[-58.3975951,-34.7507586],[-58.3960994,-34.7432687],[-58.3983246,-34.7400892],[-58.3963821,-34.7305727],[-58.3951613,-34.7248172],[-58.3943588,-34.7209243],[-58.3936987,-34.7177839],[-58.3925695,-34.7126608],[-58.3916151,-34.7082834],[-58.3916728,-34.7067461],[-58.3906467,-34.6994736],[-58.3953584,-34.6955223],[-58.4001214,-34.6914652],[-58.4045525,-34.687734],[-58.4048036,-34.6827672],[-58.4034621,-34.6791587],[-58.4024896,-34.6762074],[-58.4067154,-34.6731053],[-58.4108525,-34.6700256],[-58.415595,-34.6665181],[-58.41733,-34.6633848],[-58.4165821,-34.6594557],[-58.4163765,-34.6566983],[-58.4163586,-34.6538832]]}},{"type":"Feature","properties":{"linea":"164","linea_nombre":"Línea 164","ramal":"C","sentido":"IDA","subgrupo":"Línea 164","subgrupo_detalle":"Ramal C","color_hex":"#2563eb","operador":"General Tomás Guido S.A.C.I.F.","cabecera_inicio":"Pompeya","cabecera_fin":"9 de Abril","nombre":"Línea 164 - C - IDA","numero":"164","categoria":"NACIONAL","subcategoria":"C","color":"#2563eb","descripcion":"Línea 164 - Ramal C: Pompeya → Rotonda El Vapor","network":"NACIONAL","routeId":"osm:10156530","source":"OpenStreetMap","license":"ODbL-1.0"},"geometry":{"type":"LineString","coordinates":[[-58.4164418,-34.6540807],[-58.4166323,-34.6586768],[-58.4174656,-34.6633929],[-58.412332,-34.6689309],[-58.4121865,-34.6690391],[-58.4094194,-34.6710895],[-58.4049304,-34.6744053],[-58.4021401,-34.6764622],[-58.4041211,-34.6794208],[-58.4048036,-34.6827672],[-58.4043507,-34.6879193],[-58.3975708,-34.6936418],[-58.3957839,-34.695164],[-58.3928063,-34.6976926],[-58.3919148,-34.7034657],[-58.3917532,-34.7083322],[-58.3936322,-34.7169249],[-58.3950405,-34.723544],[-58.3963491,-34.7298409],[-58.3984397,-34.7400722],[-58.4001198,-34.748545],[-58.4008268,-34.7521199],[-58.4000824,-34.7558869],[-58.4033731,-34.7639917],[-58.4105758,-34.7684367],[-58.4169218,-34.7718262],[-58.4236433,-34.7754441],[-58.4296394,-34.7783449],[-58.4364511,-34.770953],[-58.4441163,-34.7713424],[-58.4538596,-34.7763851],[-58.4580716,-34.7785187],[-58.4595051,-34.7769964],[-58.4603399,-34.7773884],[-58.4582112,-34.7802853],[-58.4553301,-34.784167],[-58.4511453,-34.7896721],[-58.4477561,-34.7941402],[-58.4450457,-34.7977671],[-58.4575407,-34.8043979],[-58.4667328,-34.8092435],[-58.4672267,-34.8131784],[-58.4697971,-34.8149387],[-58.4714834,-34.8146856],[-58.47095,-34.812964],[-58.4764869,-34.8058287],[-58.4794612,-34.8019531],[-58.4784114,-34.7993032],[-58.4821679,-34.7982761],[-58.4855583,-34.7983954],[-58.4930718,-34.7906847],[-58.4902347,-34.7945133],[-58.4910099,-34.7863495],[-58.4891814,-34.7834971],[-58.4926216,-34.7786838],[-58.4904204,-34.7816902],[-58.4939496,-34.7769254],[-58.4800052,-34.780814],[-58.4721982,-34.7768756],[-58.4721002,-34.7767024],[-58.4711927,-34.7725786],[-58.4718052,-34.7723797],[-58.4729303,-34.7710964],[-58.4734577,-34.7708685],[-58.4713297,-34.7716711],[-58.4634109,-34.7747101],[-58.4605967,-34.7771261],[-58.4582997,-34.7801662],[-58.4555348,-34.7838889],[-58.4516752,-34.7889499],[-58.4463274,-34.7955318],[-58.440352,-34.8034341],[-58.4399501,-34.8051242],[-58.4392454,-34.8057129],[-58.436354,-34.8094391],[-58.4324359,-34.8146875],[-58.4301618,-34.8175734],[-58.4257026,-34.8219285],[-58.4183144,-34.8278936],[-58.4114695,-34.833329],[-58.405658,-34.834631],[-58.4013125,-34.8354939],[-58.397705,-34.8358832],[-58.3898089,-34.8352375],[-58.3859622,-34.834341]]}},{"type":"Feature","properties":{"linea":"164","linea_nombre":"Línea 164","ramal":"C","sentido":"IDA","subgrupo":"Línea 164","subgrupo_detalle":"Ramal C","color_hex":"#2563eb","operador":"General Tomás Guido S.A.C.I.F.","cabecera_inicio":"9 de Abril","cabecera_fin":"Pompeya","nombre":"Línea 164 - C - IDA","numero":"164","categoria":"NACIONAL","subcategoria":"C","color":"#2563eb","descripcion":"Línea 164 - Ramal C: Rotonda El Vapor → Pompeya","network":"NACIONAL","routeId":"osm:10156529","source":"OpenStreetMap","license":"ODbL-1.0"},"geometry":{"type":"LineString","coordinates":[[-58.3854673,-34.8338437],[-58.3895142,-34.8351156],[-58.3963981,-34.835843],[-58.4001919,-34.83525],[-58.4011287,-34.83493],[-58.4042599,-34.8346688],[-58.4097143,-34.8339107],[-58.4127683,-34.8322494],[-58.4189745,-34.8272374],[-58.4232213,-34.823779],[-58.4289759,-34.8190028],[-58.4308805,-34.8162497],[-58.4335792,-34.812641],[-58.4377989,-34.806991],[-58.4389985,-34.8052327],[-58.4394023,-34.8045881],[-58.4427685,-34.7999033],[-58.4482017,-34.7932645],[-58.4518183,-34.7882008],[-58.4561853,-34.7819897],[-58.4579961,-34.7791292],[-58.4597873,-34.7766882],[-58.4619296,-34.7753392],[-58.46923,-34.7724691],[-58.4734816,-34.7700345],[-58.4722241,-34.7722051],[-58.472251,-34.7749412],[-58.4772848,-34.7793537],[-58.4838086,-34.7826532],[-58.4900301,-34.7823243],[-58.4930671,-34.7780836],[-58.4904204,-34.7816902],[-58.4935023,-34.7774963],[-58.4948246,-34.7883248],[-58.4925109,-34.7914399],[-58.4899712,-34.7948592],[-58.4855583,-34.7983954],[-58.4800594,-34.7972049],[-58.4784114,-34.7993032],[-58.4792932,-34.7968217],[-58.4773548,-34.8047436],[-58.471845,-34.8117841],[-58.47095,-34.812964],[-58.4706291,-34.8143425],[-58.4692057,-34.8105915],[-58.4592541,-34.805298],[-58.4518199,-34.8013435],[-58.4450457,-34.7977671],[-58.4424639,-34.8000425],[-58.4460797,-34.7953896],[-58.4509088,-34.7897475],[-58.4540204,-34.7851987],[-58.4565631,-34.7812347],[-58.4578984,-34.7787162],[-58.4539735,-34.7765626],[-58.4436382,-34.7711917],[-58.4305682,-34.7788151],[-58.4364511,-34.770953],[-58.4305682,-34.7788151],[-58.4226467,-34.7748996],[-58.4214489,-34.774249],[-58.4105758,-34.7684367],[-58.4097087,-34.7655055],[-58.4042298,-34.7614061],[-58.3982582,-34.7610324],[-58.3978563,-34.758559],[-58.3978394,-34.7519562],[-58.3961549,-34.7435604],[-58.3985895,-34.7413821],[-58.3968857,-34.7330316],[-58.3956125,-34.7268685],[-58.3945069,-34.7216955],[-58.3938133,-34.7183554],[-58.3926149,-34.7128726],[-58.3917282,-34.7087513],[-58.3916613,-34.7071276],[-58.391911,-34.6998624],[-58.3943824,-34.6963534],[-58.3991465,-34.6923131],[-58.4043507,-34.6879193],[-58.4049058,-34.6839196],[-58.4040976,-34.6795847],[-58.4016517,-34.6768239],[-58.4057591,-34.6738037],[-58.4105913,-34.6702121],[-58.4141041,-34.6676203],[-58.4175998,-34.6648763],[-58.4167776,-34.6607194],[-58.4163711,-34.656895],[-58.4163586,-34.6538832]]}},{"type":"Feature","properties":{"linea":"164","linea_nombre":"Línea 164","ramal":"B","sentido":"IDA","subgrupo":"Línea 164","subgrupo_detalle":"Ramal B","color_hex":"#2563eb","operador":"General Tomás Guido S.A.C.I.F.","cabecera_inicio":"Estación Burzaco","cabecera_fin":"Pompeya","nombre":"Línea 164 - B - IDA","numero":"164","categoria":"NACIONAL","subcategoria":"B","color":"#2563eb","descripcion":"Línea 164 - Ramal B: Burzaco → Pompeya","network":"NACIONAL","routeId":"osm:10150532","source":"OpenStreetMap","license":"ODbL-1.0"},"geometry":{"type":"LineString","coordinates":[[-58.391581,-34.825815],[-58.3918503,-34.8254894],[-58.396946,-34.8254536],[-58.397659,-34.8264903],[-58.399825,-34.8233432],[-58.4017555,-34.8242809],[-58.4051587,-34.8212195],[-58.4092968,-34.8226742],[-58.4162908,-34.8180811],[-58.4119642,-34.8240036],[-58.4186788,-34.8162111],[-58.4249867,-34.819567],[-58.4280912,-34.8168977],[-58.4290608,-34.815318],[-58.4288455,-34.8140624],[-58.4320955,-34.812701],[-58.4366216,-34.8066692],[-58.4366216,-34.8066692],[-58.4334139,-34.8022424],[-58.4263981,-34.7998411],[-58.4258468,-34.7984194],[-58.4259985,-34.7968627],[-58.4289892,-34.7962463],[-58.4283908,-34.7966572],[-58.4309185,-34.7963893],[-58.4301302,-34.7967656],[-58.4353042,-34.7882208],[-58.4312605,-34.7936385],[-58.4338352,-34.7853435],[-58.4314107,-34.7842425],[-58.4248266,-34.7817479],[-58.4230613,-34.7808554],[-58.4192393,-34.778852],[-58.4171843,-34.7777418],[-58.4150357,-34.7765996],[-58.4126366,-34.7753105],[-58.4113375,-34.7746017],[-58.4085853,-34.7731216],[-58.4076204,-34.7706878],[-58.4063909,-34.7647902],[-58.4027578,-34.7616007],[-58.3984419,-34.7621675],[-58.3981028,-34.7601281],[-58.3978563,-34.758559],[-58.3983736,-34.7545494],[-58.3975951,-34.7507586],[-58.3964643,-34.7451979],[-58.3960613,-34.7430565],[-58.3985895,-34.7413821],[-58.3976135,-34.7364766],[-58.3963821,-34.7305727],[-58.3957174,-34.727328],[-58.395135,-34.7246823],[-58.3945069,-34.7216955],[-58.3940868,-34.7196254],[-58.3936987,-34.7177839],[-58.3928373,-34.7138243],[-58.392347,-34.7116533],[-58.3917282,-34.7087513],[-58.3916422,-34.7077171],[-58.3916728,-34.7067461],[-58.3918562,-34.7013236],[-58.3918867,-34.6984838],[-58.3943824,-34.6963534],[-58.3971349,-34.6940113],[-58.4001214,-34.6914652],[-58.4033115,-34.6887804],[-58.4047749,-34.6869339],[-58.4049058,-34.6839196],[-58.4045305,-34.6798334],[-58.4034621,-34.6791587],[-58.4009505,-34.6773634],[-58.4033082,-34.6756027],[-58.4057591,-34.6738037],[-58.4090803,-34.6713451],[-58.4108525,-34.6700256],[-58.4138712,-34.6677873],[-58.4164212,-34.6659148],[-58.4175998,-34.6648763],[-58.4171834,-34.6625691],[-58.4165821,-34.6594557],[-58.4164247,-34.6573465],[-58.4163608,-34.6560212],[-58.4163586,-34.6538832]]}},{"type":"Feature","properties":{"linea":"164","linea_nombre":"Línea 164","ramal":"A","sentido":"IDA","subgrupo":"Línea 164","subgrupo_detalle":"Ramal A","color_hex":"#2563eb","operador":"General Tomás Guido S.A.C.I.F.","cabecera_inicio":"","cabecera_fin":"","nombre":"Línea 164 - A - IDA","numero":"164","categoria":"NACIONAL","subcategoria":"A","color":"#2563eb","descripcion":"Línea 164 - Ramal A: Nueva Pompeya → Rotonda El Vapor","network":"NACIONAL","routeId":"osm:19936237","source":"OpenStreetMap","license":"ODbL-1.0"},"geometry":{"type":"LineString","coordinates":[[-58.4164198,-34.6520961],[-58.4164526,-34.6545602],[-58.4167143,-34.6594536],[-58.4174656,-34.6633929],[-58.4175968,-34.665065],[-58.4164212,-34.6659148],[-58.408229,-34.6719764],[-58.4057591,-34.6738037],[-58.4042237,-34.6749234],[-58.4018947,-34.6779086],[-58.404494,-34.6797874],[-58.4046074,-34.6806056],[-58.4045525,-34.687734],[-58.3981403,-34.6931601],[-58.3957839,-34.695164],[-58.3921006,-34.698266],[-58.391954,-34.7022678],[-58.3917782,-34.7074815],[-58.3927599,-34.7128533],[-58.3941893,-34.7196088],[-58.3955347,-34.7259084],[-58.3972411,-34.7341339],[-58.3989507,-34.7425767],[-58.4003639,-34.7497239],[-58.400839,-34.7521674],[-58.4000824,-34.7558869],[-58.4018833,-34.765167],[-58.3977868,-34.772637],[-58.3971782,-34.7782033],[-58.4051323,-34.7821704],[-58.405825,-34.7836002],[-58.4077148,-34.7861588],[-58.4085864,-34.7893626],[-58.4120234,-34.7912754],[-58.4159668,-34.7934005],[-58.4232155,-34.7971018],[-58.4270315,-34.7990131],[-58.4322056,-34.8016361],[-58.4381883,-34.8045876],[-58.4397348,-34.8047099],[-58.4403859,-34.805782],[-58.4484692,-34.8101175],[-58.4551239,-34.8136349],[-58.4584871,-34.8154053],[-58.4651739,-34.8189132],[-58.4683059,-34.8162967],[-58.4691303,-34.8149225],[-58.4704899,-34.8151959],[-58.4714216,-34.8146534],[-58.47095,-34.812964],[-58.4764498,-34.8058762],[-58.4782715,-34.8035564],[-58.4796124,-34.8008079],[-58.4781526,-34.7984189],[-58.4853499,-34.7886213],[-58.4838831,-34.7827772],[-58.4762226,-34.7788971],[-58.4723168,-34.7741145],[-58.4713878,-34.7727375],[-58.4712466,-34.7724799],[-58.4721277,-34.7721489],[-58.472963,-34.771086],[-58.4734577,-34.7708685],[-58.4716339,-34.7714911],[-58.4643447,-34.7743131],[-58.4608593,-34.7765718],[-58.4589801,-34.7792552],[-58.4574263,-34.7813134],[-58.4542492,-34.7855508],[-58.4502888,-34.7907778],[-58.4454908,-34.7965107],[-58.4399706,-34.80413],[-58.4399178,-34.8052144],[-58.4392454,-34.8057129],[-58.4367476,-34.8089118],[-58.4328816,-34.8140904],[-58.430503,-34.8172355],[-58.4285165,-34.819659],[-58.4217402,-34.8251314],[-58.4157832,-34.8299369],[-58.4102593,-34.8338557],[-58.4042602,-34.8348959],[-58.4011299,-34.8355661],[-58.3972599,-34.8359114],[-58.3898089,-34.8352375],[-58.3859622,-34.834341]]}},{"type":"Feature","properties":{"linea":"177","linea_nombre":"Línea 177","ramal":"1","sentido":"IDA","subgrupo":"Línea 177","subgrupo_detalle":"Ramal 1","color_hex":"#2563eb","operador":"Empresa San Vicente S.A.T.","cabecera_inicio":"Estación Burzaco","cabecera_fin":"Plaza Nueva Pompeya","nombre":"Línea 177 - 1 - IDA","numero":"177","categoria":"NACIONAL","subcategoria":"1","color":"#2563eb","descripcion":"Línea 177 - Ramal 1: Burzaco → Nueva Pompeya","network":"NACIONAL","routeId":"osm:19785776","source":"OpenStreetMap","license":"ODbL-1.0"},"geometry":{"type":"LineString","coordinates":[[-58.3910388,-34.8242826],[-58.3911104,-34.8245321],[-58.3906662,-34.8244886],[-58.3890636,-34.8244786],[-58.388465,-34.8269444],[-58.3869333,-34.8303575],[-58.3854069,-34.8334179],[-58.3854773,-34.8340297],[-58.3849145,-34.8342164],[-58.3844635,-34.83362],[-58.3803977,-34.8314172],[-58.3752706,-34.8286888],[-58.3714309,-34.82663],[-58.3648232,-34.8230907],[-58.3604625,-34.8207767],[-58.3554357,-34.8180809],[-58.3511332,-34.8157537],[-58.3477463,-34.8137523],[-58.3467423,-34.8120059],[-58.3459182,-34.8104536],[-58.3448065,-34.8095623],[-58.3424976,-34.8082779],[-58.3384459,-34.8060614],[-58.3364769,-34.8050681],[-58.3320633,-34.8027089],[-58.332559,-34.802656],[-58.3346314,-34.8039066],[-58.3353424,-34.8032662],[-58.3342338,-34.8022728],[-58.3364484,-34.8009712],[-58.3372914,-34.8009945],[-58.3384667,-34.8007134],[-58.3394151,-34.7993845],[-58.341715,-34.7961087],[-58.3423274,-34.7935103],[-58.3406786,-34.7889583],[-58.3427249,-34.7873505],[-58.3427674,-34.7873307],[-58.3456622,-34.7854087],[-58.3431801,-34.7840294],[-58.3466593,-34.7798958],[-58.3512323,-34.7746757],[-58.3546687,-34.7705021],[-58.3565846,-34.7679696],[-58.3600471,-34.7633093],[-58.363092,-34.7602307],[-58.3680048,-34.7533889],[-58.3688747,-34.7521552],[-58.3702431,-34.7518115],[-58.3711342,-34.746729],[-58.3734798,-34.743531],[-58.3714206,-34.7450622],[-58.3763787,-34.7418953],[-58.3799993,-34.7389513],[-58.3860101,-34.7371206],[-58.3886122,-34.7367251],[-58.3900751,-34.7319209],[-58.390014,-34.7257279],[-58.392101,-34.7228328],[-58.3942184,-34.7225135],[-58.3942213,-34.720915],[-58.3940868,-34.7196254],[-58.3935987,-34.7173075],[-58.3926149,-34.7128726],[-58.3919038,-34.7095898],[-58.3916301,-34.7080369],[-58.3916632,-34.707059],[-58.3918562,-34.7013236],[-58.3919495,-34.6981508],[-58.390617,-34.6949907],[-58.3893783,-34.6920387],[-58.3904016,-34.6913374],[-58.3931743,-34.6892409],[-58.3965598,-34.6866936],[-58.3992493,-34.6847168],[-58.4033501,-34.6804221],[-58.4051591,-34.6787075],[-58.4082442,-34.6762264],[-58.4091287,-34.6753466],[-58.4118765,-34.6726017],[-58.4106927,-34.6701356],[-58.4138712,-34.6677873],[-58.4170073,-34.6654753],[-58.41733,-34.6633848],[-58.4169048,-34.6612726],[-58.4164658,-34.6580553],[-58.4163748,-34.6564544],[-58.4162354,-34.6542789],[-58.4161115,-34.6522119],[-58.4156339,-34.6521108]]}},{"type":"Feature","properties":{"linea":"177","linea_nombre":"Línea 177","ramal":"1","sentido":"IDA","subgrupo":"Línea 177","subgrupo_detalle":"Ramal 1","color_hex":"#2563eb","operador":"Empresa San Vicente S.A.T.","cabecera_inicio":"Plaza Nueva Pompeya","cabecera_fin":"Estación Burzaco","nombre":"Línea 177 - 1 - IDA","numero":"177","categoria":"NACIONAL","subcategoria":"1","color":"#2563eb","descripcion":"Línea 177 - Ramal 1: Nueva Pompeya → Burzaco","network":"NACIONAL","routeId":"osm:19567968","source":"OpenStreetMap","license":"ODbL-1.0"},"geometry":{"type":"LineString","coordinates":[[-58.4156339,-34.6521108],[-58.4144026,-34.6517965],[-58.4144519,-34.6516889],[-58.415806,-34.6517782],[-58.4164139,-34.651865],[-58.4165681,-34.6534926],[-58.4166051,-34.6571507],[-58.4170284,-34.6612567],[-58.4174656,-34.6633929],[-58.4164212,-34.6659148],[-58.4138712,-34.6677873],[-58.4115216,-34.6695336],[-58.4114448,-34.6708469],[-58.4097066,-34.6746753],[-58.4069286,-34.6775969],[-58.4042316,-34.6797349],[-58.3994598,-34.6848842],[-58.3957937,-34.6875923],[-58.3930317,-34.6896488],[-58.3913179,-34.6909471],[-58.3900551,-34.6932823],[-58.3920609,-34.6981057],[-58.3920179,-34.7003002],[-58.3918777,-34.7046916],[-58.3917362,-34.708175],[-58.3927435,-34.7127764],[-58.3939238,-34.7183409],[-58.3948953,-34.7210412],[-58.394956,-34.7215093],[-58.3944053,-34.7218095],[-58.3941807,-34.7226031],[-58.392082,-34.7229653],[-58.3901566,-34.7258586],[-58.3901276,-34.7299471],[-58.3901864,-34.7340848],[-58.3902792,-34.7361993],[-58.3902877,-34.7364447],[-58.3886122,-34.7367251],[-58.3842224,-34.7376401],[-58.3782547,-34.7403923],[-58.3750563,-34.7429983],[-58.3743223,-34.7439703],[-58.3714402,-34.7450138],[-58.3710006,-34.7474385],[-58.3704634,-34.7505732],[-58.3688747,-34.7521552],[-58.3642842,-34.7585582],[-58.3624069,-34.7618575],[-58.3577748,-34.7663944],[-58.3576934,-34.7665001],[-58.350306,-34.7757275],[-58.3533784,-34.772214],[-58.3487549,-34.7775051],[-58.3478795,-34.7807438],[-58.34647,-34.7857788],[-58.3427674,-34.7873307],[-58.3406786,-34.7889583],[-58.3423274,-34.7935103],[-58.3424427,-34.7935698],[-58.3414365,-34.7965085],[-58.3401372,-34.7983705],[-58.3384883,-34.8006937],[-58.3372914,-34.8009945],[-58.3354936,-34.8011781],[-58.3343484,-34.8026157],[-58.3365257,-34.8021571],[-58.3366603,-34.8050051],[-58.33773,-34.8056697],[-58.34352,-34.8088383],[-58.340822,-34.8073499],[-58.3455565,-34.8099812],[-58.3495496,-34.8122383],[-58.3528036,-34.8137885],[-58.3570885,-34.8161655],[-58.359303,-34.8174262],[-58.3634056,-34.819785],[-58.3677376,-34.8221554],[-58.3758389,-34.8264867],[-58.3816491,-34.8296057],[-58.3862832,-34.8315162],[-58.3869333,-34.8303575],[-58.3883684,-34.8274703],[-58.3893865,-34.8259361],[-58.3907222,-34.8242944],[-58.3908041,-34.8239359],[-58.3910014,-34.8234391],[-58.3910932,-34.8235379],[-58.3910872,-34.8237135]]}},{"type":"Feature","properties":{"linea":"178","linea_nombre":"Línea 178","ramal":"G","sentido":"IDA","subgrupo":"Línea 178","subgrupo_detalle":"Ramal G","color_hex":"#2563eb","operador":"Compañia Microomnibus La Colorada S.A.C.I.","cabecera_inicio":"Plaza Nueva Pompeya","cabecera_fin":"","nombre":"Línea 178 - G - IDA","numero":"178","categoria":"NACIONAL","subcategoria":"G","color":"#2563eb","descripcion":"Línea 178 - Ramal G: Nueva Pompeya → Zeballos","network":"NACIONAL","routeId":"osm:19690062","source":"OpenStreetMap","license":"ODbL-1.0"},"geometry":{"type":"LineString","coordinates":[[-58.4155405,-34.6517867],[-58.4164153,-34.652246],[-58.4165704,-34.6547482],[-58.4168387,-34.6603923],[-58.4175108,-34.6636467],[-58.412332,-34.6689309],[-58.4115216,-34.6695336],[-58.4064277,-34.6648516],[-58.3991741,-34.6663674],[-58.3915975,-34.671434],[-58.388835,-34.6689979],[-58.3843457,-34.6670919],[-58.377302,-34.6640908],[-58.3756591,-34.6621169],[-58.3736411,-34.6596321],[-58.371085,-34.6605342],[-58.3702746,-34.6596406],[-58.3679445,-34.6620403],[-58.3661435,-34.6647736],[-58.3651841,-34.6662748],[-58.3640391,-34.6680073],[-58.3614371,-34.6718423],[-58.3615669,-34.6727267],[-58.3632615,-34.6742336],[-58.3648722,-34.6756502],[-58.366542,-34.6771259],[-58.3682563,-34.6786435],[-58.3645482,-34.6816662],[-58.3610278,-34.6845266],[-58.3579358,-34.6818373],[-58.3583285,-34.6867009],[-58.3557456,-34.6889477],[-58.3523706,-34.6918261],[-58.3499299,-34.6938699],[-58.3464359,-34.6968331],[-58.3425735,-34.7000729],[-58.3400753,-34.7021572],[-58.3341627,-34.7066283],[-58.3271164,-34.712327],[-58.3229753,-34.7172446],[-58.328565,-34.7224583],[-58.3320996,-34.725723],[-58.3303918,-34.7296361],[-58.3267533,-34.732796],[-58.3233061,-34.735784],[-58.319954,-34.7387306],[-58.3197524,-34.7392466],[-58.3196194,-34.7396684],[-58.3189728,-34.7398568],[-58.3176011,-34.7407276],[-58.3147894,-34.7431562],[-58.3111055,-34.7463495],[-58.3090225,-34.7481629],[-58.3035882,-34.7528654],[-58.3003065,-34.7557049],[-58.2956635,-34.7597238],[-58.2905562,-34.7641426],[-58.2857511,-34.7680396],[-58.2804743,-34.7710926],[-58.2787237,-34.7724232],[-58.2772639,-34.7728971],[-58.2752792,-34.7739144],[-58.2675023,-34.7781364],[-58.2640052,-34.781554],[-58.2660951,-34.7826979],[-58.2680906,-34.7838083],[-58.2766702,-34.7884178],[-58.2783166,-34.7889147],[-58.278753,-34.7892753],[-58.2789128,-34.7913507],[-58.2789574,-34.79345],[-58.2788313,-34.796261],[-58.2786411,-34.7996361],[-58.2784849,-34.8023845],[-58.2783281,-34.8069967],[-58.2727467,-34.8106816],[-58.2705334,-34.8106226],[-58.2697475,-34.8115973],[-58.274447,-34.8117625],[-58.2720122,-34.8192163],[-58.2666107,-34.816389],[-58.2555074,-34.8144237],[-58.2533144,-34.8167585],[-58.251821,-34.8187258],[-58.2510781,-34.8196985]]}},{"type":"Feature","properties":{"linea":"178","linea_nombre":"Línea 178","ramal":"B","sentido":"IDA","subgrupo":"Línea 178","subgrupo_detalle":"Ramal B","color_hex":"#2563eb","operador":"Compañia Microomnibus La Colorada S.A.C.I.","cabecera_inicio":"Terminal La Colorada","cabecera_fin":"Plazoleta Estación Puente Alsina","nombre":"Línea 178 - B - IDA","numero":"178","categoria":"NACIONAL","subcategoria":"B","color":"#2563eb","descripcion":"Línea 178 - Ramal B: Zeballos → Nueva Pompeya","network":"NACIONAL","routeId":"osm:19787482","source":"OpenStreetMap","license":"ODbL-1.0"},"geometry":{"type":"LineString","coordinates":[[-58.2508571,-34.8199918],[-58.2528834,-34.8173332],[-58.2563889,-34.8135858],[-58.2649915,-34.8155272],[-58.2725951,-34.8164731],[-58.2705434,-34.8126751],[-58.2697992,-34.8109589],[-58.2712529,-34.8106304],[-58.2744975,-34.8107518],[-58.2779352,-34.8104734],[-58.2781297,-34.804905],[-58.2784857,-34.8016502],[-58.2786645,-34.7984739],[-58.2787786,-34.7962605],[-58.2789261,-34.7930874],[-58.2787437,-34.7904435],[-58.278334,-34.7892952],[-58.2785443,-34.7885988],[-58.2788094,-34.7863142],[-58.279056,-34.7821659],[-58.279528,-34.7794682],[-58.2807346,-34.7763146],[-58.2817969,-34.773627],[-58.2931738,-34.7618759],[-58.2879041,-34.7664294],[-58.2962381,-34.7592333],[-58.2975399,-34.7581004],[-58.2983881,-34.7573576],[-58.3036979,-34.7527726],[-58.3079965,-34.7490382],[-58.3107204,-34.7467019],[-58.3107204,-34.7467019],[-58.3153464,-34.7426825],[-58.3183023,-34.7401241],[-58.3193944,-34.7391415],[-58.3205077,-34.7382214],[-58.325597,-34.7337989],[-58.3313059,-34.7288497],[-58.3277974,-34.7318791],[-58.3346042,-34.7259943],[-58.3361831,-34.7244668],[-58.3303244,-34.7212058],[-58.3228776,-34.7141296],[-58.3240301,-34.7097043],[-58.323386,-34.7091499],[-58.3208938,-34.7070007],[-58.3173383,-34.7039367],[-58.3208017,-34.7012129],[-58.3253243,-34.6976505],[-58.3281168,-34.6954118],[-58.3318038,-34.692819],[-58.3350233,-34.6905663],[-58.3376152,-34.6886025],[-58.3404014,-34.6861385],[-58.3428519,-34.6833265],[-58.3450884,-34.6805142],[-58.3472385,-34.6776645],[-58.3495423,-34.674845],[-58.3537288,-34.6704124],[-58.3558959,-34.6679493],[-58.3582708,-34.6659327],[-58.3611233,-34.6644723],[-58.3642767,-34.662908],[-58.3664687,-34.6612681],[-58.3696468,-34.6589568],[-58.370145,-34.6583824],[-58.3696862,-34.657816],[-58.3696006,-34.657382],[-58.3698657,-34.6567861],[-58.3709106,-34.6569281],[-58.3720051,-34.6577543],[-58.3726346,-34.6583772],[-58.3750667,-34.6610445],[-58.3765385,-34.6629762],[-58.3801591,-34.6652698],[-58.3848636,-34.6670457],[-58.3892935,-34.6692647],[-58.3926274,-34.6706242],[-58.3971805,-34.674545],[-58.4021401,-34.6764622],[-58.4065725,-34.6732153],[-58.4106927,-34.6701356],[-58.4147895,-34.6671271],[-58.4174601,-34.6641495],[-58.4167223,-34.6604072],[-58.4163726,-34.6568277],[-58.4162342,-34.6541773],[-58.4162015,-34.6521926]]}},{"type":"Feature","properties":{"linea":"178","linea_nombre":"Línea 178","ramal":"C Verde","sentido":"IDA","subgrupo":"Línea 178","subgrupo_detalle":"Ramal C Verde","color_hex":"#2563eb","operador":"Compañia Microomnibus La Colorada S.A.C.I.","cabecera_inicio":"Terminal La Colorada","cabecera_fin":"Plazoleta Estación Puente Alsina","nombre":"Línea 178 - C Verde - IDA","numero":"178","categoria":"NACIONAL","subcategoria":"C Verde","color":"#2563eb","descripcion":"Línea 178 - Ramal C Verde: Zeballos → Nueva Pompeya","network":"NACIONAL","routeId":"osm:19787480","source":"OpenStreetMap","license":"ODbL-1.0"},"geometry":{"type":"LineString","coordinates":[[-58.2508571,-34.8199918],[-58.2524373,-34.817912],[-58.2548769,-34.8150394],[-58.2621699,-34.8140713],[-58.2709171,-34.818641],[-58.2726257,-34.8127542],[-58.2697257,-34.8116796],[-58.2698392,-34.8107134],[-58.2721944,-34.8106643],[-58.2745885,-34.8107542],[-58.2779352,-34.8104734],[-58.2780761,-34.8059521],[-58.2784407,-34.8023768],[-58.2785389,-34.8005635],[-58.2787205,-34.7973939],[-58.2788739,-34.7946668],[-58.2789096,-34.7918853],[-58.278674,-34.7896986],[-58.2778335,-34.789038],[-58.2751773,-34.7876091],[-58.2683927,-34.7839888],[-58.2641006,-34.7816913],[-58.2617314,-34.7824261],[-58.2614229,-34.7826335],[-58.2613682,-34.7822995],[-58.261707,-34.7818007],[-58.2617001,-34.7809499],[-58.261178,-34.7803987],[-58.2614331,-34.7793474],[-58.2661203,-34.7788716],[-58.2703006,-34.7766057],[-58.2752792,-34.7739144],[-58.2784174,-34.7722157],[-58.2816155,-34.7704771],[-58.2931738,-34.7618759],[-58.2888646,-34.76561],[-58.2970675,-34.7585149],[-58.2931738,-34.7618759],[-58.3003065,-34.7557049],[-58.3023698,-34.7539229],[-58.3058319,-34.750919],[-58.3104323,-34.7469524],[-58.3132695,-34.7444608],[-58.3176358,-34.7406968],[-58.3153464,-34.7426825],[-58.3176358,-34.7406968],[-58.3192912,-34.7392667],[-58.3214989,-34.7373567],[-58.3240519,-34.7351375],[-58.3334806,-34.7269698],[-58.3295826,-34.7303436],[-58.3262919,-34.7331899],[-58.333605,-34.7268692],[-58.3372692,-34.7236947],[-58.338804,-34.7223796],[-58.3425277,-34.7191364],[-58.3403019,-34.7210725],[-58.3474958,-34.7148299],[-58.348211,-34.7142165],[-58.3537193,-34.7094348],[-58.3582058,-34.7055441],[-58.3546513,-34.7086175],[-58.3597236,-34.7043313],[-58.3641994,-34.7020426],[-58.3670658,-34.6997033],[-58.3687524,-34.6985791],[-58.3720804,-34.6958595],[-58.3752905,-34.6931274],[-58.3774317,-34.6912998],[-58.3800756,-34.6891934],[-58.3831918,-34.6867944],[-58.3851117,-34.6853429],[-58.3868608,-34.6857137],[-58.3907245,-34.6860571],[-58.3956358,-34.681843],[-58.399287,-34.6777087],[-58.4021401,-34.6764622],[-58.4057591,-34.6738037],[-58.4098875,-34.6707426],[-58.4138712,-34.6677873],[-58.4175968,-34.665065],[-58.4171834,-34.6625691],[-58.4164846,-34.6585297],[-58.4163608,-34.6560212],[-58.4162194,-34.6532365],[-58.4162015,-34.6521926]]}},{"type":"Feature","properties":{"linea":"178","linea_nombre":"Línea 178","ramal":"C Rojo","sentido":"IDA","subgrupo":"Línea 178","subgrupo_detalle":"Ramal C Rojo","color_hex":"#2563eb","operador":"Compañia Microomnibus La Colorada S.A.C.I.","cabecera_inicio":"Plaza Nueva Pompeya","cabecera_fin":"","nombre":"Línea 178 - C Rojo - IDA","numero":"178","categoria":"NACIONAL","subcategoria":"C Rojo","color":"#2563eb","descripcion":"Línea 178 - Ramal C Rojo: Nueva Pompeya → Zeballos","network":"NACIONAL","routeId":"osm:392981","source":"OpenStreetMap","license":"ODbL-1.0"},"geometry":{"type":"LineString","coordinates":[[-58.415806,-34.6517782],[-58.4164198,-34.6520961],[-58.4164418,-34.6540807],[-58.4166051,-34.6571507],[-58.4172228,-34.6621512],[-58.4177265,-34.664888],[-58.4175968,-34.665065],[-58.415595,-34.6665181],[-58.4115216,-34.6695336],[-58.4095786,-34.6709687],[-58.4050749,-34.6743011],[-58.4042237,-34.6749234],[-58.4033082,-34.6756027],[-58.399731,-34.6787467],[-58.3972192,-34.6816509],[-58.3951084,-34.6840827],[-58.3895786,-34.688115],[-58.3877253,-34.6881498],[-58.3860532,-34.684663],[-58.3832036,-34.6867855],[-58.3800756,-34.6891934],[-58.3769257,-34.6917161],[-58.3752905,-34.6931274],[-58.3697025,-34.6978689],[-58.3675941,-34.6992838],[-58.3629888,-34.7030659],[-58.3603675,-34.7043926],[-58.3579034,-34.7058129],[-58.354215,-34.7089956],[-58.3523272,-34.7106557],[-58.3474958,-34.7148299],[-58.3438399,-34.718005],[-58.341708,-34.719849],[-58.3398936,-34.7214283],[-58.3369418,-34.7239916],[-58.3352726,-34.7254209],[-58.332648,-34.7276827],[-58.3292306,-34.7306473],[-58.325818,-34.7336094],[-58.3233061,-34.735784],[-58.3205077,-34.7382214],[-58.3197998,-34.7390271],[-58.3197497,-34.7394603],[-58.3195136,-34.7397538],[-58.3189728,-34.7398568],[-58.3177538,-34.7405921],[-58.3160248,-34.7421003],[-58.3136134,-34.7441676],[-58.310758,-34.746672],[-58.3090225,-34.7481629],[-58.3042262,-34.7523061],[-58.3015776,-34.7546089],[-58.2983881,-34.7573576],[-58.2946928,-34.7605578],[-58.2905562,-34.7641426],[-58.2869864,-34.7671608],[-58.2824045,-34.7700514],[-58.2790634,-34.7718883],[-58.2786595,-34.772505],[-58.2772639,-34.7728971],[-58.2759496,-34.7735471],[-58.2710779,-34.7761818],[-58.264872,-34.7795455],[-58.261776,-34.7823228],[-58.2615007,-34.7826948],[-58.2605592,-34.7831761],[-58.2590799,-34.7836843],[-58.2574328,-34.7874362],[-58.2678216,-34.7929409],[-58.2644646,-34.7911621],[-58.2606932,-34.7891646],[-58.2682435,-34.7931644],[-58.273655,-34.7960316],[-58.2782069,-34.7953215],[-58.2788955,-34.795293],[-58.2787747,-34.7975729],[-58.2785893,-34.8005268],[-58.2784876,-34.8024957],[-58.2783723,-34.8059716],[-58.2728844,-34.8087743],[-58.2721944,-34.8106643],[-58.2698219,-34.8108196],[-58.2705875,-34.8116293],[-58.2743398,-34.8117582],[-58.2737027,-34.8170602],[-58.2621699,-34.8140713],[-58.2698213,-34.818065],[-58.2563889,-34.8135858],[-58.252906,-34.8173031],[-58.2510781,-34.8196985],[-58.2510781,-34.8196985]]}},{"type":"Feature","properties":{"linea":"178","linea_nombre":"Línea 178","ramal":"C Rojo","sentido":"IDA","subgrupo":"Línea 178","subgrupo_detalle":"Ramal C Rojo","color_hex":"#2563eb","operador":"Compañia Microomnibus La Colorada S.A.C.I.","cabecera_inicio":"Terminal La Colorada","cabecera_fin":"Plazoleta Estación Puente Alsina","nombre":"Línea 178 - C Rojo - IDA","numero":"178","categoria":"NACIONAL","subcategoria":"C Rojo","color":"#2563eb","descripcion":"Línea 178 - Ramal C Rojo: Zeballos → Nueva Pompeya","network":"NACIONAL","routeId":"osm:19787481","source":"OpenStreetMap","license":"ODbL-1.0"},"geometry":{"type":"LineString","coordinates":[[-58.2508571,-34.8199918],[-58.2523707,-34.8179982],[-58.2542616,-34.8155904],[-58.2593497,-34.8125768],[-58.2666107,-34.816389],[-58.2725951,-34.8164731],[-58.272609,-34.8116998],[-58.2697451,-34.8116184],[-58.2698484,-34.8106843],[-58.2721944,-34.8106643],[-58.2744975,-34.8107518],[-58.2778585,-34.8108268],[-58.2780582,-34.8089008],[-58.2783495,-34.802814],[-58.2785181,-34.8012681],[-58.2786645,-34.7984739],[-58.2787196,-34.7970996],[-58.2762352,-34.7960499],[-58.2720836,-34.795199],[-58.2674355,-34.7927363],[-58.2639762,-34.7909033],[-58.259778,-34.7886855],[-58.2564124,-34.7868955],[-58.2588215,-34.7837012],[-58.2607375,-34.7806542],[-58.2607918,-34.7801964],[-58.2616364,-34.7791066],[-58.2661203,-34.7788716],[-58.2710779,-34.7761818],[-58.2759496,-34.7735471],[-58.2769441,-34.7730015],[-58.2791408,-34.7718057],[-58.2791834,-34.7717845],[-58.2912698,-34.7635299],[-58.2878124,-34.7665025],[-58.2969814,-34.7585897],[-58.2931738,-34.7618759],[-58.3008049,-34.7552854],[-58.3029081,-34.7534452],[-58.3035882,-34.7528654],[-58.3080409,-34.7489994],[-58.3094274,-34.747803],[-58.3118406,-34.745719],[-58.3170313,-34.7412342],[-58.3148209,-34.7431309],[-58.3176358,-34.7406968],[-58.3190725,-34.739469],[-58.3218957,-34.7370135],[-58.3218957,-34.7370135],[-58.3254564,-34.7339228],[-58.3317061,-34.7284971],[-58.3290842,-34.7307817],[-58.325597,-34.7337989],[-58.3334806,-34.7269698],[-58.3372692,-34.7236947],[-58.3389331,-34.7222672],[-58.3426718,-34.7190161],[-58.3404298,-34.7209604],[-58.3439173,-34.7179388],[-58.348211,-34.7142165],[-58.3519492,-34.7109863],[-58.3533166,-34.7097838],[-58.3579851,-34.7057476],[-58.3546513,-34.7086175],[-58.3597756,-34.7043508],[-58.360061,-34.7045162],[-58.3626714,-34.7033126],[-58.3693249,-34.6982098],[-58.3670658,-34.6997033],[-58.3761169,-34.6924197],[-58.3736219,-34.6945562],[-58.3769257,-34.6917161],[-58.3800756,-34.6891934],[-58.3832036,-34.6867855],[-58.3850215,-34.6853956],[-58.3863374,-34.6844767],[-58.3878691,-34.6880964],[-58.3943069,-34.6834391],[-58.3965812,-34.6807529],[-58.4001462,-34.6767211],[-58.4024896,-34.6762074],[-58.4057591,-34.6738037],[-58.4095786,-34.6709687],[-58.4125252,-34.6687942],[-58.4164212,-34.6659148],[-58.41733,-34.6633848],[-58.4167776,-34.6607194],[-58.4164247,-34.6573465],[-58.4163293,-34.6549655],[-58.416206,-34.6523785],[-58.4162015,-34.6521926]]}},{"type":"Feature","properties":{"linea":"178","linea_nombre":"Línea 178","ramal":"B","sentido":"IDA","subgrupo":"Línea 178","subgrupo_detalle":"Ramal B","color_hex":"#2563eb","operador":"Compañia Microomnibus La Colorada S.A.C.I.","cabecera_inicio":"Plaza Nueva Pompeya","cabecera_fin":"","nombre":"Línea 178 - B - IDA","numero":"178","categoria":"NACIONAL","subcategoria":"B","color":"#2563eb","descripcion":"Línea 178 - Ramal B: Nueva Pompeya → Zeballos","network":"NACIONAL","routeId":"osm:19690064","source":"OpenStreetMap","license":"ODbL-1.0"},"geometry":{"type":"LineString","coordinates":[[-58.4155405,-34.6517867],[-58.4164153,-34.652246],[-58.4165704,-34.6547482],[-58.4168387,-34.6603923],[-58.4175108,-34.6636467],[-58.412332,-34.6689309],[-58.4115216,-34.6695336],[-58.408719,-34.6716141],[-58.4065725,-34.6732153],[-58.4033082,-34.6756027],[-58.4010075,-34.6773096],[-58.3970555,-34.6746233],[-58.3915975,-34.671434],[-58.388835,-34.6689979],[-58.3843457,-34.6670919],[-58.377302,-34.6640908],[-58.3756591,-34.6621169],[-58.3736411,-34.6596321],[-58.371085,-34.6605342],[-58.3702746,-34.6596406],[-58.3679445,-34.6620403],[-58.3661435,-34.6647736],[-58.3651841,-34.6662748],[-58.3629026,-34.6653956],[-58.3604402,-34.66482],[-58.3571881,-34.6664643],[-58.3560437,-34.6679323],[-58.3540376,-34.6702675],[-58.3509198,-34.6735905],[-58.3478978,-34.6770929],[-58.3453565,-34.6805258],[-58.3433931,-34.6832889],[-58.3415841,-34.6853915],[-58.3395328,-34.6873679],[-58.3363483,-34.6900289],[-58.3330722,-34.6923433],[-58.3298195,-34.6946323],[-58.326172,-34.6973199],[-58.3219054,-34.7006878],[-58.3183066,-34.7035019],[-58.3199367,-34.7061915],[-58.3236579,-34.7093807],[-58.3271164,-34.712327],[-58.3317917,-34.7225484],[-58.3234305,-34.7152547],[-58.3356219,-34.7251199],[-58.3334135,-34.727026],[-58.3292306,-34.7306473],[-58.3254564,-34.7339228],[-58.3218279,-34.7370722],[-58.3198399,-34.7389238],[-58.3197497,-34.7394603],[-58.3194302,-34.7397952],[-58.3185571,-34.7399899],[-58.3161897,-34.7419613],[-58.3136134,-34.7441676],[-58.3105076,-34.7468849],[-58.3074145,-34.7495441],[-58.3023698,-34.7539229],[-58.2983881,-34.7573576],[-58.2937937,-34.761323],[-58.2890006,-34.7654903],[-58.2833976,-34.7695297],[-58.2816474,-34.7742654],[-58.2807788,-34.7763403],[-58.2795935,-34.7793989],[-58.2791089,-34.7821676],[-58.2788793,-34.7856416],[-58.2787946,-34.7889097],[-58.2787914,-34.7904409],[-58.2789901,-34.7924925],[-58.2789084,-34.7952209],[-58.2787706,-34.7979311],[-58.2785998,-34.8007409],[-58.2784469,-34.8048159],[-58.2729498,-34.8077261],[-58.2712529,-34.8106304],[-58.2697992,-34.8109589],[-58.2727507,-34.8117048],[-58.2741226,-34.8172577],[-58.2631254,-34.8145427],[-58.2587751,-34.8133352],[-58.2523707,-34.8179982],[-58.2548769,-34.8150394],[-58.2510781,-34.8196985]]}},{"type":"Feature","properties":{"linea":"178","linea_nombre":"Línea 178","ramal":"C Verde","sentido":"IDA","subgrupo":"Línea 178","subgrupo_detalle":"Ramal C Verde","color_hex":"#2563eb","operador":"Compañia Microomnibus La Colorada S.A.C.I.","cabecera_inicio":"Plaza Nueva Pompeya","cabecera_fin":"","nombre":"Línea 178 - C Verde - IDA","numero":"178","categoria":"NACIONAL","subcategoria":"C Verde","color":"#2563eb","descripcion":"Línea 178 - Ramal C Verde: Nueva Pompeya → Zeballos","network":"NACIONAL","routeId":"osm:19690063","source":"OpenStreetMap","license":"ODbL-1.0"},"geometry":{"type":"LineString","coordinates":[[-58.415806,-34.6517782],[-58.4164198,-34.6520961],[-58.4164418,-34.6540807],[-58.4166051,-34.6571507],[-58.4172228,-34.6621512],[-58.4177265,-34.664888],[-58.4175968,-34.665065],[-58.415595,-34.6665181],[-58.4115216,-34.6695336],[-58.4095786,-34.6709687],[-58.4050749,-34.6743011],[-58.4042237,-34.6749234],[-58.4033082,-34.6756027],[-58.399731,-34.6787467],[-58.3972192,-34.6816509],[-58.3951084,-34.6840827],[-58.3895786,-34.688115],[-58.3877253,-34.6881498],[-58.3860532,-34.684663],[-58.3832036,-34.6867855],[-58.3800756,-34.6891934],[-58.3769257,-34.6917161],[-58.3752905,-34.6931274],[-58.3697025,-34.6978689],[-58.3675941,-34.6992838],[-58.3629888,-34.7030659],[-58.3603675,-34.7043926],[-58.3579034,-34.7058129],[-58.354215,-34.7089956],[-58.3523272,-34.7106557],[-58.3474958,-34.7148299],[-58.3438399,-34.718005],[-58.341708,-34.719849],[-58.3398936,-34.7214283],[-58.3369418,-34.7239916],[-58.3352726,-34.7254209],[-58.332648,-34.7276827],[-58.3292306,-34.7306473],[-58.325818,-34.7336094],[-58.3233061,-34.735784],[-58.3205077,-34.7382214],[-58.3197998,-34.7390271],[-58.3197497,-34.7394603],[-58.3195136,-34.7397538],[-58.3189728,-34.7398568],[-58.3177538,-34.7405921],[-58.3160248,-34.7421003],[-58.3136134,-34.7441676],[-58.310758,-34.746672],[-58.3090225,-34.7481629],[-58.3042262,-34.7523061],[-58.3015776,-34.7546089],[-58.2983881,-34.7573576],[-58.2946928,-34.7605578],[-58.2905562,-34.7641426],[-58.2869864,-34.7671608],[-58.2824045,-34.7700514],[-58.2790634,-34.7718883],[-58.2786595,-34.772505],[-58.2772639,-34.7728971],[-58.2759496,-34.7735471],[-58.2710779,-34.7761818],[-58.264872,-34.7795455],[-58.2645954,-34.7818829],[-58.2660951,-34.7826979],[-58.2691938,-34.7844065],[-58.2775271,-34.7888731],[-58.2779515,-34.7890512],[-58.2784836,-34.7888651],[-58.278753,-34.7892753],[-58.2788719,-34.791195],[-58.2789901,-34.7924925],[-58.2789325,-34.7947477],[-58.278776,-34.7972494],[-58.2786411,-34.7996361],[-58.2785412,-34.8016523],[-58.2784469,-34.8048159],[-58.2752481,-34.8078699],[-58.27249,-34.8106736],[-58.2705334,-34.8106226],[-58.2697475,-34.8115973],[-58.2727507,-34.8117048],[-58.2742066,-34.8158667],[-58.2593497,-34.8125768],[-58.2666107,-34.816389],[-58.2574183,-34.8126258],[-58.2523707,-34.8179982],[-58.2542616,-34.8155904],[-58.2510781,-34.8196985]]}},{"type":"Feature","properties":{"linea":"178","linea_nombre":"Línea 178","ramal":"G","sentido":"IDA","subgrupo":"Línea 178","subgrupo_detalle":"Ramal G","color_hex":"#2563eb","operador":"Compañia Microomnibus La Colorada S.A.C.I.","cabecera_inicio":"Terminal La Colorada","cabecera_fin":"Plazoleta Estación Puente Alsina","nombre":"Línea 178 - G - IDA","numero":"178","categoria":"NACIONAL","subcategoria":"G","color":"#2563eb","descripcion":"Línea 178 - Ramal G: Zeballos → Nueva Pompeya","network":"NACIONAL","routeId":"osm:19784767","source":"OpenStreetMap","license":"ODbL-1.0"},"geometry":{"type":"LineString","coordinates":[[-58.2508571,-34.8199918],[-58.252906,-34.8173031],[-58.2574183,-34.8126258],[-58.2676649,-34.8169472],[-58.2725683,-34.8138095],[-58.2697395,-34.8116403],[-58.2698973,-34.8106406],[-58.2734352,-34.8107089],[-58.2778585,-34.8108268],[-58.2780761,-34.8059521],[-58.2784857,-34.8016502],[-58.2786807,-34.7983154],[-58.278831,-34.7953855],[-58.2789114,-34.7919025],[-58.2786521,-34.7895961],[-58.2774292,-34.7888207],[-58.2703776,-34.7850341],[-58.2645954,-34.7818829],[-58.2617314,-34.7824261],[-58.2613662,-34.7826024],[-58.2615868,-34.7820524],[-58.2617833,-34.7812514],[-58.2612311,-34.7804104],[-58.2616364,-34.7791066],[-58.2692273,-34.7771888],[-58.2760747,-34.7734802],[-58.2780185,-34.7724327],[-58.2816155,-34.7704771],[-58.2914135,-34.7634085],[-58.2866589,-34.7673995],[-58.2939297,-34.76121],[-58.3008049,-34.7552854],[-58.3017088,-34.7544966],[-58.3074145,-34.7495441],[-58.3090225,-34.7481629],[-58.310758,-34.746672],[-58.3153464,-34.7426825],[-58.3181328,-34.7402701],[-58.3198975,-34.7387257],[-58.3218957,-34.7370135],[-58.3243825,-34.7348559],[-58.3293624,-34.7305302],[-58.3278362,-34.72178],[-58.3320996,-34.725723],[-58.3263333,-34.7203862],[-58.3225024,-34.7144389],[-58.3293388,-34.708921],[-58.3353087,-34.704037],[-58.3418978,-34.6987967],[-58.3463475,-34.6951047],[-58.3509429,-34.6912712],[-58.3542556,-34.690227],[-58.3572489,-34.6875558],[-58.3581838,-34.6868151],[-58.3590072,-34.6827804],[-58.3632752,-34.6827031],[-58.364282,-34.6818836],[-58.3674036,-34.6793258],[-58.3678987,-34.6786279],[-58.3664204,-34.6772209],[-58.3641445,-34.6751955],[-58.3620942,-34.6733844],[-58.3607302,-34.6734362],[-58.3614371,-34.6718423],[-58.363888,-34.6682392],[-58.361232,-34.6644139],[-58.3646674,-34.6626314],[-58.3670626,-34.6608099],[-58.3701093,-34.6586032],[-58.3700362,-34.658216],[-58.3696063,-34.65758],[-58.3697234,-34.6570062],[-58.3703201,-34.6565304],[-58.3719927,-34.6577526],[-58.3726346,-34.6583772],[-58.3751105,-34.6611044],[-58.3766645,-34.6629025],[-58.3823955,-34.6671347],[-58.387786,-34.6680002],[-58.3908116,-34.670566],[-58.398347,-34.666969],[-58.4070814,-34.6654413],[-58.4125252,-34.6687942],[-58.4175968,-34.665065],[-58.4171415,-34.6623392],[-58.4163653,-34.6571641],[-58.4162354,-34.6542789],[-58.4162015,-34.6521926]]}},{"type":"Feature","properties":{"linea":"179","linea_nombre":"Línea 179","ramal":"2","sentido":"IDA","subgrupo":"Línea 179","subgrupo_detalle":"Ramal 2","color_hex":"#2563eb","operador":"Grupo Línea 179 S.A.","cabecera_inicio":"Nueva Pompeya","cabecera_fin":"Estación Fiorito","nombre":"Línea 179 - 2 - IDA","numero":"179","categoria":"NACIONAL","subcategoria":"2","color":"#2563eb","descripcion":"Línea 179 - Ramal 2: Nueva Pompeya → Cementerio Lomas de Zamora","network":"NACIONAL","routeId":"osm:19784320","source":"OpenStreetMap","license":"ODbL-1.0"},"geometry":{"type":"LineString","coordinates":[[-58.4165376,-34.6519949],[-58.4165608,-34.6532235],[-58.416591,-34.6545724],[-58.4165614,-34.6549256],[-58.4166051,-34.6571507],[-58.4166323,-34.6586768],[-58.4168997,-34.6607017],[-58.4172685,-34.6623775],[-58.4173812,-34.6629495],[-58.4175108,-34.6636467],[-58.4177305,-34.6650016],[-58.4175145,-34.6664449],[-58.4173102,-34.6679669],[-58.4171915,-34.6686018],[-58.4171058,-34.6687314],[-58.4169466,-34.6689025],[-58.4158461,-34.6697008],[-58.4143348,-34.6707843],[-58.4118765,-34.6726017],[-58.4103536,-34.6739193],[-58.4090247,-34.6754675],[-58.4077662,-34.6769049],[-58.4061385,-34.6782097],[-58.4043618,-34.6795983],[-58.4042316,-34.6797349],[-58.4021583,-34.6820895],[-58.4000329,-34.6844074],[-58.3983344,-34.6857285],[-58.4021472,-34.6897718],[-58.4002478,-34.688201],[-58.3999105,-34.6879171],[-58.3991734,-34.6873113],[-58.3977296,-34.6861522],[-58.4023023,-34.689935],[-58.4037708,-34.6914773],[-58.4044289,-34.6922023],[-58.4047866,-34.6925745],[-58.4050064,-34.6928027],[-58.4051757,-34.6929813],[-58.4063359,-34.694198],[-58.4072651,-34.6951813],[-58.4081108,-34.6960681],[-58.4089948,-34.697066],[-58.4100178,-34.6982101],[-58.4097865,-34.6979514],[-58.410719,-34.6989873],[-58.4114777,-34.6998674],[-58.4115639,-34.6999639],[-58.411651,-34.7000726],[-58.4126307,-34.7011406],[-58.4136664,-34.7023001],[-58.4154267,-34.7042663],[-58.4145129,-34.7032548],[-58.4162882,-34.7051569],[-58.4172047,-34.7062344],[-58.4165006,-34.7053813],[-58.4155069,-34.708269],[-58.4135938,-34.7105734],[-58.4128036,-34.7132654],[-58.4137756,-34.7137693],[-58.4153679,-34.7146084],[-58.4136948,-34.716827],[-58.4135201,-34.7170569],[-58.4129271,-34.7178415],[-58.4117541,-34.7194326],[-58.4128363,-34.7179658],[-58.4101104,-34.7216256],[-58.4101104,-34.7216256],[-58.412158,-34.7235598],[-58.4158312,-34.7254581],[-58.4179525,-34.7265599]]}},{"type":"Feature","properties":{"linea":"179","linea_nombre":"Línea 179","ramal":"3","sentido":"IDA","subgrupo":"Línea 179","subgrupo_detalle":"Ramal 3","color_hex":"#2563eb","operador":"Grupo Línea 179 S.A.","cabecera_inicio":"","cabecera_fin":"","nombre":"Línea 179 - 3 - IDA","numero":"179","categoria":"NACIONAL","subcategoria":"3","color":"#2563eb","descripcion":"Línea 179 - Ramal 3: San José → Nueva Pompeya","network":"NACIONAL","routeId":"osm:19784317","source":"OpenStreetMap","license":"ODbL-1.0"},"geometry":{"type":"LineString","coordinates":[[-58.3523377,-34.7718136],[-58.3534229,-34.768622],[-58.3558457,-34.7654084],[-58.3578198,-34.7622529],[-58.3557732,-34.7614347],[-58.3578349,-34.7622224],[-58.3553976,-34.759797],[-58.3564494,-34.7589301],[-58.358249,-34.7563671],[-58.359216,-34.7554288],[-58.3593549,-34.7552566],[-58.3613669,-34.752604],[-58.3667246,-34.7455196],[-58.3649393,-34.7478862],[-58.3683961,-34.7441634],[-58.3667858,-34.7454434],[-58.369901,-34.7429505],[-58.3704716,-34.7424794],[-58.3741026,-34.7383359],[-58.3704967,-34.7410935],[-58.3768448,-34.7361911],[-58.3769982,-34.7347696],[-58.3779216,-34.7341626],[-58.3809911,-34.7321423],[-58.383449,-34.7308602],[-58.3877393,-34.7278546],[-58.3899532,-34.7267126],[-58.3900055,-34.7258244],[-58.3907339,-34.7246694],[-58.392101,-34.7228328],[-58.3939286,-34.722612],[-58.3943036,-34.7224341],[-58.3943341,-34.7218172],[-58.3942322,-34.7207656],[-58.3941706,-34.7200149],[-58.393824,-34.7184054],[-58.3935987,-34.7173075],[-58.3932881,-34.7158442],[-58.3925944,-34.712777],[-58.3921004,-34.7104967],[-58.3917452,-34.7088114],[-58.3916221,-34.7081872],[-58.3914614,-34.707627],[-58.391453,-34.7070599],[-58.3916728,-34.7067461],[-58.3925471,-34.7067592],[-58.3943972,-34.7067075],[-58.3970909,-34.7048559],[-58.4005524,-34.7026332],[-58.4014075,-34.7021051],[-58.4013514,-34.7015853],[-58.4013647,-34.7015005],[-58.4015349,-34.7014507],[-58.4023715,-34.7007795],[-58.4013724,-34.6984],[-58.3985984,-34.696036],[-58.4013164,-34.6938314],[-58.4037708,-34.6914773],[-58.4023023,-34.689935],[-58.4002478,-34.688201],[-58.3993552,-34.6874607],[-58.3978234,-34.6862262],[-58.3974865,-34.6859748],[-58.3986202,-34.6851608],[-58.4005947,-34.6834844],[-58.4033501,-34.6804221],[-58.4042022,-34.6794779],[-58.4059681,-34.6781073],[-58.4076004,-34.6768551],[-58.4090247,-34.6754675],[-58.4097066,-34.6746753],[-58.4106432,-34.6736325],[-58.4118765,-34.6726017],[-58.4159947,-34.6695884],[-58.4143348,-34.6707843],[-58.4159947,-34.6695884],[-58.4170693,-34.6687855],[-58.4171456,-34.6686495],[-58.4171997,-34.6678303],[-58.4174927,-34.6657886],[-58.4175968,-34.665065],[-58.4174601,-34.6641495],[-58.4172012,-34.6626607],[-58.4169048,-34.6612726],[-58.4165194,-34.6588711],[-58.4164429,-34.6574266],[-58.4163726,-34.6568277],[-58.4163528,-34.6556923],[-58.4162384,-34.6545371],[-58.4162194,-34.6532365],[-58.4162015,-34.6521926]]}},{"type":"Feature","properties":{"linea":"179","linea_nombre":"Línea 179","ramal":"1","sentido":"IDA","subgrupo":"Línea 179","subgrupo_detalle":"Ramal 1","color_hex":"#2563eb","operador":"Grupo Línea 179 S.A.","cabecera_inicio":"Nueva Pompeya","cabecera_fin":"Estación Fiorito","nombre":"Línea 179 - 1 - IDA","numero":"179","categoria":"NACIONAL","subcategoria":"1","color":"#2563eb","descripcion":"Línea 179 - Ramal 1: Nueva Pompeya → Villa Fiorito","network":"NACIONAL","routeId":"osm:392676","source":"OpenStreetMap","license":"ODbL-1.0"},"geometry":{"type":"LineString","coordinates":[[-58.4165376,-34.6519949],[-58.4165608,-34.6532235],[-58.416591,-34.6545724],[-58.4165614,-34.6549256],[-58.4166051,-34.6571507],[-58.4166323,-34.6586768],[-58.4168997,-34.6607017],[-58.4172685,-34.6623775],[-58.4173812,-34.6629495],[-58.4175108,-34.6636467],[-58.4177305,-34.6650016],[-58.4175145,-34.6664449],[-58.4173102,-34.6679669],[-58.4171915,-34.6686018],[-58.4171058,-34.6687314],[-58.4169466,-34.6689025],[-58.4158461,-34.6697008],[-58.4143348,-34.6707843],[-58.4118765,-34.6726017],[-58.4103536,-34.6739193],[-58.4090247,-34.6754675],[-58.4077662,-34.6769049],[-58.4061385,-34.6782097],[-58.4043618,-34.6795983],[-58.4042316,-34.6797349],[-58.4021583,-34.6820895],[-58.4000329,-34.6844074],[-58.3983344,-34.6857285],[-58.4021472,-34.6897718],[-58.4002478,-34.688201],[-58.3999105,-34.6879171],[-58.3991734,-34.6873113],[-58.3977296,-34.6861522],[-58.4023023,-34.689935],[-58.4037708,-34.6914773],[-58.4044289,-34.6922023],[-58.4047866,-34.6925745],[-58.4050064,-34.6928027],[-58.4051757,-34.6929813],[-58.4063359,-34.694198],[-58.4072651,-34.6951813],[-58.4081108,-34.6960681],[-58.4089948,-34.697066],[-58.4100178,-34.6982101],[-58.4097865,-34.6979514],[-58.410719,-34.6989873],[-58.4114777,-34.6998674],[-58.4115639,-34.6999639],[-58.411651,-34.7000726],[-58.4126307,-34.7011406],[-58.4136664,-34.7023001],[-58.4154267,-34.7042663],[-58.4145129,-34.7032548],[-58.4162882,-34.7051569],[-58.4172047,-34.7062344],[-58.4165006,-34.7053813],[-58.4172047,-34.7062344],[-58.4178814,-34.7070442],[-58.4181625,-34.70738],[-58.4186715,-34.7079941],[-58.4184119,-34.7076812],[-58.4194808,-34.7089949],[-58.4200718,-34.7093307],[-58.4219894,-34.7103414],[-58.4232022,-34.7109785],[-58.4223458,-34.7105314],[-58.4244006,-34.7116138],[-58.423309,-34.7110384],[-58.4251542,-34.7120102],[-58.4279146,-34.7092501],[-58.4271471,-34.7102313],[-58.4259688,-34.7117616],[-58.428673,-34.7082545],[-58.4282941,-34.7087624],[-58.4316987,-34.7043188],[-58.4302832,-34.7061612],[-58.4297821,-34.7068132],[-58.4293547,-34.707372],[-58.428673,-34.7082545],[-58.4330021,-34.7049968],[-58.4318941,-34.7044219],[-58.4369751,-34.7070955],[-58.4363618,-34.706777],[-58.4351544,-34.7061385],[-58.4340724,-34.7055665],[-58.4386965,-34.7049694],[-58.4394875,-34.7046819],[-58.4402108,-34.7051574]]}},{"type":"Feature","properties":{"linea":"179","linea_nombre":"Línea 179","ramal":"1","sentido":"IDA","subgrupo":"Línea 179","subgrupo_detalle":"Ramal 1","color_hex":"#2563eb","operador":"Grupo Línea 179 S.A.","cabecera_inicio":"","cabecera_fin":"","nombre":"Línea 179 - 1 - IDA","numero":"179","categoria":"NACIONAL","subcategoria":"1","color":"#2563eb","descripcion":"Línea 179 - Ramal 1: Villa Fiorito → Nueva Pompeya","network":"NACIONAL","routeId":"osm:392677","source":"OpenStreetMap","license":"ODbL-1.0"},"geometry":{"type":"LineString","coordinates":[[-58.4402108,-34.7051574],[-58.4382361,-34.7077567],[-58.4369751,-34.7070955],[-58.4363618,-34.706777],[-58.4351544,-34.7061385],[-58.4340724,-34.7055665],[-58.4328812,-34.7049334],[-58.4316987,-34.7043188],[-58.4302832,-34.7061612],[-58.4297821,-34.7068132],[-58.4293547,-34.707372],[-58.428673,-34.7082545],[-58.4282941,-34.7087624],[-58.4275372,-34.7097423],[-58.4270669,-34.7103346],[-58.4257389,-34.7120621],[-58.4249947,-34.7119281],[-58.4237887,-34.7112829],[-58.4230807,-34.7109145],[-58.4221064,-34.7104018],[-58.4207942,-34.709705],[-58.4195978,-34.7090984],[-58.4190092,-34.7084228],[-58.4184709,-34.7077526],[-58.4181625,-34.70738],[-58.4178814,-34.7070442],[-58.4171397,-34.7061467],[-58.4164134,-34.7052845],[-58.415512,-34.7043661],[-58.4146133,-34.7033597],[-58.4136664,-34.7023001],[-58.4126307,-34.7011406],[-58.4115639,-34.6999639],[-58.4100178,-34.6982101],[-58.4097865,-34.6979514],[-58.4082453,-34.6962203],[-58.4072651,-34.6951813],[-58.4063359,-34.694198],[-58.4051757,-34.6929813],[-58.4047866,-34.6925745],[-58.4039634,-34.691694],[-58.4031272,-34.6907932],[-58.4021472,-34.6897718],[-58.4002478,-34.688201],[-58.3999105,-34.6879171],[-58.3991734,-34.6873113],[-58.3977296,-34.6861522],[-58.3974865,-34.6859748],[-58.3980956,-34.6855299],[-58.3998257,-34.6843003],[-58.401295,-34.6827305],[-58.4033501,-34.6804221],[-58.4040976,-34.6795847],[-58.4043989,-34.6793086],[-58.4060028,-34.6780807],[-58.4076004,-34.6768551],[-58.4083462,-34.67619],[-58.4091287,-34.6753466],[-58.4091287,-34.6753466],[-58.4106432,-34.6736325],[-58.4106432,-34.6736325],[-58.4126894,-34.671997],[-58.4158461,-34.6697008],[-58.4143348,-34.6707843],[-58.4168287,-34.6689878],[-58.417127,-34.6686901],[-58.4170236,-34.6688386],[-58.4171456,-34.6686495],[-58.4171865,-34.6679313],[-58.4173402,-34.6667893],[-58.4175562,-34.6653892],[-58.4175968,-34.665065],[-58.4175998,-34.6648763],[-58.4173132,-34.6632897],[-58.4171834,-34.6625691],[-58.4169048,-34.6612726],[-58.4165821,-34.6594557],[-58.4164846,-34.6585297],[-58.4164247,-34.6573465],[-58.4163726,-34.6568277],[-58.4163608,-34.6560212],[-58.4163271,-34.6548612],[-58.4162354,-34.6542789],[-58.4162194,-34.6532365],[-58.4162015,-34.6521926]]}},{"type":"Feature","properties":{"linea":"179","linea_nombre":"Línea 179","ramal":"3","sentido":"IDA","subgrupo":"Línea 179","subgrupo_detalle":"Ramal 3","color_hex":"#2563eb","operador":"Grupo Línea 179 S.A.","cabecera_inicio":"Nueva Pompeya","cabecera_fin":"Estación Fiorito","nombre":"Línea 179 - 3 - IDA","numero":"179","categoria":"NACIONAL","subcategoria":"3","color":"#2563eb","descripcion":"Línea 179 - Ramal 3: Nueva Pompeya → San José","network":"NACIONAL","routeId":"osm:19784319","source":"OpenStreetMap","license":"ODbL-1.0"},"geometry":{"type":"LineString","coordinates":[[-58.4165376,-34.6519949],[-58.4165624,-34.6532622],[-58.4165654,-34.6548315],[-58.4166051,-34.6571507],[-58.4167143,-34.6594536],[-58.4172228,-34.6621512],[-58.4173812,-34.6629495],[-58.4177265,-34.664888],[-58.4176078,-34.6657985],[-58.4173102,-34.6679669],[-58.4171456,-34.6686495],[-58.4170236,-34.6688386],[-58.4158461,-34.6697008],[-58.4135123,-34.6713973],[-58.4106432,-34.6736325],[-58.4090247,-34.6754675],[-58.4076901,-34.6769778],[-58.4044334,-34.6795385],[-58.4042316,-34.6797349],[-58.4014514,-34.6828742],[-58.3988639,-34.6853571],[-58.4021472,-34.6897718],[-58.4000927,-34.6880669],[-58.3992876,-34.6874083],[-58.3977296,-34.6861522],[-58.4021472,-34.6897718],[-58.4003865,-34.693041],[-58.400014,-34.6957282],[-58.4022778,-34.6976614],[-58.4039934,-34.6994557],[-58.4023715,-34.7007795],[-58.4014696,-34.7015462],[-58.4014019,-34.7016035],[-58.4012172,-34.7016007],[-58.397451,-34.7014804],[-58.3958838,-34.7024812],[-58.3957074,-34.7066747],[-58.3939131,-34.7080068],[-58.3917362,-34.708175],[-58.3922255,-34.7104826],[-58.3927599,-34.7128533],[-58.3936322,-34.7169249],[-58.3940176,-34.7187947],[-58.3945749,-34.7208578],[-58.3950196,-34.7212965],[-58.394956,-34.7215093],[-58.3945069,-34.7216955],[-58.3944471,-34.7221425],[-58.3943382,-34.7224778],[-58.3939516,-34.7226779],[-58.3921444,-34.7228875],[-58.3910566,-34.7244656],[-58.3901566,-34.7258586],[-58.3900051,-34.7267263],[-58.3887124,-34.7271657],[-58.3828188,-34.731308],[-58.3862387,-34.7289013],[-58.3825205,-34.7328871],[-58.3769982,-34.7347696],[-58.3786197,-34.7337007],[-58.3760453,-34.7354897],[-58.3723672,-34.7383458],[-58.3688531,-34.7410451],[-58.3696275,-34.7417529],[-58.3696332,-34.7431671],[-58.3679679,-34.7445023],[-58.3667246,-34.7455196],[-58.3649393,-34.7478862],[-58.362175,-34.7515573],[-58.3593549,-34.7552566],[-58.3591324,-34.7555138],[-58.3593252,-34.7552941],[-58.3573826,-34.7575974],[-58.356139,-34.7587734],[-58.354963,-34.7604009],[-58.354607,-34.7610622],[-58.3573779,-34.7619926],[-58.3578349,-34.7622224],[-58.356969,-34.763905],[-58.3552144,-34.7662417],[-58.3534229,-34.768622],[-58.3543758,-34.7691262]]}},{"type":"Feature","properties":{"linea":"179","linea_nombre":"Línea 179","ramal":"2","sentido":"IDA","subgrupo":"Línea 179","subgrupo_detalle":"Ramal 2","color_hex":"#2563eb","operador":"Grupo Línea 179 S.A.","cabecera_inicio":"","cabecera_fin":"","nombre":"Línea 179 - 2 - IDA","numero":"179","categoria":"NACIONAL","subcategoria":"2","color":"#2563eb","descripcion":"Línea 179 - Ramal 2: Cementerio Lomas de Zamora → Nueva Pompeya","network":"NACIONAL","routeId":"osm:19784318","source":"OpenStreetMap","license":"ODbL-1.0"},"geometry":{"type":"LineString","coordinates":[[-58.4177297,-34.7268461],[-58.4188677,-34.7274542],[-58.416238,-34.7271966],[-58.4125377,-34.7253032],[-58.4088018,-34.7233774],[-58.4101104,-34.7216256],[-58.4117541,-34.7194326],[-58.4128363,-34.7179658],[-58.4135201,-34.7170569],[-58.4146138,-34.7155981],[-58.4145391,-34.712779],[-58.4149715,-34.7104838],[-58.4170711,-34.7079721],[-58.4178814,-34.7070442],[-58.4171397,-34.7061467],[-58.4164134,-34.7052845],[-58.415512,-34.7043661],[-58.4146133,-34.7033597],[-58.4136664,-34.7023001],[-58.4126307,-34.7011406],[-58.4115639,-34.6999639],[-58.4100178,-34.6982101],[-58.4097865,-34.6979514],[-58.4082453,-34.6962203],[-58.4072651,-34.6951813],[-58.4063359,-34.694198],[-58.4051757,-34.6929813],[-58.4047866,-34.6925745],[-58.4039634,-34.691694],[-58.4031272,-34.6907932],[-58.4021472,-34.6897718],[-58.4002478,-34.688201],[-58.3999105,-34.6879171],[-58.3991734,-34.6873113],[-58.3977296,-34.6861522],[-58.3974865,-34.6859748],[-58.3980956,-34.6855299],[-58.3998257,-34.6843003],[-58.401295,-34.6827305],[-58.4033501,-34.6804221],[-58.4040976,-34.6795847],[-58.4043989,-34.6793086],[-58.4060028,-34.6780807],[-58.4076004,-34.6768551],[-58.4083462,-34.67619],[-58.4091287,-34.6753466],[-58.4091287,-34.6753466],[-58.4106432,-34.6736325],[-58.4106432,-34.6736325],[-58.4126894,-34.671997],[-58.4158461,-34.6697008],[-58.4143348,-34.6707843],[-58.4168287,-34.6689878],[-58.417127,-34.6686901],[-58.4170236,-34.6688386],[-58.4171456,-34.6686495],[-58.4171865,-34.6679313],[-58.4173402,-34.6667893],[-58.4175562,-34.6653892],[-58.4175968,-34.665065],[-58.4175998,-34.6648763],[-58.4173132,-34.6632897],[-58.4171834,-34.6625691],[-58.4169048,-34.6612726],[-58.4165821,-34.6594557],[-58.4164846,-34.6585297],[-58.4164247,-34.6573465],[-58.4163726,-34.6568277],[-58.4163608,-34.6560212],[-58.4163271,-34.6548612],[-58.4162354,-34.6542789],[-58.4162194,-34.6532365],[-58.4162015,-34.6521926]]}},{"type":"Feature","properties":{"linea":"188","linea_nombre":"Línea 188","ramal":"3","sentido":"IDA","subgrupo":"Línea 188","subgrupo_detalle":"Ramal 3","color_hex":"#2563eb","operador":"Transporte Larrazábal C.I.S.A.","cabecera_inicio":"Estación Once","cabecera_fin":"Cruce de Lomas","nombre":"Línea 188 - 3 - IDA","numero":"188","categoria":"NACIONAL","subcategoria":"3","color":"#2563eb","descripcion":"Línea 188 - Ramal 3: Once → x Camino Negro → Cruce de Lomas","network":"NACIONAL","routeId":"osm:391426","source":"OpenStreetMap","license":"ODbL-1.0"},"geometry":{"type":"LineString","coordinates":[[-58.4060502,-34.608655],[-58.4059463,-34.6101092],[-58.4057514,-34.6116721],[-58.4050977,-34.6140192],[-58.4046978,-34.6153592],[-58.403642,-34.6184345],[-58.4027566,-34.6212792],[-58.4022393,-34.6235152],[-58.4005899,-34.6235598],[-58.3973747,-34.6251026],[-58.3968937,-34.6279773],[-58.3963552,-34.6299643],[-58.3978942,-34.630618],[-58.4019815,-34.6320941],[-58.4043007,-34.6343869],[-58.4032624,-34.6392048],[-58.4017679,-34.6457884],[-58.4031174,-34.647537],[-58.4046011,-34.6494518],[-58.4060767,-34.6506215],[-58.4091892,-34.6517652],[-58.4115681,-34.6507512],[-58.4127082,-34.6510856],[-58.4159545,-34.6517756],[-58.4164153,-34.652246],[-58.4164466,-34.6543958],[-58.4165677,-34.6573286],[-58.4172685,-34.6623775],[-58.4177305,-34.6649354],[-58.412332,-34.6689309],[-58.415731,-34.6664147],[-58.4106927,-34.6701356],[-58.4117938,-34.673912],[-58.414385,-34.674851],[-58.4171072,-34.6759043],[-58.4194503,-34.6778228],[-58.4178834,-34.6763518],[-58.4213346,-34.6770302],[-58.4249735,-34.6779935],[-58.4299649,-34.6793457],[-58.4343821,-34.680513],[-58.4361202,-34.6809648],[-58.4367301,-34.6807335],[-58.4369801,-34.6810029],[-58.4374739,-34.6813185],[-58.4388818,-34.6816358],[-58.4384912,-34.6834375],[-58.4335787,-34.6902417],[-58.434157,-34.6931706],[-58.4313851,-34.696962],[-58.4284168,-34.7008468],[-58.4291861,-34.7030174],[-58.4328812,-34.7049334],[-58.4363618,-34.706777],[-58.438114,-34.7076977],[-58.4426073,-34.7101019],[-58.4394343,-34.7084036],[-58.4462946,-34.7119777],[-58.4437468,-34.7106964],[-58.4512701,-34.7144251],[-58.4529441,-34.7130446],[-58.4517252,-34.7146998],[-58.4497805,-34.717118],[-58.4478858,-34.7195065],[-58.4444402,-34.7238421],[-58.4413433,-34.7277629],[-58.4366124,-34.7340124],[-58.43444,-34.7370614],[-58.4320889,-34.7406061],[-58.4300471,-34.743308],[-58.4297442,-34.7442685],[-58.4306718,-34.7477302],[-58.4330093,-34.7493794],[-58.4360603,-34.7509777],[-58.4363222,-34.7517077],[-58.4336648,-34.7555673],[-58.4315379,-34.7594141],[-58.4305172,-34.7623037],[-58.4316691,-34.7635833],[-58.4336466,-34.765032],[-58.4366981,-34.7672451],[-58.4395249,-34.7689533],[-58.4444402,-34.7715136],[-58.4537959,-34.7763521],[-58.4576534,-34.7784098],[-58.4585425,-34.7782823],[-58.4596258,-34.7769198],[-58.4603315,-34.7771569],[-58.4589801,-34.7792552]]}},{"type":"Feature","properties":{"linea":"188","linea_nombre":"Línea 188","ramal":"1","sentido":"IDA","subgrupo":"Línea 188","subgrupo_detalle":"Ramal 1","color_hex":"#2563eb","operador":"Transporte Larrazábal C.I.S.A.","cabecera_inicio":"Cruce de Lomas - Marxer","cabecera_fin":"Zoológico","nombre":"Línea 188 - 1 - IDA","numero":"188","categoria":"NACIONAL","subcategoria":"1","color":"#2563eb","descripcion":"Línea 188 - Ramal 1: Cruce de Lomas → Ingeniero Budge → Plaza Italia","network":"NACIONAL","routeId":"osm:387198","source":"OpenStreetMap","license":"ODbL-1.0"},"geometry":{"type":"LineString","coordinates":[[-58.4588385,-34.7794482],[-58.4573124,-34.7810697],[-58.4580066,-34.7790099],[-58.4556986,-34.7774591],[-58.4468166,-34.772843],[-58.4374254,-34.7679869],[-58.4349227,-34.7677084],[-58.4375381,-34.7646345],[-58.4391385,-34.7626034],[-58.4462841,-34.7532673],[-58.449703,-34.748903],[-58.4544436,-34.7448016],[-58.4556196,-34.7438834],[-58.4598776,-34.7381487],[-58.4635183,-34.7333101],[-58.4639905,-34.7323726],[-58.4668759,-34.7285446],[-58.4668759,-34.7285446],[-58.465222,-34.7260268],[-58.4601707,-34.719749],[-58.4601707,-34.719749],[-58.4524811,-34.7128691],[-58.4504613,-34.7143082],[-58.4461004,-34.7118678],[-58.442538,-34.7100658],[-58.4370706,-34.7071442],[-58.4339568,-34.7054977],[-58.4281245,-34.7024549],[-58.4214914,-34.7066073],[-58.4195343,-34.7090535],[-58.4178814,-34.7070442],[-58.414781,-34.7035311],[-58.4146068,-34.6993196],[-58.4088054,-34.6924201],[-58.4043507,-34.6879193],[-58.4048907,-34.6836511],[-58.4034621,-34.6791587],[-58.4028447,-34.6759433],[-58.408229,-34.6719764],[-58.412332,-34.6689309],[-58.4174541,-34.6651506],[-58.4171715,-34.6624968],[-58.4164247,-34.6573465],[-58.4162384,-34.6545371],[-58.4129813,-34.6548034],[-58.4091179,-34.6533664],[-58.4072216,-34.6519176],[-58.4046011,-34.6494518],[-58.4037971,-34.6464492],[-58.4048485,-34.6411677],[-58.4054443,-34.6379889],[-58.4059056,-34.6347175],[-58.4019517,-34.6321876],[-58.3961674,-34.6315959],[-58.3962636,-34.6303554],[-58.39683,-34.6280897],[-58.4001955,-34.6261503],[-58.4012149,-34.6222796],[-58.402507,-34.6223472],[-58.4038396,-34.6178423],[-58.404768,-34.6151161],[-58.4055874,-34.6124158],[-58.4055874,-34.6124158],[-58.4059951,-34.6093683],[-58.4060941,-34.6080697],[-58.4060843,-34.6071039],[-58.4059432,-34.6065395],[-58.4059081,-34.6063747],[-58.4056926,-34.6054271],[-58.4048873,-34.6021404],[-58.4045934,-34.6011367],[-58.4044733,-34.6007672],[-58.4040338,-34.5982272],[-58.406753,-34.5979865],[-58.4108395,-34.5980017],[-58.4111515,-34.5954068],[-58.4114219,-34.5931804],[-58.4126977,-34.5924614],[-58.41633,-34.589817],[-58.4156672,-34.5892078],[-58.4110494,-34.5852497],[-58.4102157,-34.5822149],[-58.4117581,-34.581889],[-58.4147298,-34.5817168],[-58.4155477,-34.5816706],[-58.4181633,-34.581512]]}},{"type":"Feature","properties":{"linea":"188","linea_nombre":"Línea 188","ramal":"2","sentido":"IDA","subgrupo":"Línea 188","subgrupo_detalle":"Ramal 2","color_hex":"#2563eb","operador":"Transporte Larrazábal C.I.S.A.","cabecera_inicio":"Jardín Botánico","cabecera_fin":"Cruce de Lomas","nombre":"Línea 188 - 2 - IDA","numero":"188","categoria":"NACIONAL","subcategoria":"2","color":"#2563eb","descripcion":"Línea 188 - Ramal 2: Plaza Italia → x Lisandro de la Torre → Cruce de Lomas","network":"NACIONAL","routeId":"osm:387326","source":"OpenStreetMap","license":"ODbL-1.0"},"geometry":{"type":"LineString","coordinates":[[-58.4190415,-34.5814518],[-58.4141154,-34.5796954],[-58.4109663,-34.5818075],[-58.4124063,-34.5851355],[-58.4167787,-34.5879885],[-58.4159499,-34.5911418],[-58.4123171,-34.5941872],[-58.4096331,-34.5956568],[-58.4087047,-34.5994993],[-58.4044733,-34.6007672],[-58.4048863,-34.602136],[-58.4052962,-34.6038424],[-58.4056183,-34.6051202],[-58.4059081,-34.6063747],[-58.4061083,-34.6072954],[-58.4060864,-34.6081723],[-58.4059951,-34.6093683],[-58.4057854,-34.6115298],[-58.4050977,-34.6140192],[-58.4041818,-34.6168335],[-58.4033992,-34.6191901],[-58.4024567,-34.6225654],[-58.4005899,-34.6235598],[-58.3972941,-34.6255775],[-58.3967757,-34.6281897],[-58.3976122,-34.6305552],[-58.4019815,-34.6320941],[-58.4040633,-34.6355239],[-58.4025253,-34.6424262],[-58.4028156,-34.6471343],[-58.4046011,-34.6494518],[-58.406824,-34.6512136],[-58.4104314,-34.6506253],[-58.4135243,-34.6514906],[-58.4159545,-34.6517756],[-58.4164152,-34.6527275],[-58.4165614,-34.6549256],[-58.4170284,-34.6612567],[-58.4177305,-34.6649354],[-58.4131473,-34.6683266],[-58.412332,-34.6689309],[-58.4116694,-34.673772],[-58.414385,-34.674851],[-58.420481,-34.6780476],[-58.4192229,-34.6776264],[-58.4213207,-34.6771053],[-58.4249735,-34.6779935],[-58.4329867,-34.680147],[-58.4359783,-34.6809275],[-58.4366071,-34.6807729],[-58.4369801,-34.6810029],[-58.4386881,-34.6816229],[-58.4393523,-34.6822691],[-58.4350252,-34.6882326],[-58.434157,-34.6931706],[-58.4304934,-34.6981362],[-58.4315644,-34.7042475],[-58.4339568,-34.7054977],[-58.4363618,-34.706777],[-58.4394343,-34.7084036],[-58.4415057,-34.7094966],[-58.447278,-34.7125124],[-58.4437468,-34.7106964],[-58.4524338,-34.7129296],[-58.4529389,-34.7131914],[-58.4506062,-34.7160851],[-58.4478858,-34.7195065],[-58.443834,-34.7245967],[-58.4391237,-34.7306922],[-58.434968,-34.7361153],[-58.4320889,-34.7406061],[-58.429893,-34.7435336],[-58.4305124,-34.7454477],[-58.4371381,-34.7470785],[-58.4405917,-34.7491101],[-58.4449549,-34.7525854],[-58.4465777,-34.7595687],[-58.4421872,-34.7695841],[-58.4499892,-34.7743957],[-58.4557545,-34.7773914],[-58.4583709,-34.7784374],[-58.4596773,-34.7768985],[-58.4602863,-34.7775149],[-58.4589801,-34.7792552]]}},{"type":"Feature","properties":{"linea":"188","linea_nombre":"Línea 188","ramal":"2","sentido":"IDA","subgrupo":"Línea 188","subgrupo_detalle":"Ramal 2","color_hex":"#2563eb","operador":"Transporte Larrazábal C.I.S.A.","cabecera_inicio":"Cruce de Lomas - Marxer","cabecera_fin":"Zoológico","nombre":"Línea 188 - 2 - IDA","numero":"188","categoria":"NACIONAL","subcategoria":"2","color":"#2563eb","descripcion":"Línea 188 - Ramal 2: Cruce de Lomas → x Lisandro de la Torre → Plaza Italia","network":"NACIONAL","routeId":"osm:391415","source":"OpenStreetMap","license":"ODbL-1.0"},"geometry":{"type":"LineString","coordinates":[[-58.4588385,-34.7794482],[-58.4573124,-34.7810697],[-58.4580066,-34.7790099],[-58.4556986,-34.7774591],[-58.4468166,-34.772843],[-58.4388328,-34.7678412],[-58.4421872,-34.7695841],[-58.4446201,-34.7554909],[-58.444827,-34.7524687],[-58.4406463,-34.7491502],[-58.4394481,-34.7484332],[-58.4305124,-34.7454477],[-58.4293705,-34.7441029],[-58.4290889,-34.7423547],[-58.4301323,-34.7425751],[-58.432673,-34.7392597],[-58.4346679,-34.7356572],[-58.4393933,-34.7293855],[-58.442014,-34.7258613],[-58.4446411,-34.7224719],[-58.4488189,-34.7173846],[-58.4507698,-34.7149847],[-58.447278,-34.7125124],[-58.4437068,-34.7106769],[-58.4394343,-34.7084036],[-58.4351544,-34.7061385],[-58.4304832,-34.7036953],[-58.4284168,-34.7008468],[-58.4326627,-34.6952087],[-58.434157,-34.6931706],[-58.4350252,-34.6882326],[-58.4388,-34.6816974],[-58.4366227,-34.6810999],[-58.4338743,-34.6803818],[-58.427045,-34.6785423],[-58.4213346,-34.6770302],[-58.419699,-34.677906],[-58.417735,-34.6762449],[-58.4136517,-34.6746173],[-58.408719,-34.6716141],[-58.4125252,-34.6687942],[-58.4175968,-34.665065],[-58.4171415,-34.6623392],[-58.4163653,-34.6571641],[-58.4162354,-34.6542789],[-58.4128267,-34.6550821],[-58.4089471,-34.6532409],[-58.4067024,-34.6514681],[-58.4046661,-34.6495445],[-58.4040382,-34.6452708],[-58.4048647,-34.6410834],[-58.4054661,-34.637876],[-58.4059777,-34.6340338],[-58.4008617,-34.6317633],[-58.395958,-34.6315511],[-58.3962451,-34.6304198],[-58.3968002,-34.6281425],[-58.4002101,-34.6257871],[-58.4013886,-34.6223007],[-58.402487,-34.6224327],[-58.4038265,-34.6178844],[-58.4046978,-34.6153592],[-58.4055325,-34.6126077],[-58.4059463,-34.6101092],[-58.4059872,-34.6094352],[-58.4060922,-34.6080951],[-58.4061083,-34.6072954],[-58.4059623,-34.6066188],[-58.4059256,-34.6064615],[-58.4057283,-34.6055758],[-58.4049366,-34.6023537],[-58.4046197,-34.6012218],[-58.4045068,-34.600871],[-58.4042967,-34.5980863],[-58.4070236,-34.597992],[-58.410978,-34.5979941],[-58.4110819,-34.5952799],[-58.4114706,-34.5931609],[-58.4128812,-34.5923174],[-58.4163536,-34.5897999],[-58.4156764,-34.5891819],[-58.4109801,-34.5851659],[-58.4110757,-34.581956],[-58.4116486,-34.5818945],[-58.4146194,-34.5817231],[-58.4152305,-34.5816885],[-58.4181633,-34.581512]]}},{"type":"Feature","properties":{"linea":"188","linea_nombre":"Línea 188","ramal":"1","sentido":"IDA","subgrupo":"Línea 188","subgrupo_detalle":"Ramal 1","color_hex":"#2563eb","operador":"Transporte Larrazábal C.I.S.A.","cabecera_inicio":"Jardín Botánico","cabecera_fin":"Cruce de Lomas - Marxer","nombre":"Línea 188 - 1 - IDA","numero":"188","categoria":"NACIONAL","subcategoria":"1","color":"#2563eb","descripcion":"Línea 188 - Ramal 1: Plaza Italia → Cruce de Lomas","network":"NACIONAL","routeId":"osm:386539","source":"OpenStreetMap","license":"ODbL-1.0"},"geometry":{"type":"LineString","coordinates":[[-58.4190415,-34.5814518],[-58.4141154,-34.5796954],[-58.4109663,-34.5818075],[-58.4124063,-34.5851355],[-58.4167787,-34.5879885],[-58.4159499,-34.5911418],[-58.4123171,-34.5941872],[-58.4096331,-34.5956568],[-58.4087047,-34.5994993],[-58.4044733,-34.6007672],[-58.4048863,-34.602136],[-58.4052962,-34.6038424],[-58.4056183,-34.6051202],[-58.4059081,-34.6063747],[-58.4061083,-34.6072954],[-58.4060864,-34.6081723],[-58.4059951,-34.6093683],[-58.4057854,-34.6115298],[-58.4050977,-34.6140192],[-58.4041818,-34.6168335],[-58.4033992,-34.6191901],[-58.4024567,-34.6225654],[-58.4005899,-34.6235598],[-58.3972941,-34.6255775],[-58.3967757,-34.6281897],[-58.3976122,-34.6305552],[-58.4019815,-34.6320941],[-58.4040633,-34.6355239],[-58.4025253,-34.6424262],[-58.4028156,-34.6471343],[-58.4046011,-34.6494518],[-58.406824,-34.6512136],[-58.4104314,-34.6506253],[-58.4135243,-34.6514906],[-58.4159545,-34.6517756],[-58.4164152,-34.6527275],[-58.4165614,-34.6549256],[-58.4170284,-34.6612567],[-58.4177305,-34.6649354],[-58.4131473,-34.6683266],[-58.412332,-34.6689309],[-58.4094194,-34.6710895],[-58.4057591,-34.6738037],[-58.4010075,-34.6773096],[-58.4038245,-34.679219],[-58.4049837,-34.6847833],[-58.405067,-34.6855948],[-58.4064238,-34.6885374],[-58.4127582,-34.6950322],[-58.4115639,-34.6999639],[-58.4142585,-34.702963],[-58.4162882,-34.7051569],[-58.4181094,-34.7073158],[-58.4184709,-34.7077526],[-58.4218876,-34.7060899],[-58.4316987,-34.7043188],[-58.4340724,-34.7055665],[-58.4364698,-34.7068341],[-58.4370706,-34.7071442],[-58.4415815,-34.7095367],[-58.4473541,-34.7125566],[-58.4443151,-34.7109919],[-58.4520446,-34.7134218],[-58.4529629,-34.713148],[-58.4547703,-34.7167326],[-58.4637961,-34.7234186],[-58.4662984,-34.7270642],[-58.4664732,-34.7291123],[-58.4641904,-34.7324712],[-58.4617037,-34.7357423],[-58.4581096,-34.7405328],[-58.4546052,-34.7448832],[-58.4495251,-34.7491283],[-58.4429604,-34.7577035],[-58.4386109,-34.7632664],[-58.4369425,-34.7674376],[-58.4436973,-34.7711225],[-58.451458,-34.7751428],[-58.4576534,-34.7784098],[-58.4591236,-34.7774352],[-58.4599978,-34.7769147],[-58.4597686,-34.7782134],[-58.4589801,-34.7792552]]}},{"type":"Feature","properties":{"linea":"188","linea_nombre":"Línea 188","ramal":"3","sentido":"IDA","subgrupo":"Línea 188","subgrupo_detalle":"Ramal 3","color_hex":"#2563eb","operador":"Transporte Larrazábal C.I.S.A.","cabecera_inicio":"Cruce de Lomas - Marxer","cabecera_fin":"Pueyrredón y Sarmiento","nombre":"Línea 188 - 3 - IDA","numero":"188","categoria":"NACIONAL","subcategoria":"3","color":"#2563eb","descripcion":"Línea 188 - Ramal 3: Cruce de Lomas → x Camino Negro → Once","network":"NACIONAL","routeId":"osm:391429","source":"OpenStreetMap","license":"ODbL-1.0"},"geometry":{"type":"LineString","coordinates":[[-58.4588385,-34.7794482],[-58.4575136,-34.7810452],[-58.4570329,-34.7805301],[-58.4578486,-34.7786641],[-58.4539735,-34.7765626],[-58.4443861,-34.771582],[-58.43747,-34.7679994],[-58.4351472,-34.7679195],[-58.4343972,-34.7662109],[-58.4328831,-34.7644743],[-58.4304392,-34.7626472],[-58.4312898,-34.7596417],[-58.4320833,-34.7573132],[-58.4345029,-34.7537455],[-58.4357248,-34.7512906],[-58.4325349,-34.7495422],[-58.4299226,-34.7466188],[-58.4294403,-34.743576],[-58.4291534,-34.7422795],[-58.4300889,-34.7425878],[-58.4315875,-34.7406754],[-58.4337255,-34.7375282],[-58.4363136,-34.7334126],[-58.4402821,-34.7282298],[-58.442014,-34.7258613],[-58.4444421,-34.7227246],[-58.4481961,-34.7182778],[-58.4492738,-34.7167709],[-58.4510989,-34.7146469],[-58.4463736,-34.7120214],[-58.4437468,-34.7106964],[-58.4405987,-34.7090171],[-58.4365883,-34.7068954],[-58.4339568,-34.7054977],[-58.4292813,-34.7030669],[-58.4284168,-34.7008468],[-58.4333778,-34.6942592],[-58.434157,-34.6931706],[-58.4328674,-34.6912247],[-58.4392785,-34.6823224],[-58.4387816,-34.6816374],[-58.4366663,-34.681118],[-58.4351668,-34.6807121],[-58.4299649,-34.6793457],[-58.4224563,-34.6773248],[-58.4213346,-34.6770302],[-58.419699,-34.677906],[-58.4180464,-34.6764837],[-58.4152611,-34.6751368],[-58.4106432,-34.6736325],[-58.4095786,-34.6709687],[-58.4131473,-34.6683266],[-58.4174541,-34.6651506],[-58.4172012,-34.6626607],[-58.4164999,-34.6586888],[-58.4163748,-34.6564544],[-58.4162201,-34.6533562],[-58.4128267,-34.6550821],[-58.4098451,-34.653901],[-58.4076485,-34.652251],[-58.4051883,-34.6502249],[-58.4045755,-34.6494198],[-58.4042611,-34.6441354],[-58.4048485,-34.6411677],[-58.4054087,-34.6381731],[-58.4055596,-34.6373913],[-58.404645,-34.633262],[-58.4006881,-34.6316925],[-58.395958,-34.6315511],[-58.3962743,-34.6303142],[-58.3963362,-34.6300482],[-58.3999113,-34.6285416],[-58.4002391,-34.6252815],[-58.402151,-34.622389],[-58.402507,-34.6223472],[-58.4041088,-34.6170293],[-58.4041818,-34.6168335],[-58.4050977,-34.6140192],[-58.4058559,-34.6112563],[-58.4059463,-34.6101092],[-58.4059746,-34.6096186],[-58.4060601,-34.6085228],[-58.4060727,-34.6083617],[-58.4061252,-34.6076052],[-58.4061192,-34.6077411]]}},{"type":"Feature","properties":{"linea":"20","linea_nombre":"Línea 20","ramal":"3","sentido":"IDA","subgrupo":"Línea 20","subgrupo_detalle":"Ramal 3","color_hex":"#2563eb","operador":"Transportes Larrazábal C.I.S.A.","cabecera_inicio":"Cruce de Lomas - Marxer","cabecera_fin":"Terminal de Ómnibus Retiro","nombre":"Línea 20 - 3 - IDA","numero":"20","categoria":"NACIONAL","subcategoria":"3","color":"#2563eb","descripcion":"Línea 20 - Ramal 3: Cruce de Lomas → Retiro","network":"NACIONAL","routeId":"osm:16026233","source":"OpenStreetMap","license":"ODbL-1.0"},"geometry":{"type":"LineString","coordinates":[[-58.4589801,-34.7792552],[-58.4575136,-34.7810452],[-58.4576749,-34.7795976],[-58.4576067,-34.7784961],[-58.4537272,-34.7764339],[-58.441111,-34.7699358],[-58.4480068,-34.7618334],[-58.4429604,-34.7577035],[-58.4462841,-34.7532673],[-58.4462841,-34.7532673],[-58.4515618,-34.745302],[-58.4423064,-34.7401628],[-58.434968,-34.7361153],[-58.4345288,-34.7358773],[-58.4284914,-34.7326272],[-58.4243877,-34.7304181],[-58.4214515,-34.7288527],[-58.4208275,-34.7285118],[-58.4201649,-34.7237022],[-58.4234391,-34.7194901],[-58.4256022,-34.7122409],[-58.4223458,-34.7105314],[-58.4190092,-34.7084228],[-58.4176038,-34.7067062],[-58.414781,-34.7035311],[-58.4115639,-34.6999639],[-58.4081108,-34.6960681],[-58.4050064,-34.6928027],[-58.4021472,-34.6897718],[-58.3985656,-34.6868242],[-58.3980956,-34.6855299],[-58.4040121,-34.6796756],[-58.4000299,-34.6768446],[-58.3958929,-34.6735988],[-58.3907154,-34.6706838],[-58.3878256,-34.6680216],[-58.3896617,-34.6665031],[-58.3889711,-34.6645636],[-58.3881613,-34.6618935],[-58.3883433,-34.6595816],[-58.3814579,-34.6565443],[-58.3776278,-34.6562782],[-58.374999,-34.654575],[-58.3765672,-34.6504661],[-58.3771104,-34.6489424],[-58.3730334,-34.6466378],[-58.363777,-34.6451417],[-58.3622812,-34.6446723],[-58.3585537,-34.641804],[-58.3607881,-34.6410809],[-58.3615807,-34.6404611],[-58.3616823,-34.6402192],[-58.361542,-34.6395194],[-58.3585644,-34.6389807],[-58.3605281,-34.6389835],[-58.3574854,-34.6385842],[-58.357165,-34.6384253],[-58.3569594,-34.6380176],[-58.3568005,-34.6377305],[-58.3556163,-34.6370767],[-58.3542626,-34.6363094],[-58.3544321,-34.6345499],[-58.3573712,-34.6300734],[-58.359446,-34.6263458],[-58.3624307,-34.6247626],[-58.3634231,-34.6243936],[-58.3643407,-34.6237048],[-58.3650582,-34.6232234],[-58.3652866,-34.6222122],[-58.365512,-34.620361],[-58.3656641,-34.6187747],[-58.3658376,-34.6167605],[-58.3661479,-34.6140605],[-58.3663029,-34.6121179],[-58.3665863,-34.6082698],[-58.3669309,-34.6054296],[-58.3672305,-34.6027619],[-58.3675152,-34.6001128],[-58.3681756,-34.5982532],[-58.3698366,-34.5933634],[-58.3704459,-34.590752],[-58.3709702,-34.5892366],[-58.3717753,-34.586969],[-58.3735904,-34.581688],[-58.3732642,-34.5840372],[-58.3748945,-34.5846335],[-58.3743696,-34.5855386]]}},{"type":"Feature","properties":{"linea":"20","linea_nombre":"Línea 20","ramal":"3","sentido":"IDA","subgrupo":"Línea 20","subgrupo_detalle":"Ramal 3","color_hex":"#2563eb","operador":"Transportes Larrazábal C.I.S.A.","cabecera_inicio":"Terminal de Ómnibus Retiro","cabecera_fin":"Cruce de Lomas","nombre":"Línea 20 - 3 - IDA","numero":"20","categoria":"NACIONAL","subcategoria":"3","color":"#2563eb","descripcion":"Línea 20 - Ramal 3: Retiro → Cruce de Lomas","network":"NACIONAL","routeId":"osm:13836394","source":"OpenStreetMap","license":"ODbL-1.0"},"geometry":{"type":"LineString","coordinates":[[-58.3743696,-34.5855386],[-58.373079,-34.5862597],[-58.3723781,-34.586452],[-58.3719717,-34.5884409],[-58.3724131,-34.5893292],[-58.3730047,-34.5902465],[-58.3723034,-34.590642],[-58.3717979,-34.5909591],[-58.3717085,-34.5912478],[-58.3721471,-34.5919052],[-58.3710768,-34.5945889],[-58.3691795,-34.5992565],[-58.3683684,-34.6015753],[-58.3680027,-34.6049993],[-58.3675676,-34.6087953],[-58.3670951,-34.6129314],[-58.3666711,-34.6167442],[-58.3662382,-34.6204429],[-58.365877,-34.6232299],[-58.3649986,-34.6242217],[-58.3625052,-34.6250879],[-58.3604269,-34.6261047],[-58.3558964,-34.629138],[-58.3560959,-34.6342082],[-58.356186,-34.6372572],[-58.3570082,-34.6378064],[-58.3572055,-34.637959],[-58.357206,-34.6381288],[-58.3573673,-34.6385256],[-58.358663,-34.6389844],[-58.360595,-34.6389929],[-58.3613402,-34.6392407],[-58.3617082,-34.6400491],[-58.3615807,-34.6404611],[-58.3610739,-34.64094],[-58.3632667,-34.6429458],[-58.3685589,-34.6438083],[-58.3681935,-34.6473368],[-58.3745996,-34.6484945],[-58.3777488,-34.6503666],[-58.3788378,-34.6531635],[-58.3854771,-34.6548563],[-58.3885208,-34.6572007],[-58.3882862,-34.6602804],[-58.388415,-34.6632555],[-58.3881967,-34.6613942],[-58.3896754,-34.6663486],[-58.3895304,-34.6667293],[-58.3892935,-34.6692647],[-58.3926274,-34.6706242],[-58.3971805,-34.674545],[-58.4026389,-34.6784142],[-58.4042316,-34.6797349],[-58.3978557,-34.6860639],[-58.3992876,-34.6874083],[-58.4037708,-34.6914773],[-58.4047866,-34.6925745],[-58.4064372,-34.6943052],[-58.4097865,-34.6979514],[-58.4126307,-34.7011406],[-58.415512,-34.7043661],[-58.4172047,-34.7062344],[-58.4184119,-34.7076812],[-58.4195343,-34.7090535],[-58.4232022,-34.7109785],[-58.4232022,-34.7109785],[-58.4280133,-34.713499],[-58.4227506,-34.7203641],[-58.4208353,-34.7229415],[-58.4179525,-34.7265599],[-58.4232288,-34.7297995],[-58.4284233,-34.7325905],[-58.434968,-34.7361153],[-58.4386538,-34.7381213],[-58.4495882,-34.7442365],[-58.4495251,-34.7491283],[-58.4429604,-34.7577035],[-58.4446757,-34.7662568],[-58.4444402,-34.7715136],[-58.4539527,-34.7764317],[-58.4580716,-34.7785187],[-58.4594508,-34.7770544],[-58.4603315,-34.7771569],[-58.4591297,-34.7790575]]}},{"type":"Feature","properties":{"linea":"20","linea_nombre":"Línea 20","ramal":"1","sentido":"IDA","subgrupo":"Línea 20","subgrupo_detalle":"Ramal 1","color_hex":"#2563eb","operador":"Transportes Larrazábal C.I.S.A.","cabecera_inicio":"Cruce de Lomas - Marxer","cabecera_fin":"Terminal de Ómnibus Retiro","nombre":"Línea 20 - 1 - IDA","numero":"20","categoria":"NACIONAL","subcategoria":"1","color":"#2563eb","descripcion":"Línea 20 - Ramal 1: Cruce de Lomas → Retiro","network":"NACIONAL","routeId":"osm:16008850","source":"OpenStreetMap","license":"ODbL-1.0"},"geometry":{"type":"LineString","coordinates":[[-58.4589801,-34.7792552],[-58.4574179,-34.7810649],[-58.458008,-34.7790674],[-58.4557043,-34.777462],[-58.4471431,-34.7730124],[-58.43747,-34.7679994],[-58.4349664,-34.7677502],[-58.434088,-34.7656844],[-58.4306472,-34.7630152],[-58.4311947,-34.7598649],[-58.4321326,-34.7572315],[-58.435736,-34.7519238],[-58.4342301,-34.7504253],[-58.4301376,-34.747651],[-58.4294403,-34.743576],[-58.429254,-34.7421557],[-58.430239,-34.7424992],[-58.4332789,-34.7384453],[-58.4360727,-34.7337177],[-58.4408592,-34.7275101],[-58.4425259,-34.7252103],[-58.4341985,-34.7219298],[-58.4323423,-34.7188988],[-58.4292319,-34.7141302],[-58.4237887,-34.7112829],[-58.4198861,-34.709238],[-58.4181094,-34.7073158],[-58.415512,-34.7043661],[-58.411651,-34.7000726],[-58.4081108,-34.6960681],[-58.4047866,-34.6925745],[-58.4010754,-34.6888868],[-58.396736,-34.6869004],[-58.3998701,-34.6842676],[-58.4027762,-34.6786967],[-58.3980127,-34.6754911],[-58.3926006,-34.6722714],[-58.388835,-34.6689979],[-58.3896404,-34.6665668],[-58.3889711,-34.6645636],[-58.3881894,-34.6615316],[-58.3884402,-34.6581979],[-58.3792558,-34.6564139],[-58.3757079,-34.6558404],[-58.3756712,-34.652782],[-58.3775526,-34.6478419],[-58.375059,-34.6471773],[-58.3668389,-34.6454721],[-58.362903,-34.6449966],[-58.3585537,-34.641804],[-58.3609026,-34.6410314],[-58.3616637,-34.6402794],[-58.3612814,-34.6391986],[-58.360754,-34.6390272],[-58.3594993,-34.6389838],[-58.3583094,-34.6389469],[-58.3573673,-34.6385256],[-58.356969,-34.63804],[-58.3568253,-34.6377593],[-58.3556163,-34.6370767],[-58.3541585,-34.6362029],[-58.355417,-34.632862],[-58.3584299,-34.6293654],[-58.3619667,-34.6249585],[-58.3630268,-34.6244746],[-58.3639317,-34.6240768],[-58.3649702,-34.6232932],[-58.3652258,-34.6227903],[-58.3654681,-34.6206949],[-58.3656641,-34.6187747],[-58.3658958,-34.6162717],[-58.3662167,-34.6134554],[-58.3662273,-34.6114226],[-58.3667191,-34.6071023],[-58.3670033,-34.6047843],[-58.3674338,-34.6007813],[-58.3679956,-34.598827],[-58.3696266,-34.5939302],[-58.3704209,-34.5908443],[-58.3709702,-34.5892366],[-58.3720451,-34.5862235],[-58.3737736,-34.581621],[-58.3730484,-34.5846445],[-58.3751578,-34.585091],[-58.3743696,-34.5855386]]}},{"type":"Feature","properties":{"linea":"20","linea_nombre":"Línea 20","ramal":"1","sentido":"IDA","subgrupo":"Línea 20","subgrupo_detalle":"Ramal 1","color_hex":"#2563eb","operador":"Transportes Larrazábal C.I.S.A.","cabecera_inicio":"Terminal de Ómnibus Retiro","cabecera_fin":"Cruce de Lomas","nombre":"Línea 20 - 1 - IDA","numero":"20","categoria":"NACIONAL","subcategoria":"1","color":"#2563eb","descripcion":"Línea 20 - Ramal 1: Retiro → x Itatí → Cruce de Lomas","network":"NACIONAL","routeId":"osm:7223181","source":"OpenStreetMap","license":"ODbL-1.0"},"geometry":{"type":"LineString","coordinates":[[-58.3743696,-34.5855386],[-58.373079,-34.5862597],[-58.3723781,-34.586452],[-58.3719717,-34.5884409],[-58.3724131,-34.5893292],[-58.3730047,-34.5902465],[-58.3723034,-34.590642],[-58.3717979,-34.5909591],[-58.3717085,-34.5912478],[-58.3721471,-34.5919052],[-58.3710768,-34.5945889],[-58.3691795,-34.5992565],[-58.3683684,-34.6015753],[-58.3680027,-34.6049993],[-58.3675676,-34.6087953],[-58.3670951,-34.6129314],[-58.3666711,-34.6167442],[-58.3662382,-34.6204429],[-58.365877,-34.6232299],[-58.3649986,-34.6242217],[-58.3625052,-34.6250879],[-58.3604269,-34.6261047],[-58.3558964,-34.629138],[-58.3560959,-34.6342082],[-58.356186,-34.6372572],[-58.3570082,-34.6378064],[-58.3572055,-34.637959],[-58.357206,-34.6381288],[-58.3573673,-34.6385256],[-58.358663,-34.6389844],[-58.360595,-34.6389929],[-58.3613402,-34.6392407],[-58.3617082,-34.6400491],[-58.3615807,-34.6404611],[-58.3610739,-34.64094],[-58.3632667,-34.6429458],[-58.3685589,-34.6438083],[-58.3681935,-34.6473368],[-58.3745996,-34.6484945],[-58.3777488,-34.6503666],[-58.3788378,-34.6531635],[-58.3854771,-34.6548563],[-58.3885208,-34.6572007],[-58.3882862,-34.6602804],[-58.388415,-34.6632555],[-58.3881967,-34.6613942],[-58.3896754,-34.6663486],[-58.3895304,-34.6667293],[-58.3892935,-34.6692647],[-58.3926274,-34.6706242],[-58.3971805,-34.674545],[-58.4026389,-34.6784142],[-58.4042316,-34.6797349],[-58.3978557,-34.6860639],[-58.3992876,-34.6874083],[-58.4037708,-34.6914773],[-58.4047866,-34.6925745],[-58.4064372,-34.6943052],[-58.4097865,-34.6979514],[-58.4126307,-34.7011406],[-58.415512,-34.7043661],[-58.4172047,-34.7062344],[-58.4184119,-34.7076812],[-58.4195343,-34.7090535],[-58.4232022,-34.7109785],[-58.4232022,-34.7109785],[-58.4292319,-34.7141302],[-58.4311282,-34.7182774],[-58.4335876,-34.7215581],[-58.4342505,-34.7219654],[-58.4413433,-34.7277629],[-58.4357785,-34.7351003],[-58.4334849,-34.7388522],[-58.4302801,-34.7429932],[-58.4297442,-34.7442685],[-58.4312258,-34.7483987],[-58.4339553,-34.7498563],[-58.4363639,-34.7515085],[-58.4336648,-34.7555673],[-58.4313942,-34.7596245],[-58.4306507,-34.7628182],[-58.4332753,-34.7646441],[-58.4366981,-34.7672451],[-58.4417622,-34.7701618],[-58.450336,-34.7745741],[-58.4560401,-34.777535],[-58.4585425,-34.7782823],[-58.4597729,-34.7768698],[-58.4602625,-34.7775638],[-58.4591297,-34.7790575]]}},{"type":"Feature","properties":{"linea":"239","linea_nombre":"Línea 239","ramal":"P","sentido":"IDA","subgrupo":"Línea 239","subgrupo_detalle":"Ramal P","color_hex":"#2563eb","operador":"Expreso Villa Galicia San José S.A.","cabecera_inicio":"Estación Banfield","cabecera_fin":"Estación Lanús","nombre":"Línea 239 - P - IDA","numero":"239","categoria":"PROVINCIAL","subcategoria":"P","color":"#2563eb","descripcion":"Línea 239 - Ramal P: Banfield → Monte Chingolo → Lanús","network":"PROVINCIAL","routeId":"osm:19701856,19701857","source":"OpenStreetMap","license":"ODbL-1.0"},"geometry":{"type":"LineString","coordinates":[[-58.395112,-34.744531],[-58.395218,-34.745118],[-58.395031,-34.745203],[-58.394612,-34.743073],[-58.378862,-34.745062],[-58.37887,-34.74518],[-58.374241,-34.751154],[-58.37068,-34.749322],[-58.370081,-34.752792],[-58.355308,-34.745093],[-58.352636,-34.748637],[-58.347532,-34.746027],[-58.347483,-34.746099],[-58.346586,-34.745655],[-58.347009,-34.74453],[-58.346657,-34.744351],[-58.348666,-34.741695],[-58.347145,-34.740922],[-58.350243,-34.732582],[-58.351706,-34.731514],[-58.354393,-34.73389],[-58.36029,-34.72935],[-58.366022,-34.725246],[-58.368617,-34.727518],[-58.385217,-34.715608],[-58.381083,-34.711678],[-58.389636,-34.705581],[-58.390133,-34.706904]]}},{"type":"Feature","properties":{"linea":"239","linea_nombre":"Línea 239","ramal":"P","sentido":"VUELTA","subgrupo":"Línea 239","subgrupo_detalle":"Ramal P","color_hex":"#2563eb","operador":"Expreso Villa Galicia San José S.A.","cabecera_inicio":"Estación Lanús","cabecera_fin":"Estación Banfield","nombre":"Línea 239 - P - VUELTA","numero":"239","categoria":"PROVINCIAL","subcategoria":"P","color":"#2563eb","descripcion":"Línea 239 - Ramal P: Banfield → Monte Chingolo → Lanús","network":"PROVINCIAL","routeId":"osm:19701856,19701857","source":"OpenStreetMap","license":"ODbL-1.0"},"geometry":{"type":"LineString","coordinates":[[-58.390133,-34.706904],[-58.390826,-34.708835],[-58.391455,-34.711084],[-58.368617,-34.727518],[-58.366022,-34.725246],[-58.36029,-34.72935],[-58.354393,-34.73389],[-58.3509,-34.730802],[-58.347145,-34.740922],[-58.348666,-34.741695],[-58.346657,-34.744351],[-58.347009,-34.74453],[-58.346586,-34.745655],[-58.347483,-34.746099],[-58.347532,-34.746027],[-58.352636,-34.748637],[-58.355308,-34.745093],[-58.370081,-34.752792],[-58.37068,-34.749322],[-58.374241,-34.751154],[-58.37887,-34.74518],[-58.378862,-34.745062],[-58.385857,-34.744192],[-58.386083,-34.745348],[-58.395049,-34.744212],[-58.395112,-34.744531]]}},{"type":"Feature","properties":{"linea":"247","linea_nombre":"Línea 247","ramal":"5","sentido":"IDA","subgrupo":"Línea 247","subgrupo_detalle":"Ramal 5","color_hex":"#2563eb","operador":"Expreso Nueve de Julio S.A.","cabecera_inicio":"","cabecera_fin":"","nombre":"Línea 247 - 5 - IDA","numero":"247","categoria":"PROVINCIAL","subcategoria":"5","color":"#2563eb","descripcion":"Línea 247 - Ramal 5: Villa Fiorito → San Francisco Solano","network":"PROVINCIAL","routeId":"osm:16269665,16269705","source":"OpenStreetMap","license":"ODbL-1.0"},"geometry":{"type":"LineString","coordinates":[[-58.448296,-34.713103],[-58.446031,-34.711829],[-58.443635,-34.710642],[-58.431699,-34.704319],[-58.425602,-34.712241],[-58.419534,-34.709053],[-58.416501,-34.705381],[-58.415512,-34.704366],[-58.408111,-34.696068],[-58.402,-34.689638],[-58.389855,-34.679884],[-58.388743,-34.678852],[-58.384617,-34.675488],[-58.382879,-34.67691],[-58.382388,-34.675598],[-58.380863,-34.670413],[-58.380289,-34.668935],[-58.374955,-34.661107],[-58.373702,-34.659647],[-58.37337,-34.659696],[-58.372811,-34.66073],[-58.370973,-34.660513],[-58.370402,-34.659714],[-58.370275,-34.659641],[-58.370176,-34.659643],[-58.369416,-34.6602],[-58.3684,-34.661401],[-58.36771,-34.662367],[-58.364841,-34.666797],[-58.361409,-34.664329],[-58.357188,-34.666464],[-58.356044,-34.667932],[-58.353671,-34.670691],[-58.349473,-34.675137],[-58.346063,-34.679394],[-58.344211,-34.682358],[-58.340592,-34.686474],[-58.33593,-34.690356],[-58.328368,-34.695646],[-58.321905,-34.700688],[-58.33859,-34.715056],[-58.336075,-34.717137],[-58.334214,-34.718441],[-58.338804,-34.72238],[-58.320164,-34.738512],[-58.31984,-34.738924],[-58.31975,-34.73946],[-58.320127,-34.739959],[-58.33249,-34.747313],[-58.338125,-34.750079],[-58.339383,-34.750455],[-58.335782,-34.755766],[-58.326643,-34.767825],[-58.32405,-34.772027],[-58.323434,-34.773199],[-58.321037,-34.776792],[-58.31567,-34.782013],[-58.314723,-34.782813],[-58.313328,-34.78366],[-58.313664,-34.784024],[-58.315769,-34.785073],[-58.3149,-34.786253],[-58.319627,-34.78855],[-58.315903,-34.793741],[-58.321177,-34.79671]]}},{"type":"Feature","properties":{"linea":"247","linea_nombre":"Línea 247","ramal":"2","sentido":"VUELTA","subgrupo":"Línea 247","subgrupo_detalle":"Ramal 2","color_hex":"#2563eb","operador":"Expreso Nueve de Julio S.A.","cabecera_inicio":"","cabecera_fin":"","nombre":"Línea 247 - 2 - VUELTA","numero":"247","categoria":"PROVINCIAL","subcategoria":"2","color":"#2563eb","descripcion":"Línea 247 - Ramal 2: Villa Fiorito → San Francisco Solano","network":"PROVINCIAL","routeId":"osm:16269642,16269666","source":"OpenStreetMap","license":"ODbL-1.0"},"geometry":{"type":"LineString","coordinates":[[-58.321493,-34.796248],[-58.321177,-34.79671],[-58.327328,-34.788584],[-58.327933,-34.787363],[-58.330104,-34.784034],[-58.334755,-34.779336],[-58.331942,-34.777772],[-58.33522,-34.774343],[-58.335399,-34.773838],[-58.345177,-34.761192],[-58.349452,-34.755486],[-58.340935,-34.751014],[-58.340198,-34.750692],[-58.338125,-34.750079],[-58.33249,-34.747313],[-58.320127,-34.739959],[-58.319214,-34.7398],[-58.319068,-34.739713],[-58.319065,-34.73948],[-58.319394,-34.739141],[-58.338804,-34.72238],[-58.317338,-34.703937],[-58.328117,-34.695412],[-58.336316,-34.689669],[-58.33938,-34.687078],[-58.340401,-34.686138],[-58.343654,-34.682411],[-58.344298,-34.681799],[-58.345798,-34.679434],[-58.349373,-34.675032],[-58.354006,-34.67011],[-58.355896,-34.667949],[-58.356987,-34.666569],[-58.364277,-34.662908],[-58.368083,-34.660045],[-58.370029,-34.658682],[-58.370158,-34.658516],[-58.370133,-34.658346],[-58.369686,-34.657816],[-58.369596,-34.657515],[-58.369723,-34.657006],[-58.370006,-34.656654],[-58.370439,-34.65651],[-58.371803,-34.657686],[-58.372038,-34.657769],[-58.373873,-34.659641],[-58.374782,-34.660682],[-58.380322,-34.668733],[-58.381003,-34.670471],[-58.382534,-34.675647],[-58.382981,-34.676805],[-58.384617,-34.675488],[-58.388743,-34.678852],[-58.389855,-34.679884],[-58.402,-34.689638],[-58.408111,-34.696068],[-58.415512,-34.704366],[-58.416501,-34.705381],[-58.419534,-34.709053],[-58.425602,-34.712241],[-58.431699,-34.704319],[-58.443635,-34.710642],[-58.446031,-34.711829],[-58.448296,-34.713103]]}},{"type":"Feature","properties":{"linea":"247","linea_nombre":"Línea 247","ramal":"2","sentido":"IDA","subgrupo":"Línea 247","subgrupo_detalle":"Ramal 2","color_hex":"#2563eb","operador":"Expreso Nueve de Julio S.A.","cabecera_inicio":"","cabecera_fin":"","nombre":"Línea 247 - 2 - IDA","numero":"247","categoria":"PROVINCIAL","subcategoria":"2","color":"#2563eb","descripcion":"Línea 247 - Ramal 2: Villa Fiorito → San Francisco Solano","network":"PROVINCIAL","routeId":"osm:16269642,16269666","source":"OpenStreetMap","license":"ODbL-1.0"},"geometry":{"type":"LineString","coordinates":[[-58.448296,-34.713103],[-58.446031,-34.711829],[-58.443635,-34.710642],[-58.431699,-34.704319],[-58.425602,-34.712241],[-58.419534,-34.709053],[-58.416501,-34.705381],[-58.415512,-34.704366],[-58.408111,-34.696068],[-58.402,-34.689638],[-58.389855,-34.679884],[-58.388743,-34.678852],[-58.384617,-34.675488],[-58.382879,-34.67691],[-58.382388,-34.675598],[-58.380863,-34.670413],[-58.380289,-34.668935],[-58.374955,-34.661107],[-58.373702,-34.659647],[-58.37337,-34.659696],[-58.372811,-34.66073],[-58.370973,-34.660513],[-58.370402,-34.659714],[-58.370275,-34.659641],[-58.370176,-34.659643],[-58.369416,-34.6602],[-58.3684,-34.661401],[-58.36771,-34.662367],[-58.364841,-34.666797],[-58.361409,-34.664329],[-58.357188,-34.666464],[-58.356044,-34.667932],[-58.353671,-34.670691],[-58.349473,-34.675137],[-58.346063,-34.679394],[-58.344211,-34.682358],[-58.340592,-34.686474],[-58.33593,-34.690356],[-58.328368,-34.695646],[-58.317546,-34.704114],[-58.338804,-34.72238],[-58.320164,-34.738512],[-58.319908,-34.738791],[-58.319784,-34.73908],[-58.31975,-34.73946],[-58.319844,-34.739644],[-58.320127,-34.739959],[-58.33249,-34.747313],[-58.338125,-34.750079],[-58.340198,-34.750692],[-58.340935,-34.751014],[-58.349452,-34.755486],[-58.345177,-34.761192],[-58.335399,-34.773838],[-58.33522,-34.774343],[-58.332007,-34.777713],[-58.334815,-34.779274],[-58.330104,-34.784034],[-58.327933,-34.787363],[-58.327328,-34.788584],[-58.321177,-34.79671]]}},{"type":"Feature","properties":{"linea":"247","linea_nombre":"Línea 247","ramal":"7","sentido":"VUELTA","subgrupo":"Línea 247","subgrupo_detalle":"Ramal 7","color_hex":"#2563eb","operador":"Expreso Nueve de Julio S.A.","cabecera_inicio":"","cabecera_fin":"","nombre":"Línea 247 - 7 - VUELTA","numero":"247","categoria":"PROVINCIAL","subcategoria":"7","color":"#2563eb","descripcion":"Línea 247 - Ramal 7: Villa Fiorito → San Francisco Solano","network":"PROVINCIAL","routeId":"osm:16269663,16269703","source":"OpenStreetMap","license":"ODbL-1.0"},"geometry":{"type":"LineString","coordinates":[[-58.321493,-34.796248],[-58.321177,-34.79671],[-58.327328,-34.788584],[-58.327933,-34.787363],[-58.330104,-34.784034],[-58.334755,-34.779336],[-58.331942,-34.777772],[-58.33522,-34.774343],[-58.335399,-34.773838],[-58.345177,-34.761192],[-58.349452,-34.755486],[-58.340935,-34.751014],[-58.340198,-34.750692],[-58.338125,-34.750079],[-58.33249,-34.747313],[-58.320127,-34.739959],[-58.319134,-34.739775],[-58.319055,-34.739502],[-58.319394,-34.739141],[-58.347496,-34.71483],[-58.341149,-34.709381],[-58.334971,-34.704309],[-58.340362,-34.700081],[-58.352697,-34.689829],[-58.353701,-34.690701],[-58.357249,-34.687556],[-58.361579,-34.684016],[-58.364495,-34.686651],[-58.370415,-34.681905],[-58.370379,-34.681809],[-58.367359,-34.679361],[-58.367871,-34.678724],[-58.367867,-34.678522],[-58.361768,-34.673085],[-58.361471,-34.673073],[-58.360795,-34.673444],[-58.360636,-34.673399],[-58.36046,-34.673211],[-58.363888,-34.668239],[-58.361685,-34.666781],[-58.362265,-34.666094],[-58.36044,-34.66482],[-58.364277,-34.662908],[-58.368083,-34.660045],[-58.370029,-34.658682],[-58.370158,-34.658516],[-58.370133,-34.658346],[-58.369686,-34.657816],[-58.369596,-34.657515],[-58.369723,-34.657006],[-58.370006,-34.656654],[-58.370439,-34.65651],[-58.371803,-34.657686],[-58.372038,-34.657769],[-58.373873,-34.659641],[-58.374782,-34.660682],[-58.380322,-34.668733],[-58.381003,-34.670471],[-58.382534,-34.675647],[-58.382981,-34.676805],[-58.384617,-34.675488],[-58.388743,-34.678852],[-58.389855,-34.679884],[-58.394307,-34.683439],[-58.396066,-34.68132],[-58.400146,-34.676721],[-58.40444,-34.679667],[-58.408575,-34.684784],[-58.411596,-34.686214],[-58.416928,-34.688062],[-58.416766,-34.688673],[-58.421688,-34.690867],[-58.422292,-34.690024],[-58.423382,-34.690561],[-58.422846,-34.691294],[-58.422814,-34.691472],[-58.420403,-34.693841],[-58.42415,-34.696131],[-58.429197,-34.698752],[-58.426861,-34.701799],[-58.443635,-34.710642],[-58.446031,-34.711829],[-58.448296,-34.713103]]}},{"type":"Feature","properties":{"linea":"247","linea_nombre":"Línea 247","ramal":"7","sentido":"IDA","subgrupo":"Línea 247","subgrupo_detalle":"Ramal 7","color_hex":"#2563eb","operador":"Expreso Nueve de Julio S.A.","cabecera_inicio":"","cabecera_fin":"","nombre":"Línea 247 - 7 - IDA","numero":"247","categoria":"PROVINCIAL","subcategoria":"7","color":"#2563eb","descripcion":"Línea 247 - Ramal 7: Villa Fiorito → San Francisco Solano","network":"PROVINCIAL","routeId":"osm:16269663,16269703","source":"OpenStreetMap","license":"ODbL-1.0"},"geometry":{"type":"LineString","coordinates":[[-58.448296,-34.713103],[-58.446031,-34.711829],[-58.443635,-34.710642],[-58.427441,-34.70211],[-58.429784,-34.699059],[-58.426308,-34.6972],[-58.42415,-34.696131],[-58.420403,-34.693841],[-58.42283,-34.691387],[-58.416766,-34.688673],[-58.41642,-34.688972],[-58.415481,-34.688018],[-58.415795,-34.687695],[-58.411596,-34.686214],[-58.408575,-34.684784],[-58.404494,-34.679787],[-58.400887,-34.677424],[-58.395108,-34.684083],[-58.389855,-34.679884],[-58.388743,-34.678852],[-58.384617,-34.675488],[-58.382879,-34.67691],[-58.382388,-34.675598],[-58.380863,-34.670413],[-58.380289,-34.668935],[-58.374955,-34.661107],[-58.373702,-34.659647],[-58.37337,-34.659696],[-58.372811,-34.66073],[-58.372737,-34.660736],[-58.370973,-34.660513],[-58.370402,-34.659714],[-58.370176,-34.659643],[-58.369288,-34.660316],[-58.367904,-34.662094],[-58.361155,-34.672363],[-58.367754,-34.678218],[-58.371306,-34.681169],[-58.364495,-34.686651],[-58.361625,-34.684054],[-58.357249,-34.687556],[-58.353701,-34.690701],[-58.339783,-34.702414],[-58.336851,-34.704413],[-58.348211,-34.714216],[-58.320164,-34.738512],[-58.3198,-34.739027],[-58.31975,-34.73946],[-58.320127,-34.739959],[-58.33249,-34.747313],[-58.338125,-34.750079],[-58.340198,-34.750692],[-58.340935,-34.751014],[-58.349452,-34.755486],[-58.345177,-34.761192],[-58.335399,-34.773838],[-58.33522,-34.774343],[-58.332007,-34.777713],[-58.334815,-34.779274],[-58.330104,-34.784034],[-58.327933,-34.787363],[-58.327328,-34.788584],[-58.321177,-34.79671]]}},{"type":"Feature","properties":{"linea":"247","linea_nombre":"Línea 247","ramal":"5S","sentido":"VUELTA","subgrupo":"Línea 247","subgrupo_detalle":"Ramal 5S","color_hex":"#2563eb","operador":"Expreso Nueve de Julio S.A.","cabecera_inicio":"","cabecera_fin":"","nombre":"Línea 247 - 5S - VUELTA","numero":"247","categoria":"PROVINCIAL","subcategoria":"5S","color":"#2563eb","descripcion":"Línea 247 - Ramal 5 x Santa Fe: Villa Fiorito → San Francisco Solano","network":"PROVINCIAL","routeId":"osm:16269664,16269704","source":"OpenStreetMap","license":"ODbL-1.0"},"geometry":{"type":"LineString","coordinates":[[-58.321493,-34.796248],[-58.321177,-34.79671],[-58.317338,-34.794658],[-58.315942,-34.793822],[-58.315903,-34.793741],[-58.319627,-34.78855],[-58.3149,-34.786253],[-58.315769,-34.785073],[-58.313664,-34.784024],[-58.313328,-34.78366],[-58.314723,-34.782813],[-58.31567,-34.782013],[-58.320701,-34.777077],[-58.323301,-34.773271],[-58.323498,-34.772789],[-58.326805,-34.767452],[-58.335683,-34.755767],[-58.336933,-34.753932],[-58.331884,-34.751503],[-58.324534,-34.747318],[-58.322141,-34.747166],[-58.318617,-34.746809],[-58.313269,-34.744461],[-58.338804,-34.72238],[-58.334214,-34.718441],[-58.336075,-34.717137],[-58.33859,-34.715056],[-58.332385,-34.709729],[-58.333398,-34.708899],[-58.322735,-34.699695],[-58.328117,-34.695412],[-58.336316,-34.689669],[-58.340209,-34.686333],[-58.343654,-34.682411],[-58.344298,-34.681799],[-58.345798,-34.679434],[-58.349373,-34.675032],[-58.354006,-34.67011],[-58.355896,-34.667949],[-58.356987,-34.666569],[-58.364277,-34.662908],[-58.368083,-34.660045],[-58.370029,-34.658682],[-58.370158,-34.658516],[-58.370133,-34.658346],[-58.369686,-34.657816],[-58.369596,-34.657515],[-58.369723,-34.657006],[-58.370006,-34.656654],[-58.370439,-34.65651],[-58.371803,-34.657686],[-58.372038,-34.657769],[-58.373873,-34.659641],[-58.374782,-34.660682],[-58.380322,-34.668733],[-58.381003,-34.670471],[-58.382534,-34.675647],[-58.382981,-34.676805],[-58.384617,-34.675488],[-58.388743,-34.678852],[-58.389855,-34.679884],[-58.402,-34.689638],[-58.408111,-34.696068],[-58.415512,-34.704366],[-58.416501,-34.705381],[-58.419534,-34.709053],[-58.425602,-34.712241],[-58.431699,-34.704319],[-58.443635,-34.710642],[-58.446031,-34.711829],[-58.448296,-34.713103]]}},{"type":"Feature","properties":{"linea":"247","linea_nombre":"Línea 247","ramal":"5S","sentido":"IDA","subgrupo":"Línea 247","subgrupo_detalle":"Ramal 5S","color_hex":"#2563eb","operador":"Expreso Nueve de Julio S.A.","cabecera_inicio":"","cabecera_fin":"","nombre":"Línea 247 - 5S - IDA","numero":"247","categoria":"PROVINCIAL","subcategoria":"5S","color":"#2563eb","descripcion":"Línea 247 - Ramal 5 x Santa Fe: Villa Fiorito → San Francisco Solano","network":"PROVINCIAL","routeId":"osm:16269664,16269704","source":"OpenStreetMap","license":"ODbL-1.0"},"geometry":{"type":"LineString","coordinates":[[-58.448296,-34.713103],[-58.446031,-34.711829],[-58.443635,-34.710642],[-58.431699,-34.704319],[-58.425602,-34.712241],[-58.419534,-34.709053],[-58.416501,-34.705381],[-58.415512,-34.704366],[-58.408111,-34.696068],[-58.402,-34.689638],[-58.389855,-34.679884],[-58.388743,-34.678852],[-58.384617,-34.675488],[-58.382879,-34.67691],[-58.382388,-34.675598],[-58.380863,-34.670413],[-58.380289,-34.668935],[-58.374955,-34.661107],[-58.373702,-34.659647],[-58.37337,-34.659696],[-58.372811,-34.66073],[-58.370973,-34.660513],[-58.370402,-34.659714],[-58.370275,-34.659641],[-58.370176,-34.659643],[-58.369416,-34.6602],[-58.3684,-34.661401],[-58.36771,-34.662367],[-58.364841,-34.666797],[-58.361409,-34.664329],[-58.357188,-34.666464],[-58.356044,-34.667932],[-58.353671,-34.670691],[-58.349473,-34.675137],[-58.346063,-34.679394],[-58.344211,-34.682358],[-58.340592,-34.686474],[-58.33593,-34.690356],[-58.328368,-34.695646],[-58.321905,-34.700688],[-58.33859,-34.715056],[-58.336075,-34.717137],[-58.334214,-34.718441],[-58.338804,-34.72238],[-58.320164,-34.738512],[-58.319864,-34.738873],[-58.319729,-34.739533],[-58.31957,-34.739712],[-58.31943,-34.739795],[-58.31876,-34.739913],[-58.318302,-34.740124],[-58.313269,-34.744461],[-58.318617,-34.746809],[-58.322141,-34.747166],[-58.324534,-34.747318],[-58.331884,-34.751503],[-58.337005,-34.753965],[-58.335782,-34.755766],[-58.326643,-34.767825],[-58.32405,-34.772027],[-58.323434,-34.773199],[-58.321037,-34.776792],[-58.31567,-34.782013],[-58.314723,-34.782813],[-58.313328,-34.78366],[-58.313664,-34.784024],[-58.315769,-34.785073],[-58.3149,-34.786253],[-58.319627,-34.78855],[-58.315903,-34.793741],[-58.321177,-34.79671]]}},{"type":"Feature","properties":{"linea":"247","linea_nombre":"Línea 247","ramal":"5","sentido":"VUELTA","subgrupo":"Línea 247","subgrupo_detalle":"Ramal 5","color_hex":"#2563eb","operador":"Expreso Nueve de Julio S.A.","cabecera_inicio":"","cabecera_fin":"","nombre":"Línea 247 - 5 - VUELTA","numero":"247","categoria":"PROVINCIAL","subcategoria":"5","color":"#2563eb","descripcion":"Línea 247 - Ramal 5: Villa Fiorito → San Francisco Solano","network":"PROVINCIAL","routeId":"osm:16269665,16269705","source":"OpenStreetMap","license":"ODbL-1.0"},"geometry":{"type":"LineString","coordinates":[[-58.321493,-34.796248],[-58.321177,-34.79671],[-58.317338,-34.794658],[-58.315942,-34.793822],[-58.315903,-34.793741],[-58.319627,-34.78855],[-58.3149,-34.786253],[-58.315769,-34.785073],[-58.313664,-34.784024],[-58.313328,-34.78366],[-58.314723,-34.782813],[-58.31567,-34.782013],[-58.320701,-34.777077],[-58.323301,-34.773271],[-58.323498,-34.772789],[-58.326577,-34.767778],[-58.335683,-34.755767],[-58.33928,-34.750436],[-58.338125,-34.750079],[-58.33249,-34.747313],[-58.320127,-34.739959],[-58.319172,-34.73979],[-58.319053,-34.739683],[-58.319065,-34.73948],[-58.319394,-34.739141],[-58.338804,-34.72238],[-58.334214,-34.718441],[-58.336075,-34.717137],[-58.33859,-34.715056],[-58.332385,-34.709729],[-58.333398,-34.708899],[-58.322735,-34.699695],[-58.328117,-34.695412],[-58.336316,-34.689669],[-58.340209,-34.686333],[-58.343654,-34.682411],[-58.344298,-34.681799],[-58.345798,-34.679434],[-58.349373,-34.675032],[-58.354006,-34.67011],[-58.355896,-34.667949],[-58.356987,-34.666569],[-58.364277,-34.662908],[-58.368083,-34.660045],[-58.370029,-34.658682],[-58.370158,-34.658516],[-58.370133,-34.658346],[-58.369686,-34.657816],[-58.369596,-34.657515],[-58.369723,-34.657006],[-58.370006,-34.656654],[-58.370439,-34.65651],[-58.371803,-34.657686],[-58.372038,-34.657769],[-58.373873,-34.659641],[-58.374782,-34.660682],[-58.380322,-34.668733],[-58.381003,-34.670471],[-58.382534,-34.675647],[-58.382981,-34.676805],[-58.384617,-34.675488],[-58.388743,-34.678852],[-58.389855,-34.679884],[-58.402,-34.689638],[-58.408111,-34.696068],[-58.415512,-34.704366],[-58.416501,-34.705381],[-58.419534,-34.709053],[-58.425602,-34.712241],[-58.431699,-34.704319],[-58.443635,-34.710642],[-58.446031,-34.711829],[-58.448296,-34.713103]]}},{"type":"Feature","properties":{"linea":"263","linea_nombre":"Línea 263","ramal":"R","sentido":"VUELTA","subgrupo":"Línea 263","subgrupo_detalle":"Ramal R","color_hex":"#2563eb","operador":"Expreso Villa Galicia San José S.A.","cabecera_inicio":"Estación Burzaco","cabecera_fin":"","nombre":"Línea 263 - R - VUELTA","numero":"263","categoria":"PROVINCIAL","subcategoria":"R","color":"#2563eb","descripcion":"Línea 263B - Ramal Rojo: Villa Alcira → Burzaco","network":"PROVINCIAL","routeId":"osm:19704998,19704999","source":"OpenStreetMap","license":"ODbL-1.0"},"geometry":{"type":"LineString","coordinates":[[-58.391046,-34.824205],[-58.391032,-34.82436],[-58.391133,-34.82446],[-58.391063,-34.824557],[-58.390911,-34.824489],[-58.390655,-34.824489],[-58.390528,-34.824587],[-58.388927,-34.824469],[-58.388297,-34.827697],[-58.385407,-34.833418],[-58.385368,-34.833589],[-58.385477,-34.83403],[-58.385259,-34.834236],[-58.384914,-34.834216],[-58.384537,-34.833695],[-58.38414,-34.833413],[-58.348579,-34.814408],[-58.347827,-34.813836],[-58.347502,-34.813476],[-58.347028,-34.812721],[-58.346349,-34.811062],[-58.345816,-34.810328],[-58.345021,-34.809691],[-58.336799,-34.80516],[-58.3267,-34.799775],[-58.311281,-34.791297],[-58.315769,-34.785073],[-58.313664,-34.784024],[-58.313328,-34.78366],[-58.314723,-34.782813],[-58.31567,-34.782013],[-58.320701,-34.777077],[-58.322337,-34.774771],[-58.323421,-34.773002],[-58.322217,-34.772064],[-58.297067,-34.758515],[-58.298388,-34.757358],[-58.298294,-34.757285],[-58.294207,-34.75546],[-58.289879,-34.75293],[-58.285949,-34.750503],[-58.286903,-34.747384],[-58.287414,-34.746107],[-58.290079,-34.742473],[-58.279498,-34.73755],[-58.269547,-34.732285],[-58.261469,-34.728502],[-58.257905,-34.72676],[-58.257624,-34.726529],[-58.256872,-34.726144],[-58.257455,-34.725351],[-58.258449,-34.725822],[-58.268428,-34.712439],[-58.2655,-34.710938],[-58.267818,-34.707814],[-58.275935,-34.704892],[-58.279612,-34.709419],[-58.281462,-34.70856],[-58.281964,-34.708607],[-58.282954,-34.708228],[-58.281881,-34.707345],[-58.284357,-34.706241],[-58.281399,-34.701761],[-58.278468,-34.699262],[-58.280631,-34.697517]]}},{"type":"Feature","properties":{"linea":"263","linea_nombre":"Línea 263","ramal":"M","sentido":"VUELTA","subgrupo":"Línea 263","subgrupo_detalle":"Ramal M","color_hex":"#2563eb","operador":"Empresa San Vicente S.A.T.","cabecera_inicio":"Estación Burzaco","cabecera_fin":"","nombre":"Línea 263 - M - VUELTA","numero":"263","categoria":"PROVINCIAL","subcategoria":"M","color":"#2563eb","descripcion":"Línea 263A: Villa Alcira → La Matera → Burzaco","network":"PROVINCIAL","routeId":"osm:18783523,18783525","source":"OpenStreetMap","license":"ODbL-1.0"},"geometry":{"type":"LineString","coordinates":[[-58.391037,-34.824319],[-58.391133,-34.824496],[-58.391006,-34.824563],[-58.390911,-34.824489],[-58.390655,-34.824489],[-58.390528,-34.824587],[-58.388927,-34.824469],[-58.388297,-34.827697],[-58.385407,-34.833418],[-58.385368,-34.833589],[-58.385477,-34.83403],[-58.385259,-34.834236],[-58.384914,-34.834216],[-58.384537,-34.833695],[-58.38414,-34.833413],[-58.348579,-34.814408],[-58.347827,-34.813836],[-58.347502,-34.813476],[-58.347028,-34.812721],[-58.346349,-34.811062],[-58.345816,-34.810328],[-58.345021,-34.809691],[-58.336799,-34.80516],[-58.3267,-34.799775],[-58.311281,-34.791297],[-58.315769,-34.785073],[-58.313664,-34.784024],[-58.313328,-34.78366],[-58.314723,-34.782813],[-58.31536,-34.782285],[-58.308167,-34.777861],[-58.314626,-34.770715],[-58.319262,-34.764851],[-58.316142,-34.763178],[-58.316938,-34.762158],[-58.316605,-34.761969],[-58.319332,-34.758564],[-58.315795,-34.756639],[-58.312482,-34.75462],[-58.298193,-34.746681],[-58.293339,-34.744447],[-58.290079,-34.742473],[-58.278619,-34.737111],[-58.269547,-34.732285],[-58.260849,-34.72819],[-58.261306,-34.727581],[-58.261354,-34.72733],[-58.25859,-34.725948],[-58.25829,-34.725996],[-58.257807,-34.726545],[-58.257624,-34.726529],[-58.256872,-34.726144],[-58.257455,-34.725351],[-58.258449,-34.725822],[-58.268428,-34.712439],[-58.2655,-34.710938],[-58.267818,-34.707814],[-58.275935,-34.704892],[-58.279612,-34.709419],[-58.281462,-34.70856],[-58.281964,-34.708607],[-58.282954,-34.708228],[-58.281881,-34.707345],[-58.286648,-34.705214],[-58.285769,-34.704449],[-58.284081,-34.701809],[-58.282042,-34.702723],[-58.28133,-34.701683],[-58.278468,-34.699262],[-58.280631,-34.697517]]}},{"type":"Feature","properties":{"linea":"263","linea_nombre":"Línea 263","ramal":"M","sentido":"IDA","subgrupo":"Línea 263","subgrupo_detalle":"Ramal M","color_hex":"#2563eb","operador":"Empresa San Vicente S.A.T.","cabecera_inicio":"","cabecera_fin":"Estación Burzaco","nombre":"Línea 263 - M - IDA","numero":"263","categoria":"PROVINCIAL","subcategoria":"M","color":"#2563eb","descripcion":"Línea 263A: Villa Alcira → La Matera → Burzaco","network":"PROVINCIAL","routeId":"osm:18783523,18783525","source":"OpenStreetMap","license":"ODbL-1.0"},"geometry":{"type":"LineString","coordinates":[[-58.280631,-34.697517],[-58.28152,-34.698244],[-58.280152,-34.699345],[-58.282482,-34.701283],[-58.285394,-34.705777],[-58.281881,-34.707345],[-58.282954,-34.708228],[-58.281964,-34.708607],[-58.281462,-34.70856],[-58.278718,-34.709837],[-58.274985,-34.705258],[-58.267818,-34.707814],[-58.2661,-34.710118],[-58.269012,-34.71162],[-58.260475,-34.723085],[-58.261108,-34.72342],[-58.260755,-34.723878],[-58.260125,-34.723558],[-58.258449,-34.725822],[-58.261354,-34.72733],[-58.261606,-34.72715],[-58.262065,-34.726523],[-58.262766,-34.726875],[-58.261469,-34.728502],[-58.269547,-34.732285],[-58.278619,-34.737111],[-58.290079,-34.742473],[-58.293339,-34.744447],[-58.298193,-34.746681],[-58.312482,-34.75462],[-58.315795,-34.756639],[-58.319332,-34.758564],[-58.316605,-34.761969],[-58.316938,-34.762158],[-58.316628,-34.762556],[-58.319795,-34.764196],[-58.314626,-34.770715],[-58.308682,-34.777282],[-58.315952,-34.781747],[-58.314723,-34.782813],[-58.314976,-34.783125],[-58.316584,-34.783924],[-58.311342,-34.791216],[-58.318818,-34.795328],[-58.319904,-34.796012],[-58.3234,-34.797939],[-58.34486,-34.80951],[-58.34586,-34.810163],[-58.35108,-34.813078],[-58.35312,-34.813942],[-58.364857,-34.820598],[-58.386053,-34.831962],[-58.388297,-34.827697],[-58.38873,-34.825578],[-58.390337,-34.82641],[-58.39055,-34.824353],[-58.390782,-34.824205],[-58.390868,-34.823457],[-58.391072,-34.823488],[-58.391087,-34.823713]]}},{"type":"Feature","properties":{"linea":"263","linea_nombre":"Línea 263","ramal":"R","sentido":"IDA","subgrupo":"Línea 263","subgrupo_detalle":"Ramal R","color_hex":"#2563eb","operador":"Expreso Villa Galicia San José S.A.","cabecera_inicio":"","cabecera_fin":"Estación Burzaco","nombre":"Línea 263 - R - IDA","numero":"263","categoria":"PROVINCIAL","subcategoria":"R","color":"#2563eb","descripcion":"Línea 263B - Ramal Rojo: Villa Alcira → Burzaco","network":"PROVINCIAL","routeId":"osm:19704998,19704999","source":"OpenStreetMap","license":"ODbL-1.0"},"geometry":{"type":"LineString","coordinates":[[-58.280631,-34.697517],[-58.28152,-34.698244],[-58.280152,-34.699345],[-58.282482,-34.701283],[-58.285394,-34.705777],[-58.281881,-34.707345],[-58.282954,-34.708228],[-58.281964,-34.708607],[-58.281462,-34.70856],[-58.278718,-34.709837],[-58.274985,-34.705258],[-58.267818,-34.707814],[-58.2661,-34.710118],[-58.269012,-34.71162],[-58.258449,-34.725822],[-58.261354,-34.72733],[-58.261606,-34.72715],[-58.262065,-34.726523],[-58.262766,-34.726875],[-58.261469,-34.728502],[-58.269547,-34.732285],[-58.279498,-34.73755],[-58.290079,-34.742473],[-58.287414,-34.746107],[-58.286903,-34.747384],[-58.285949,-34.750503],[-58.289879,-34.75293],[-58.294207,-34.75546],[-58.298294,-34.757285],[-58.298388,-34.757358],[-58.297067,-34.758515],[-58.322217,-34.772064],[-58.323636,-34.772744],[-58.322814,-34.774186],[-58.321,-34.776831],[-58.31567,-34.782013],[-58.314723,-34.782813],[-58.313328,-34.78366],[-58.313664,-34.784024],[-58.315769,-34.785073],[-58.311342,-34.791216],[-58.318818,-34.795328],[-58.319904,-34.796012],[-58.3234,-34.797939],[-58.34486,-34.80951],[-58.34586,-34.810163],[-58.35108,-34.813078],[-58.35312,-34.813942],[-58.364857,-34.820598],[-58.386053,-34.831962],[-58.388297,-34.827697],[-58.38873,-34.825578],[-58.390337,-34.82641],[-58.39055,-34.824353],[-58.390722,-34.824294],[-58.390786,-34.82415]]}},{"type":"Feature","properties":{"linea":"266","linea_nombre":"Línea 266","ramal":"2","sentido":"IDA","subgrupo":"Línea 266","subgrupo_detalle":"Ramal 2","color_hex":"#2563eb","operador":"Expreso Villa Galicia San José S.A.","cabecera_inicio":"","cabecera_fin":"Estación Lomas de Zamora","nombre":"Línea 266 - 2 - IDA","numero":"266","categoria":"PROVINCIAL","subcategoria":"2","color":"#2563eb","descripcion":"Línea 266 - Ramal 2: Rafael Calzada → Lomas de Zamora","network":"PROVINCIAL","routeId":"osm:19722784,19722785","source":"OpenStreetMap","license":"ODbL-1.0"},"geometry":{"type":"LineString","coordinates":[[-58.359285,-34.796376],[-58.357892,-34.796673],[-58.356876,-34.796195],[-58.359315,-34.792957],[-58.34318,-34.784029],[-58.346474,-34.780011],[-58.346659,-34.779896],[-58.353378,-34.772214],[-58.358395,-34.765563],[-58.357422,-34.765093],[-58.357948,-34.764381],[-58.359256,-34.762924],[-58.360619,-34.760989],[-58.362052,-34.761688],[-58.368875,-34.752155],[-58.387186,-34.761675],[-58.38755,-34.761127],[-58.395892,-34.760068]]}},{"type":"Feature","properties":{"linea":"266","linea_nombre":"Línea 266","ramal":"1","sentido":"IDA","subgrupo":"Línea 266","subgrupo_detalle":"Ramal 1","color_hex":"#2563eb","operador":"Expreso Villa Galicia San José S.A.","cabecera_inicio":"","cabecera_fin":"Estación Lomas de Zamora","nombre":"Línea 266 - 1 - IDA","numero":"266","categoria":"PROVINCIAL","subcategoria":"1","color":"#2563eb","descripcion":"Línea 266 - Ramal 1: Don Bosco → Lomas de Zamora","network":"PROVINCIAL","routeId":"osm:19719633,19719634","source":"OpenStreetMap","license":"ODbL-1.0"},"geometry":{"type":"LineString","coordinates":[[-58.300305,-34.704016],[-58.295984,-34.707469],[-58.294894,-34.706616],[-58.293968,-34.707288],[-58.290551,-34.709046],[-58.293561,-34.711586],[-58.288545,-34.713799],[-58.282675,-34.708847],[-58.279033,-34.710212],[-58.275337,-34.711936],[-58.275157,-34.711964],[-58.275971,-34.712433],[-58.277967,-34.713393],[-58.275439,-34.716754],[-58.280553,-34.719327],[-58.283354,-34.72086],[-58.287548,-34.722944],[-58.290028,-34.719514],[-58.300547,-34.724635],[-58.300938,-34.724279],[-58.302393,-34.72555],[-58.303142,-34.725991],[-58.322513,-34.736482],[-58.319954,-34.738731],[-58.319748,-34.739307],[-58.319917,-34.739747],[-58.320127,-34.739959],[-58.33004,-34.7459],[-58.33249,-34.747313],[-58.338125,-34.750079],[-58.340198,-34.750692],[-58.340963,-34.751028],[-58.351373,-34.756486],[-58.370154,-34.765656],[-58.375127,-34.768247],[-58.37643,-34.766797],[-58.379915,-34.761504],[-58.389564,-34.766573],[-58.391565,-34.764017],[-58.389551,-34.762918],[-58.389128,-34.760931],[-58.395892,-34.760068]]}},{"type":"Feature","properties":{"linea":"266","linea_nombre":"Línea 266","ramal":"1","sentido":"VUELTA","subgrupo":"Línea 266","subgrupo_detalle":"Ramal 1","color_hex":"#2563eb","operador":"Expreso Villa Galicia San José S.A.","cabecera_inicio":"Estación Lomas de Zamora","cabecera_fin":"","nombre":"Línea 266 - 1 - VUELTA","numero":"266","categoria":"PROVINCIAL","subcategoria":"1","color":"#2563eb","descripcion":"Línea 266 - Ramal 1: Don Bosco → Lomas de Zamora","network":"PROVINCIAL","routeId":"osm:19719633,19719634","source":"OpenStreetMap","license":"ODbL-1.0"},"geometry":{"type":"LineString","coordinates":[[-58.396386,-34.76138],[-58.396722,-34.764779],[-58.393702,-34.765145],[-58.391565,-34.764017],[-58.389564,-34.766573],[-58.379915,-34.761504],[-58.37643,-34.766797],[-58.375127,-34.768247],[-58.370601,-34.765941],[-58.36987,-34.766909],[-58.36874,-34.766347],[-58.369479,-34.765358],[-58.351373,-34.756486],[-58.340963,-34.751028],[-58.340198,-34.750692],[-58.338125,-34.750079],[-58.33249,-34.747313],[-58.320127,-34.739959],[-58.319134,-34.739775],[-58.319055,-34.739502],[-58.319394,-34.739141],[-58.322513,-34.736482],[-58.30309,-34.726035],[-58.301813,-34.72524],[-58.290147,-34.719577],[-58.287628,-34.722987],[-58.283354,-34.72086],[-58.280553,-34.719327],[-58.275368,-34.716723],[-58.277891,-34.713356],[-58.275243,-34.712062],[-58.275157,-34.711964],[-58.27527,-34.711871],[-58.278999,-34.71013],[-58.284421,-34.708062],[-58.287694,-34.706644],[-58.289617,-34.708243],[-58.293129,-34.706483],[-58.29508,-34.704979],[-58.297033,-34.70663],[-58.300305,-34.704016]]}},{"type":"Feature","properties":{"linea":"266","linea_nombre":"Línea 266","ramal":"2","sentido":"VUELTA","subgrupo":"Línea 266","subgrupo_detalle":"Ramal 2","color_hex":"#2563eb","operador":"Expreso Villa Galicia San José S.A.","cabecera_inicio":"Estación Lomas de Zamora","cabecera_fin":"","nombre":"Línea 266 - 2 - VUELTA","numero":"266","categoria":"PROVINCIAL","subcategoria":"2","color":"#2563eb","descripcion":"Línea 266 - Ramal 2: Rafael Calzada → Lomas de Zamora","network":"PROVINCIAL","routeId":"osm:19722784,19722785","source":"OpenStreetMap","license":"ODbL-1.0"},"geometry":{"type":"LineString","coordinates":[[-58.396501,-34.761232],[-58.388414,-34.762314],[-58.368875,-34.752155],[-58.362052,-34.761688],[-58.362407,-34.761857],[-58.359376,-34.766075],[-58.358395,-34.765563],[-58.353308,-34.772301],[-58.346573,-34.779949],[-58.347879,-34.780744],[-58.34462,-34.784751],[-58.36071,-34.793735],[-58.358902,-34.796127],[-58.359285,-34.796376]]}},{"type":"Feature","properties":{"linea":"266","linea_nombre":"Línea 266","ramal":"4","sentido":"IDA","subgrupo":"Línea 266","subgrupo_detalle":"Ramal 4","color_hex":"#2563eb","operador":"Expreso Villa Galicia San José S.A.","cabecera_inicio":"","cabecera_fin":"Estación Lomas de Zamora","nombre":"Línea 266 - 4 - IDA","numero":"266","categoria":"PROVINCIAL","subcategoria":"4","color":"#2563eb","descripcion":"Línea 266 - Ramal 4: Ministro Rivadavia → Lomas de Zamora","network":"PROVINCIAL","routeId":"osm:4025985,4234430","source":"OpenStreetMap","license":"ODbL-1.0"},"geometry":{"type":"LineString","coordinates":[[-58.363868,-34.842186],[-58.362531,-34.841583],[-58.363868,-34.842186],[-58.365515,-34.839705],[-58.369242,-34.841407],[-58.377334,-34.845443],[-58.379694,-34.841972],[-58.374264,-34.839497],[-58.370844,-34.837701],[-58.371803,-34.836584],[-58.373847,-34.837626],[-58.374495,-34.836368],[-58.375084,-34.835809],[-58.375485,-34.835097],[-58.376621,-34.834074],[-58.382791,-34.837377],[-58.384684,-34.834513],[-58.384775,-34.834246],[-58.384747,-34.83386],[-58.384871,-34.833708],[-58.385141,-34.833594],[-58.385336,-34.833365],[-58.388204,-34.8279],[-58.388368,-34.82747],[-58.38873,-34.825578],[-58.390337,-34.82641],[-58.39055,-34.824353],[-58.390782,-34.824205],[-58.390851,-34.823478],[-58.391001,-34.823439],[-58.391093,-34.823538],[-58.391032,-34.82436],[-58.391133,-34.824496],[-58.391063,-34.824557],[-58.390911,-34.824489],[-58.390655,-34.824489],[-58.390528,-34.824587],[-58.388927,-34.824469],[-58.385466,-34.824048],[-58.385625,-34.823234],[-58.383908,-34.823033],[-58.384031,-34.822394],[-58.36586,-34.812565],[-58.364784,-34.801356],[-58.36403,-34.796109],[-58.364252,-34.795741],[-58.363635,-34.795403],[-58.357892,-34.796673],[-58.356876,-34.796195],[-58.359315,-34.792957],[-58.348807,-34.787164],[-58.351303,-34.784127],[-58.352073,-34.783317],[-58.362451,-34.789497],[-58.362407,-34.787127],[-58.362583,-34.78715],[-58.363775,-34.787855],[-58.364446,-34.788443],[-58.366269,-34.789431],[-58.373649,-34.780343],[-58.374463,-34.779362],[-58.374558,-34.779414],[-58.37585,-34.777663],[-58.370208,-34.774795],[-58.375127,-34.768247],[-58.377601,-34.769547],[-58.383348,-34.76087],[-58.38447,-34.761448],[-58.385076,-34.760563],[-58.387186,-34.761675],[-58.38755,-34.761127],[-58.395892,-34.760068]]}},{"type":"Feature","properties":{"linea":"266","linea_nombre":"Línea 266","ramal":"4","sentido":"VUELTA","subgrupo":"Línea 266","subgrupo_detalle":"Ramal 4","color_hex":"#2563eb","operador":"Expreso Villa Galicia San José S.A.","cabecera_inicio":"Estación Lomas de Zamora","cabecera_fin":"","nombre":"Línea 266 - 4 - VUELTA","numero":"266","categoria":"PROVINCIAL","subcategoria":"4","color":"#2563eb","descripcion":"Línea 266 - Ramal 4: Ministro Rivadavia → Lomas de Zamora","network":"PROVINCIAL","routeId":"osm:4025985,4234430","source":"OpenStreetMap","license":"ODbL-1.0"},"geometry":{"type":"LineString","coordinates":[[-58.396626,-34.761214],[-58.388414,-34.762314],[-58.385076,-34.760563],[-58.383876,-34.76236],[-58.382762,-34.761787],[-58.378579,-34.768031],[-58.376373,-34.766866],[-58.375155,-34.768203],[-58.370208,-34.774795],[-58.37585,-34.777663],[-58.374558,-34.779414],[-58.374463,-34.779362],[-58.373649,-34.780343],[-58.366269,-34.789431],[-58.364446,-34.788443],[-58.363775,-34.787855],[-58.362583,-34.78715],[-58.362407,-34.787127],[-58.362451,-34.789497],[-58.352073,-34.783317],[-58.351303,-34.784127],[-58.348865,-34.7871],[-58.36071,-34.793735],[-58.358902,-34.796127],[-58.359285,-34.796376],[-58.357846,-34.796668],[-58.355431,-34.795457],[-58.354831,-34.796241],[-58.35637,-34.79702],[-58.356219,-34.796927],[-58.356469,-34.796975],[-58.356984,-34.796906],[-58.356619,-34.797031],[-58.356402,-34.797031],[-58.357182,-34.796864],[-58.357509,-34.7969],[-58.35767,-34.797052],[-58.358127,-34.797933],[-58.358217,-34.797975],[-58.357918,-34.79755],[-58.358217,-34.797975],[-58.364784,-34.801356],[-58.36586,-34.812565],[-58.383939,-34.822377],[-58.384031,-34.822394],[-58.384506,-34.819906],[-58.390645,-34.823238],[-58.390817,-34.823409],[-58.390782,-34.824205],[-58.39055,-34.824353],[-58.390528,-34.824587],[-58.388927,-34.824469],[-58.388345,-34.827565],[-58.385407,-34.833418],[-58.385368,-34.833589],[-58.385477,-34.83403],[-58.385356,-34.834187],[-58.38512,-34.834261],[-58.384785,-34.834515],[-58.382791,-34.837377],[-58.376621,-34.834074],[-58.375485,-34.835097],[-58.375084,-34.835809],[-58.374495,-34.836368],[-58.373847,-34.837626],[-58.371803,-34.836584],[-58.370844,-34.837701],[-58.374264,-34.839497],[-58.379694,-34.841972],[-58.377334,-34.845443],[-58.369242,-34.841407],[-58.365515,-34.839705],[-58.363321,-34.843001]]}},{"type":"Feature","properties":{"linea":"266","linea_nombre":"Línea 266","ramal":"5","sentido":"IDA","subgrupo":"Línea 266","subgrupo_detalle":"Ramal 5","color_hex":"#2563eb","operador":"Expreso Villa Galicia San José S.A.","cabecera_inicio":"Estación Lomas de Zamora","cabecera_fin":"Florencio Varela","nombre":"Línea 266 - 5 - IDA","numero":"266","categoria":"PROVINCIAL","subcategoria":"5","color":"#2563eb","descripcion":"Línea 266 - Ramal 5: Lomas de Zamora → Florencio Varela","network":"PROVINCIAL","routeId":"osm:19737408,19737410","source":"OpenStreetMap","license":"ODbL-1.0"},"geometry":{"type":"LineString","coordinates":[[-58.396921,-34.760668],[-58.396904,-34.760537],[-58.397011,-34.76106],[-58.396867,-34.76118],[-58.390956,-34.762003],[-58.390144,-34.758444],[-58.388442,-34.758579],[-58.37068,-34.749322],[-58.370081,-34.752792],[-58.360624,-34.747816],[-58.347145,-34.740922],[-58.345608,-34.745139],[-58.347483,-34.746099],[-58.347532,-34.746027],[-58.348145,-34.746332],[-58.352636,-34.748637],[-58.348049,-34.754769],[-58.340935,-34.751014],[-58.340198,-34.750692],[-58.338125,-34.750079],[-58.33461,-34.748365],[-58.331357,-34.752504],[-58.329418,-34.755117],[-58.327244,-34.758331],[-58.323761,-34.762923],[-58.324728,-34.763421],[-58.317516,-34.772594],[-58.315552,-34.774747],[-58.316981,-34.775638],[-58.313074,-34.779982],[-58.315952,-34.781747],[-58.314723,-34.782813],[-58.313532,-34.783546],[-58.312566,-34.784025],[-58.310799,-34.784597],[-58.305188,-34.781152],[-58.301493,-34.785256],[-58.296076,-34.782147],[-58.289295,-34.77849],[-58.284661,-34.784275],[-58.292418,-34.788403],[-58.289728,-34.791929],[-58.289014,-34.792236],[-58.285071,-34.79732],[-58.283901,-34.798552],[-58.283251,-34.807331],[-58.285753,-34.807531],[-58.277081,-34.818784],[-58.27242,-34.816383],[-58.272682,-34.811701],[-58.274332,-34.811758]]}},{"type":"Feature","properties":{"linea":"266","linea_nombre":"Línea 266","ramal":"5","sentido":"VUELTA","subgrupo":"Línea 266","subgrupo_detalle":"Ramal 5","color_hex":"#2563eb","operador":"Expreso Villa Galicia San José S.A.","cabecera_inicio":"Florencio Varela","cabecera_fin":"Estación Lomas de Zamora","nombre":"Línea 266 - 5 - VUELTA","numero":"266","categoria":"PROVINCIAL","subcategoria":"5","color":"#2563eb","descripcion":"Línea 266 - Ramal 5: Lomas de Zamora → Florencio Varela","network":"PROVINCIAL","routeId":"osm:19737408,19737410","source":"OpenStreetMap","license":"ODbL-1.0"},"geometry":{"type":"LineString","coordinates":[[-58.274447,-34.811762],[-58.274332,-34.811758],[-58.274447,-34.811762],[-58.274318,-34.813878],[-58.280714,-34.814102],[-58.283464,-34.810531],[-58.283429,-34.810372],[-58.283153,-34.810321],[-58.283135,-34.809297],[-58.283901,-34.798552],[-58.285071,-34.79732],[-58.289014,-34.792236],[-58.289728,-34.791929],[-58.292418,-34.788403],[-58.284661,-34.784275],[-58.289295,-34.77849],[-58.295322,-34.781753],[-58.298768,-34.78352],[-58.301145,-34.784904],[-58.301984,-34.784731],[-58.306172,-34.780057],[-58.312566,-34.784025],[-58.313532,-34.783546],[-58.314723,-34.782813],[-58.316483,-34.781235],[-58.31211,-34.778545],[-58.317516,-34.772594],[-58.324728,-34.763421],[-58.323761,-34.762923],[-58.327244,-34.758331],[-58.329418,-34.755117],[-58.331357,-34.752504],[-58.33461,-34.748365],[-58.338125,-34.750079],[-58.340198,-34.750692],[-58.340935,-34.751014],[-58.348049,-34.754769],[-58.352636,-34.748637],[-58.348145,-34.746332],[-58.347532,-34.746027],[-58.347483,-34.746099],[-58.345608,-34.745139],[-58.347145,-34.740922],[-58.360624,-34.747816],[-58.370081,-34.752792],[-58.37068,-34.749322],[-58.371604,-34.749754],[-58.388092,-34.758386],[-58.386026,-34.761057],[-58.387186,-34.761675],[-58.38755,-34.761127],[-58.395892,-34.760068]]}},{"type":"Feature","properties":{"linea":"266","linea_nombre":"Línea 266","ramal":"6","sentido":"IDA","subgrupo":"Línea 266","subgrupo_detalle":"Ramal 6","color_hex":"#2563eb","operador":"Expreso Villa Galicia San José S.A.","cabecera_inicio":"","cabecera_fin":"Estación Lomas de Zamora","nombre":"Línea 266 - 6 - IDA","numero":"266","categoria":"PROVINCIAL","subcategoria":"6","color":"#2563eb","descripcion":"Línea 266 - Ramal 6: San Francisco Solano → Lomas de Zamora","network":"PROVINCIAL","routeId":"osm:19740693,19740694","source":"OpenStreetMap","license":"ODbL-1.0"},"geometry":{"type":"LineString","coordinates":[[-58.316483,-34.781235],[-58.315952,-34.781747],[-58.316483,-34.781235],[-58.31211,-34.778545],[-58.317516,-34.772594],[-58.324728,-34.763421],[-58.328434,-34.76531],[-58.329065,-34.764486],[-58.332226,-34.766211],[-58.332979,-34.766297],[-58.344454,-34.772227],[-58.362406,-34.782939],[-58.371363,-34.787873],[-58.372254,-34.786781],[-58.377497,-34.789649],[-58.380073,-34.78643],[-58.378776,-34.785744],[-58.380274,-34.783865],[-58.376329,-34.781754],[-58.377124,-34.780783],[-58.377442,-34.780951],[-58.380052,-34.77722],[-58.380869,-34.777584],[-58.385951,-34.771129],[-58.385705,-34.771002],[-58.389142,-34.766356],[-58.389564,-34.766573],[-58.391565,-34.764017],[-58.389551,-34.762918],[-58.389128,-34.760931],[-58.395892,-34.760068]]}},{"type":"Feature","properties":{"linea":"266","linea_nombre":"Línea 266","ramal":"6","sentido":"VUELTA","subgrupo":"Línea 266","subgrupo_detalle":"Ramal 6","color_hex":"#2563eb","operador":"Expreso Villa Galicia San José S.A.","cabecera_inicio":"Estación Lomas de Zamora","cabecera_fin":"","nombre":"Línea 266 - 6 - VUELTA","numero":"266","categoria":"PROVINCIAL","subcategoria":"6","color":"#2563eb","descripcion":"Línea 266 - Ramal 6: San Francisco Solano → Lomas de Zamora","network":"PROVINCIAL","routeId":"osm:19740693,19740694","source":"OpenStreetMap","license":"ODbL-1.0"},"geometry":{"type":"LineString","coordinates":[[-58.39699,-34.761118],[-58.390956,-34.762003],[-58.391358,-34.763894],[-58.391565,-34.764017],[-58.389564,-34.766573],[-58.389142,-34.766356],[-58.388605,-34.767063],[-58.385705,-34.771002],[-58.385951,-34.771129],[-58.380869,-34.777584],[-58.38116,-34.777722],[-58.378533,-34.781427],[-58.377657,-34.782476],[-58.380274,-34.783865],[-58.375308,-34.790054],[-58.362406,-34.782939],[-58.344454,-34.772227],[-58.332979,-34.766297],[-58.332226,-34.766211],[-58.329141,-34.764524],[-58.328508,-34.765352],[-58.324728,-34.763421],[-58.317516,-34.772594],[-58.315552,-34.774747],[-58.316981,-34.775638],[-58.313074,-34.779982],[-58.315952,-34.781747],[-58.316483,-34.781235]]}},{"type":"Feature","properties":{"linea":"271","linea_nombre":"Línea 271","ramal":"Principal","sentido":"IDA","subgrupo":"Línea 271","subgrupo_detalle":"Ramal Principal","color_hex":"#2563eb","operador":"General Tomas Guido S.A.","cabecera_inicio":"","cabecera_fin":"","nombre":"Línea 271 - Principal - IDA","numero":"271","categoria":"PROVINCIAL","subcategoria":"Principal","color":"#2563eb","descripcion":"Línea 271: Burzaco → Villa Fiorito","network":"PROVINCIAL","routeId":"osm:16201443","source":"OpenStreetMap","license":"ODbL-1.0"},"geometry":{"type":"LineString","coordinates":[[-58.391032,-34.82436],[-58.391133,-34.82446],[-58.391063,-34.824557],[-58.390655,-34.824489],[-58.390528,-34.824587],[-58.388927,-34.824469],[-58.385466,-34.824048],[-58.385625,-34.823234],[-58.383908,-34.823033],[-58.384031,-34.822394],[-58.36586,-34.812565],[-58.364784,-34.801356],[-58.36403,-34.796109],[-58.364252,-34.795741],[-58.36071,-34.793735],[-58.358902,-34.796127],[-58.359285,-34.796376],[-58.357892,-34.796673],[-58.356876,-34.796195],[-58.359315,-34.792957],[-58.34318,-34.784029],[-58.346474,-34.780011],[-58.346659,-34.779896],[-58.353378,-34.772214],[-58.35892,-34.764869],[-58.361445,-34.761396],[-58.351373,-34.756486],[-58.343114,-34.752163],[-58.343275,-34.751169],[-58.343456,-34.750635],[-58.34603,-34.744027],[-58.348245,-34.737836],[-58.35108,-34.730304],[-58.351588,-34.729986],[-58.356591,-34.726139],[-58.362101,-34.72181],[-58.339783,-34.702414],[-58.338806,-34.703075],[-58.337715,-34.702141],[-58.340362,-34.700081],[-58.352697,-34.689829],[-58.353701,-34.690701],[-58.356788,-34.687985],[-58.351592,-34.683535],[-58.349931,-34.681673],[-58.345798,-34.679434],[-58.349373,-34.675032],[-58.354006,-34.67011],[-58.355896,-34.667949],[-58.356987,-34.666569],[-58.364277,-34.662908],[-58.368083,-34.660045],[-58.370029,-34.658682],[-58.370148,-34.658544],[-58.370145,-34.658382],[-58.369663,-34.657776],[-58.36961,-34.657326],[-58.369914,-34.656735],[-58.37017,-34.656566],[-58.370439,-34.65651],[-58.371803,-34.657686],[-58.372047,-34.657776],[-58.373873,-34.659641],[-58.374782,-34.660682],[-58.378543,-34.666074],[-58.380429,-34.668926],[-58.381003,-34.670471],[-58.382483,-34.675485],[-58.382912,-34.676655],[-58.385192,-34.681715],[-58.392061,-34.698106],[-58.392108,-34.698386],[-58.391736,-34.708175],[-58.392484,-34.711631],[-58.403111,-34.710101],[-58.403859,-34.712376],[-58.404864,-34.717245],[-58.405276,-34.718807],[-58.403054,-34.721786],[-58.41635,-34.728676],[-58.41773,-34.726846],[-58.422488,-34.729407],[-58.422583,-34.729339],[-58.432864,-34.716023],[-58.432268,-34.715711],[-58.438236,-34.707757],[-58.434072,-34.705566],[-58.436318,-34.70266],[-58.439487,-34.704682]]}},{"type":"Feature","properties":{"linea":"28","linea_nombre":"Línea 28","ramal":"Principal","sentido":"IDA","subgrupo":"Línea 28","subgrupo_detalle":"Ramal Principal","color_hex":"#2563eb","operador":"Doscientos Ocho Transporte Automotor","cabecera_inicio":"Terminal de Ómnibus Retiro","cabecera_fin":"Terminal La Noria","nombre":"Línea 28 - Principal - IDA","numero":"28","categoria":"NACIONAL","subcategoria":"Principal","color":"#2563eb","descripcion":"Línea 28: Retiro → x Camino Ribereño → La Noria","network":"NACIONAL","routeId":"osm:4040002","source":"OpenStreetMap","license":"ODbL-1.0"},"geometry":{"type":"LineString","coordinates":[[-58.3739842,-34.5857525],[-58.3729125,-34.5863229],[-58.3721381,-34.5870899],[-58.3719717,-34.5884409],[-58.3727103,-34.5892799],[-58.3735356,-34.5905117],[-58.3741644,-34.5913767],[-58.3747577,-34.5920947],[-58.3744758,-34.5932891],[-58.372627,-34.5954359],[-58.371825,-34.5971256],[-58.3708764,-34.5994433],[-58.3703805,-34.6018861],[-58.3702733,-34.603484],[-58.3702568,-34.6054897],[-58.3703914,-34.6072163],[-58.3711472,-34.6077863],[-58.3718561,-34.6078584],[-58.3732991,-34.6080944],[-58.3737469,-34.6084622],[-58.3749289,-34.6085983],[-58.3777839,-34.6087973],[-58.3809736,-34.6090301],[-58.3811491,-34.6106532],[-58.3810289,-34.6127381],[-58.380972,-34.6143059],[-58.3808764,-34.6163341],[-58.3807869,-34.6184077],[-58.3807445,-34.6205267],[-58.3811055,-34.6227235],[-58.3813447,-34.6246206],[-58.3803974,-34.6258277],[-58.3796838,-34.6275216],[-58.3792021,-34.6288617],[-58.3786833,-34.63047],[-58.3794272,-34.632446],[-58.3812638,-34.6330804],[-58.3813423,-34.6307387],[-58.3853952,-34.6311098],[-58.390166,-34.631504],[-58.3909941,-34.6338921],[-58.394185,-34.6349741],[-58.3961186,-34.6354061],[-58.3994063,-34.635995],[-58.4021223,-34.6364938],[-58.4051114,-34.6370082],[-58.4090474,-34.6376648],[-58.4086219,-34.6392592],[-58.4089047,-34.6402621],[-58.4102894,-34.6428736],[-58.4127421,-34.64267],[-58.41568,-34.6422392],[-58.4161286,-34.6443549],[-58.4161863,-34.6473452],[-58.4163783,-34.6495451],[-58.4163989,-34.6509157],[-58.41642,-34.6523488],[-58.4165704,-34.6547482],[-58.4167143,-34.6594536],[-58.4177532,-34.6625811],[-58.4220088,-34.6624626],[-58.4240199,-34.6631225],[-58.426469,-34.6652447],[-58.4309399,-34.6705292],[-58.4336731,-34.6737823],[-58.4391069,-34.6803343],[-58.4394141,-34.6823472],[-58.441177,-34.682756],[-58.4465541,-34.6890737],[-58.4465541,-34.6890737],[-58.4528032,-34.6964994],[-58.4599161,-34.7048045],[-58.4587831,-34.705844],[-58.4588512,-34.7062525],[-58.4595322,-34.706765],[-58.4586114,-34.7078362],[-58.4572717,-34.7083124],[-58.455846,-34.7094579],[-58.4542416,-34.7086274],[-58.4540023,-34.7076787],[-58.4540364,-34.7071017],[-58.4545259,-34.7068169]]}},{"type":"Feature","properties":{"linea":"28","linea_nombre":"Línea 28","ramal":"Principal","sentido":"IDA","subgrupo":"Línea 28","subgrupo_detalle":"Ramal Principal","color_hex":"#2563eb","operador":"Doscientos Ocho Transporte Automotor","cabecera_inicio":"Ranabal y Sáenz","cabecera_fin":"Estación Rivadavia","nombre":"Línea 28 - Principal - IDA","numero":"28","categoria":"NACIONAL","subcategoria":"Principal","color":"#2563eb","descripcion":"Línea 28: Puente Alsina → Estación Rivadavia","network":"NACIONAL","routeId":"osm:4037633","source":"OpenStreetMap","license":"ODbL-1.0"},"geometry":{"type":"LineString","coordinates":[[-58.4176392,-34.6552707],[-58.4167143,-34.6594536],[-58.4186712,-34.6625754],[-58.4222694,-34.662081],[-58.4256943,-34.6644709],[-58.431017,-34.6706196],[-58.4330418,-34.6730236],[-58.4388842,-34.6815625],[-58.4398808,-34.682547],[-58.4439521,-34.6860046],[-58.4465541,-34.6890737],[-58.4585502,-34.7031995],[-58.4598637,-34.7050975],[-58.4586911,-34.7060864],[-58.4595141,-34.7067059],[-58.4585245,-34.707837],[-58.4564065,-34.7089207],[-58.4551432,-34.7092186],[-58.4541455,-34.7078505],[-58.4540364,-34.7071017],[-58.4554791,-34.7068115],[-58.4559592,-34.7076074],[-58.4566547,-34.7080935],[-58.4598219,-34.7053575],[-58.4633613,-34.7028771],[-58.4691306,-34.6985669],[-58.4736076,-34.6951729],[-58.480183,-34.6902206],[-58.4828146,-34.6872429],[-58.4842794,-34.6853904],[-58.4868897,-34.6847605],[-58.4882629,-34.6842858],[-58.4931103,-34.680403],[-58.4941389,-34.6796522],[-58.4978476,-34.6768651],[-58.5022442,-34.673531],[-58.5082923,-34.6689973],[-58.5140795,-34.6645911],[-58.5167739,-34.6626879],[-58.5191373,-34.6610067],[-58.523769,-34.6572741],[-58.5266176,-34.6549263],[-58.5284402,-34.6505063],[-58.5288776,-34.6482371],[-58.5290919,-34.6451361],[-58.5289544,-34.6418245],[-58.5291765,-34.6398907],[-58.5297296,-34.6353199],[-58.530103,-34.6281974],[-58.5299428,-34.6250263],[-58.5301865,-34.6209398],[-58.5303739,-34.6179756],[-58.5302676,-34.6151562],[-58.5286535,-34.611644],[-58.5269657,-34.6081253],[-58.5250101,-34.6033378],[-58.5230901,-34.5998154],[-58.5211343,-34.595391],[-58.5196567,-34.5925378],[-58.5182988,-34.5895765],[-58.5171239,-34.5870874],[-58.5160241,-34.5847463],[-58.514554,-34.5811398],[-58.5125975,-34.5775699],[-58.5096436,-34.571202],[-58.5091733,-34.5696984],[-58.5085353,-34.568685],[-58.5056951,-34.5626822],[-58.5015106,-34.5537509],[-58.4995722,-34.550666],[-58.497782,-34.5489646],[-58.4950277,-34.5478572],[-58.4928247,-34.5489587],[-58.492389,-34.5492502],[-58.4923334,-34.5475105],[-58.4905312,-34.5463509],[-58.4876179,-34.5450208],[-58.4841725,-34.5432148],[-58.4813387,-34.5420505],[-58.4796243,-34.5411278],[-58.4749344,-34.5390126],[-58.4701143,-34.5367014],[-58.4678154,-34.535764],[-58.4671511,-34.5360249],[-58.4678048,-34.5363501]]}},{"type":"Feature","properties":{"linea":"28","linea_nombre":"Línea 28","ramal":"Principal","sentido":"IDA","subgrupo":"Línea 28","subgrupo_detalle":"Ramal Principal","color_hex":"#2563eb","operador":"Doscientos Ocho Transporte Automotor","cabecera_inicio":"Estación Rivadavia","cabecera_fin":"Puente Alsina","nombre":"Línea 28 - Principal - IDA","numero":"28","categoria":"NACIONAL","subcategoria":"Principal","color":"#2563eb","descripcion":"Línea 28: Estación Rivadavia → Puente Alsina","network":"NACIONAL","routeId":"osm:4037277","source":"OpenStreetMap","license":"ODbL-1.0"},"geometry":{"type":"LineString","coordinates":[[-58.4681243,-34.5359044],[-58.467535,-34.5373],[-58.4648485,-34.5390757],[-58.4661214,-34.5369874],[-58.4666915,-34.5356542],[-58.4666272,-34.5352271],[-58.467002,-34.5348718],[-58.4680138,-34.5352109],[-58.4728517,-34.5374257],[-58.4748886,-34.5379051],[-58.4789014,-34.5399665],[-58.4806785,-34.540575],[-58.4811949,-34.5408677],[-58.4842853,-34.5424323],[-58.4891346,-34.5448527],[-58.4939343,-34.5469427],[-58.4962776,-34.5477738],[-58.4990165,-34.5491887],[-58.5002942,-34.5503788],[-58.5020168,-34.5536797],[-58.5040701,-34.557177],[-58.5058157,-34.5604629],[-58.5070314,-34.563465],[-58.5100552,-34.5695461],[-58.5114765,-34.5726391],[-58.512975,-34.5757665],[-58.5140218,-34.5782557],[-58.5147515,-34.5802824],[-58.5160135,-34.5827848],[-58.5184945,-34.5878901],[-58.5198974,-34.5908873],[-58.5216433,-34.5946292],[-58.5229078,-34.5983685],[-58.5241702,-34.6000001],[-58.5259687,-34.6043265],[-58.5274867,-34.6071243],[-58.5298631,-34.6120786],[-58.5314261,-34.6160088],[-58.5312382,-34.6186228],[-58.531054,-34.622352],[-58.5308326,-34.6255311],[-58.5302398,-34.630412],[-58.5300744,-34.6360735],[-58.5296623,-34.6401822],[-58.5292331,-34.6451246],[-58.5292317,-34.648278],[-58.5291952,-34.653183],[-58.526497,-34.6563624],[-58.5220688,-34.6592961],[-58.5192454,-34.6617123],[-58.5173287,-34.6631586],[-58.5136363,-34.6656477],[-58.5078375,-34.6705162],[-58.503438,-34.6738369],[-58.4988349,-34.6774204],[-58.4941943,-34.6809329],[-58.4908799,-34.6831109],[-58.4883921,-34.6853144],[-58.4873598,-34.6874588],[-58.4851301,-34.688737],[-58.4811937,-34.6905084],[-58.4781148,-34.692831],[-58.4737479,-34.6961179],[-58.468412,-34.7001519],[-58.4639762,-34.70368],[-58.4596021,-34.7063468],[-58.456435,-34.7087834],[-58.4544489,-34.7088439],[-58.4541188,-34.7078185],[-58.4541225,-34.7070516],[-58.4557496,-34.7068612],[-58.4578107,-34.7066667],[-58.4596503,-34.7051093],[-58.4568765,-34.7014635],[-58.4504516,-34.693882],[-58.4465541,-34.6890737],[-58.4441173,-34.6863308],[-58.4408618,-34.6827599],[-58.4387816,-34.6816374],[-58.4361484,-34.6768752],[-58.431017,-34.6706196],[-58.4263543,-34.6652919],[-58.4225719,-34.6623129],[-58.4176917,-34.6603839],[-58.4165951,-34.6607303],[-58.4168898,-34.6624718],[-58.4165194,-34.6588711],[-58.4155802,-34.6565948],[-58.4161641,-34.6546561],[-58.4162997,-34.6546837]]}},{"type":"Feature","properties":{"linea":"28","linea_nombre":"Línea 28","ramal":"Principal","sentido":"IDA","subgrupo":"Línea 28","subgrupo_detalle":"Ramal Principal","color_hex":"#2563eb","operador":"Doscientos Ocho Transporte Automotor","cabecera_inicio":"Barrio Hernández","cabecera_fin":"Terminal de Ómnibus Retiro","nombre":"Línea 28 - Principal - IDA","numero":"28","categoria":"NACIONAL","subcategoria":"Principal","color":"#2563eb","descripcion":"Línea 28: Barrio Hernández → x Fiorito → Retiro","network":"NACIONAL","routeId":"osm:4039494","source":"OpenStreetMap","license":"ODbL-1.0"},"geometry":{"type":"LineString","coordinates":[[-58.4847798,-34.7240455],[-58.4859502,-34.7211276],[-58.4863162,-34.7174258],[-58.4753244,-34.7183696],[-58.4799164,-34.7147867],[-58.4687777,-34.7040958],[-58.47049,-34.7057942],[-58.4740981,-34.7093655],[-58.4760492,-34.7112996],[-58.4791453,-34.7143602],[-58.4643394,-34.7032329],[-58.4601067,-34.7061406],[-58.4587372,-34.7074887],[-58.4576568,-34.7070604],[-58.4586067,-34.7062415],[-58.4595322,-34.706765],[-58.4582183,-34.7077595],[-58.4561753,-34.7090996],[-58.4529703,-34.7127691],[-58.4534305,-34.7105969],[-58.4455464,-34.7063176],[-58.4491117,-34.7082647],[-58.4351855,-34.7005807],[-58.4304934,-34.6981362],[-58.4396219,-34.684772],[-58.4370705,-34.6893088],[-58.4388,-34.6816974],[-58.4361484,-34.6768752],[-58.4309399,-34.6705292],[-58.4256702,-34.6645967],[-58.4218689,-34.6618732],[-58.4164762,-34.66005],[-58.4167337,-34.6616723],[-58.4171415,-34.6623392],[-58.4163711,-34.656895],[-58.4163535,-34.6533174],[-58.4163111,-34.6510572],[-58.4162101,-34.6491075],[-58.415327,-34.6470077],[-58.413349,-34.6432055],[-58.4118176,-34.6395586],[-58.4104022,-34.6400645],[-58.4082197,-34.6400588],[-58.4069326,-34.6400945],[-58.4053798,-34.6383231],[-58.4052579,-34.6370337],[-58.4029905,-34.6366437],[-58.3991937,-34.635954],[-58.3985908,-34.6358437],[-58.3955415,-34.6352829],[-58.3912818,-34.6343086],[-58.3887109,-34.6337818],[-58.3845104,-34.6325661],[-58.3826591,-34.6310631],[-58.3828178,-34.6278816],[-58.3808696,-34.6276066],[-58.3786273,-34.6271594],[-58.3800817,-34.6235652],[-58.3807736,-34.6210653],[-58.3809467,-34.6186064],[-58.3810365,-34.6163425],[-58.3811885,-34.6134433],[-58.3812237,-34.6114813],[-58.3813917,-34.6092555],[-58.3815439,-34.6064211],[-58.3818832,-34.6041551],[-58.3813559,-34.6038722],[-58.3793309,-34.6049033],[-58.3760659,-34.6066337],[-58.3735331,-34.6080362],[-58.3733423,-34.6087618],[-58.3717514,-34.6089186],[-58.3697028,-34.6088397],[-58.3686064,-34.6086986],[-58.3685364,-34.6070862],[-58.3699237,-34.6059712],[-58.3702232,-34.6031373],[-58.370758,-34.599699],[-58.3717341,-34.5971118],[-58.3729809,-34.5943003],[-58.3727111,-34.5921388],[-58.3735714,-34.5910196],[-58.3728943,-34.5901139],[-58.3721414,-34.589314],[-58.3710475,-34.5890104],[-58.3726268,-34.5844616],[-58.373848,-34.5824062],[-58.3728515,-34.5857818],[-58.3743188,-34.5855651],[-58.3739842,-34.5857525]]}},{"type":"Feature","properties":{"linea":"28","linea_nombre":"Línea 28","ramal":"Principal","sentido":"IDA","subgrupo":"Línea 28","subgrupo_detalle":"Ramal Principal","color_hex":"#2563eb","operador":"Doscientos Ocho Transporte Automotor","cabecera_inicio":"Terminal de Ómnibus Retiro","cabecera_fin":"Barrio Hernández","nombre":"Línea 28 - Principal - IDA","numero":"28","categoria":"NACIONAL","subcategoria":"Principal","color":"#2563eb","descripcion":"Línea 28: Retiro → x Fiorito → Barrio Herández","network":"NACIONAL","routeId":"osm:4039495","source":"OpenStreetMap","license":"ODbL-1.0"},"geometry":{"type":"LineString","coordinates":[[-58.3739842,-34.5857525],[-58.3728264,-34.5863147],[-58.3720616,-34.5873114],[-58.3723529,-34.5888299],[-58.3730821,-34.5897356],[-58.3739387,-34.5911225],[-58.3745599,-34.5918524],[-58.3749746,-34.5929388],[-58.3728256,-34.5950254],[-58.371825,-34.5971256],[-58.3708582,-34.599529],[-58.3703073,-34.602814],[-58.3702212,-34.604207],[-58.37023,-34.6064834],[-58.3707314,-34.6073999],[-58.3716597,-34.6078509],[-58.3731884,-34.6080215],[-58.3737228,-34.6084578],[-58.3749289,-34.6085983],[-58.3780433,-34.6088151],[-58.381234,-34.6090446],[-58.3811257,-34.611145],[-58.3810315,-34.6132494],[-58.3809182,-34.6153469],[-58.3808135,-34.6176304],[-58.3807689,-34.6196551],[-58.3809432,-34.6222104],[-58.3813447,-34.6246206],[-58.3802537,-34.6261723],[-58.3794839,-34.6280622],[-58.3790433,-34.6293089],[-58.3789901,-34.6311559],[-58.3802601,-34.6330442],[-58.381335,-34.6308604],[-58.3841089,-34.630989],[-58.3900899,-34.6314989],[-58.3909941,-34.6338921],[-58.3947975,-34.6351147],[-58.3976201,-34.6356723],[-58.3999583,-34.6361006],[-58.4035853,-34.6367455],[-58.4056798,-34.6365178],[-58.4087998,-34.6388411],[-58.40886,-34.6400794],[-58.4100681,-34.6428447],[-58.4127421,-34.64267],[-58.4160931,-34.6421399],[-58.4161394,-34.6450505],[-58.4162115,-34.6481556],[-58.416399,-34.6502239],[-58.4164076,-34.6517798],[-58.4164418,-34.6540807],[-58.4166168,-34.6585097],[-58.4176749,-34.6625252],[-58.4220088,-34.6624626],[-58.424255,-34.6632843],[-58.4281726,-34.6672124],[-58.4310453,-34.6706531],[-58.4372095,-34.6779755],[-58.4388933,-34.6816776],[-58.4401474,-34.682587],[-58.4386933,-34.6871552],[-58.4352788,-34.6916639],[-58.431806,-34.6963946],[-58.4347334,-34.7003361],[-58.4424555,-34.7046677],[-58.4475441,-34.7074356],[-58.4523505,-34.7099941],[-58.4551432,-34.7092186],[-58.454215,-34.7079459],[-58.4537198,-34.7072859],[-58.4552311,-34.706538],[-58.4558073,-34.7071794],[-58.4562049,-34.7080187],[-58.4577528,-34.7074034],[-58.4620712,-34.7038642],[-58.4660816,-34.7008915],[-58.4695508,-34.6982382],[-58.4671073,-34.7011389],[-58.4676403,-34.7029701],[-58.4695816,-34.7048896],[-58.4716281,-34.706919],[-58.4746128,-34.7098759],[-58.4760492,-34.7112996],[-58.4789995,-34.7142162],[-58.4799164,-34.7147867],[-58.4753244,-34.7183696],[-58.4853433,-34.7174725],[-58.4888996,-34.7197794],[-58.4877916,-34.7217644],[-58.4865735,-34.7226806]]}},{"type":"Feature","properties":{"linea":"28","linea_nombre":"Línea 28","ramal":"Principal","sentido":"IDA","subgrupo":"Línea 28","subgrupo_detalle":"Ramal Principal","color_hex":"#2563eb","operador":"Doscientos Ocho Transporte Automotor","cabecera_inicio":"Terminal La Noria","cabecera_fin":"Terminal de Ómnibus Retiro","nombre":"Línea 28 - Principal - IDA","numero":"28","categoria":"NACIONAL","subcategoria":"Principal","color":"#2563eb","descripcion":"Línea 28: La Noria → x Camino Ribereño → Retiro","network":"NACIONAL","routeId":"osm:4040001","source":"OpenStreetMap","license":"ODbL-1.0"},"geometry":{"type":"LineString","coordinates":[[-58.4545259,-34.7068169],[-58.4558814,-34.7070081],[-58.4578107,-34.7066667],[-58.4596342,-34.705149],[-58.4579218,-34.7026576],[-58.4518596,-34.6953855],[-58.4482007,-34.6911737],[-58.4446192,-34.6867918],[-58.4416876,-34.6834519],[-58.4395694,-34.682564],[-58.4389982,-34.6804051],[-58.4357642,-34.6762761],[-58.4309399,-34.6705292],[-58.4263543,-34.6652919],[-58.4228192,-34.6624765],[-58.4194593,-34.6609053],[-58.4166729,-34.6610123],[-58.4162897,-34.6620557],[-58.4171415,-34.6623392],[-58.4164247,-34.6573465],[-58.4162997,-34.6546837],[-58.4163368,-34.6523489],[-58.4163122,-34.6503036],[-58.4161957,-34.6485268],[-58.415327,-34.6470077],[-58.4135901,-34.6437259],[-58.4126524,-34.6415764],[-58.4096437,-34.6402534],[-58.4111651,-34.6396375],[-58.4086214,-34.640095],[-58.4069326,-34.6400945],[-58.4053092,-34.6386918],[-58.4055321,-34.6375337],[-58.4052579,-34.6370337],[-58.4004851,-34.6362009],[-58.3996656,-34.6360449],[-58.3985908,-34.6358437],[-58.3948506,-34.6351262],[-58.3919676,-34.634465],[-58.3903587,-34.634108],[-58.3872568,-34.633382],[-58.3840473,-34.6324314],[-58.3826591,-34.6310631],[-58.3828014,-34.6282539],[-58.3813906,-34.6276224],[-58.3796079,-34.6277114],[-58.3788915,-34.6263543],[-58.3806069,-34.6225067],[-58.3807736,-34.6210653],[-58.3809429,-34.6191896],[-58.3810244,-34.6166721],[-58.3811175,-34.6148191],[-58.3811876,-34.6129202],[-58.3812832,-34.6112445],[-58.3813917,-34.6092555],[-58.381503,-34.6071793],[-58.3816376,-34.6049515],[-58.3818399,-34.6039095],[-58.3810715,-34.6039815],[-58.378845,-34.6051628],[-58.3760659,-34.6066337],[-58.3737272,-34.6078691],[-58.3734393,-34.6083603],[-58.3728882,-34.6090002],[-58.3710143,-34.6088685],[-58.3696368,-34.6088864],[-58.3686064,-34.6086986],[-58.3684148,-34.6073337],[-58.3696338,-34.6062719],[-58.3700806,-34.604944],[-58.3702353,-34.6028771],[-58.3708958,-34.5991297],[-58.3717341,-34.5971118],[-58.3729027,-34.5945665],[-58.3735823,-34.5932279],[-58.3730797,-34.5912928],[-58.3735819,-34.5909702],[-58.372661,-34.5898266],[-58.3721414,-34.589314],[-58.3711498,-34.5891194],[-58.3720451,-34.5862235],[-58.3736933,-34.5816436],[-58.3732002,-34.5842173],[-58.3749769,-34.5847242],[-58.3743188,-34.5855651],[-58.3739842,-34.5857525]]}},{"type":"Feature","properties":{"linea":"283","linea_nombre":"Línea 283","ramal":"B2","sentido":"VUELTA","subgrupo":"Línea 283","subgrupo_detalle":"Ramal B2","color_hex":"#2563eb","operador":"Compañía Andrade S.R.L.","cabecera_inicio":"Villa Albertina","cabecera_fin":"Estación Lanús","nombre":"Línea 283 - B2 - VUELTA","numero":"283","categoria":"PROVINCIAL","subcategoria":"B2","color":"#2563eb","descripcion":"Provincia de Buenos Aires · vía Cementerio de Lomas","network":"PROVINCIAL","routeId":"osm:16271717,16272209","source":"OpenStreetMap","license":"ODbL-1.0"},"geometry":{"type":"LineString","coordinates":[[-58.461535,-34.735961],[-58.461205,-34.736393],[-58.461535,-34.735961],[-58.442014,-34.725861],[-58.436818,-34.723348],[-58.433588,-34.721558],[-58.429949,-34.719736],[-58.423038,-34.728774],[-58.424004,-34.729181],[-58.423451,-34.729918],[-58.418868,-34.727454],[-58.418282,-34.728247],[-58.417114,-34.727663],[-58.419368,-34.724708],[-58.411099,-34.720309],[-58.408802,-34.723377],[-58.40378,-34.720781],[-58.404193,-34.720235],[-58.404053,-34.720153],[-58.40288,-34.714664],[-58.401858,-34.711483],[-58.401383,-34.71154],[-58.400033,-34.707265],[-58.398855,-34.70761],[-58.391622,-34.708187],[-58.391477,-34.70813],[-58.391461,-34.707627]]}},{"type":"Feature","properties":{"linea":"283","linea_nombre":"Línea 283","ramal":"B3","sentido":"VUELTA","subgrupo":"Línea 283","subgrupo_detalle":"Ramal B3","color_hex":"#2563eb","operador":"Compañía Andrade S.R.L.","cabecera_inicio":"Terminal La Noria","cabecera_fin":"Estación Lanús","nombre":"Línea 283 - B3 - VUELTA","numero":"283","categoria":"PROVINCIAL","subcategoria":"B3","color":"#2563eb","descripcion":"Línea 283 - Ramal B3: Lanús → Puente La Noria","network":"PROVINCIAL","routeId":"osm:16272034,16272229","source":"OpenStreetMap","license":"ODbL-1.0"},"geometry":{"type":"LineString","coordinates":[[-58.454246,-34.707254],[-58.45531,-34.706626],[-58.455931,-34.707381],[-58.457167,-34.707015],[-58.457491,-34.707216],[-58.45782,-34.707588],[-58.45782,-34.707682],[-58.457657,-34.707972],[-58.457272,-34.708312],[-58.456175,-34.7091],[-58.454666,-34.710986],[-58.453767,-34.711844],[-58.451657,-34.71447],[-58.45153,-34.714905],[-58.452939,-34.713191],[-58.452966,-34.71307],[-58.452673,-34.712861],[-58.452481,-34.712869],[-58.451099,-34.714647],[-58.446031,-34.711829],[-58.443635,-34.710642],[-58.439434,-34.708404],[-58.436402,-34.712345],[-58.435225,-34.71172],[-58.432268,-34.715711],[-58.425602,-34.712241],[-58.421384,-34.717692],[-58.421253,-34.717684],[-58.420154,-34.717121],[-58.415368,-34.714608],[-58.413695,-34.716827],[-58.411169,-34.715534],[-58.408565,-34.71901],[-58.406086,-34.717745],[-58.406374,-34.717385],[-58.40504,-34.711042],[-58.401383,-34.71154],[-58.400033,-34.707265],[-58.398855,-34.70761],[-58.391622,-34.708187],[-58.391477,-34.70813],[-58.391457,-34.707302]]}},{"type":"Feature","properties":{"linea":"283","linea_nombre":"Línea 283","ramal":"B3","sentido":"IDA","subgrupo":"Línea 283","subgrupo_detalle":"Ramal B3","color_hex":"#2563eb","operador":"Compañía Andrade S.R.L.","cabecera_inicio":"Estación Lanús","cabecera_fin":"Terminal La Noria","nombre":"Línea 283 - B3 - IDA","numero":"283","categoria":"PROVINCIAL","subcategoria":"B3","color":"#2563eb","descripcion":"Línea 283 - Ramal B3: Lanús → Puente La Noria","network":"PROVINCIAL","routeId":"osm:16272034,16272229","source":"OpenStreetMap","license":"ODbL-1.0"},"geometry":{"type":"LineString","coordinates":[[-58.391457,-34.707302],[-58.391449,-34.706836],[-58.391673,-34.706746],[-58.393076,-34.706769],[-58.395707,-34.706675],[-58.398969,-34.706745],[-58.39896,-34.707592],[-58.399886,-34.710566],[-58.403111,-34.710101],[-58.403859,-34.712376],[-58.405051,-34.718049],[-58.40594,-34.717936],[-58.406086,-34.717745],[-58.408565,-34.71901],[-58.410309,-34.716677],[-58.412836,-34.717966],[-58.415368,-34.714608],[-58.420154,-34.717121],[-58.424401,-34.711614],[-58.432268,-34.715711],[-58.435225,-34.71172],[-58.436402,-34.712345],[-58.439434,-34.708404],[-58.443635,-34.710642],[-58.446031,-34.711829],[-58.451099,-34.714647],[-58.451237,-34.714648],[-58.451524,-34.714429],[-58.453476,-34.712002],[-58.454418,-34.710513],[-58.455277,-34.70944],[-58.455143,-34.709219],[-58.454277,-34.708689],[-58.454185,-34.708434],[-58.454215,-34.707946],[-58.453839,-34.707495],[-58.45404,-34.707376]]}},{"type":"Feature","properties":{"linea":"283","linea_nombre":"Línea 283","ramal":"B1","sentido":"VUELTA","subgrupo":"Línea 283","subgrupo_detalle":"Ramal B1","color_hex":"#2563eb","operador":"Compañía Andrade S.R.L.","cabecera_inicio":"Homero y Ramallo","cabecera_fin":"Estación Lanús","nombre":"Línea 283 - B1 - VUELTA","numero":"283","categoria":"PROVINCIAL","subcategoria":"B1","color":"#2563eb","descripcion":"Provincia de Buenos Aires · vía Ejército de los Andes","network":"PROVINCIAL","routeId":"osm:16271768,16271937","source":"OpenStreetMap","license":"ODbL-1.0"},"geometry":{"type":"LineString","coordinates":[[-58.461535,-34.735961],[-58.461205,-34.736393],[-58.461535,-34.735961],[-58.443878,-34.726817],[-58.436818,-34.723348],[-58.43425,-34.721965],[-58.434129,-34.721875],[-58.437021,-34.718166],[-58.425602,-34.712241],[-58.421384,-34.717692],[-58.421253,-34.717684],[-58.420154,-34.717121],[-58.415368,-34.714608],[-58.413695,-34.716827],[-58.411169,-34.715534],[-58.408565,-34.71901],[-58.406086,-34.717745],[-58.405081,-34.719067],[-58.404934,-34.719014],[-58.399784,-34.71974],[-58.396985,-34.707764],[-58.391622,-34.708187],[-58.391477,-34.70813],[-58.391467,-34.70777]]}},{"type":"Feature","properties":{"linea":"283","linea_nombre":"Línea 283","ramal":"B2","sentido":"IDA","subgrupo":"Línea 283","subgrupo_detalle":"Ramal B2","color_hex":"#2563eb","operador":"Compañía Andrade S.R.L.","cabecera_inicio":"Estación Lanús","cabecera_fin":"","nombre":"Línea 283 - B2 - IDA","numero":"283","categoria":"PROVINCIAL","subcategoria":"B2","color":"#2563eb","descripcion":"Provincia de Buenos Aires · vía Cementerio de Lomas","network":"PROVINCIAL","routeId":"osm:16271717,16272209","source":"OpenStreetMap","license":"ODbL-1.0"},"geometry":{"type":"LineString","coordinates":[[-58.391461,-34.707627],[-58.391449,-34.706836],[-58.391551,-34.70676],[-58.395707,-34.706675],[-58.398969,-34.706745],[-58.39896,-34.707592],[-58.399886,-34.710566],[-58.403111,-34.710101],[-58.403859,-34.712376],[-58.404864,-34.717245],[-58.405276,-34.718807],[-58.403054,-34.721786],[-58.407989,-34.724352],[-58.408171,-34.724208],[-58.411099,-34.720309],[-58.419427,-34.72474],[-58.41773,-34.726846],[-58.422488,-34.729407],[-58.42409,-34.727416],[-58.429949,-34.719736],[-58.433588,-34.721558],[-58.436818,-34.723348],[-58.442014,-34.725861],[-58.461535,-34.735961],[-58.461099,-34.736533]]}},{"type":"Feature","properties":{"linea":"283","linea_nombre":"Línea 283","ramal":"B1","sentido":"IDA","subgrupo":"Línea 283","subgrupo_detalle":"Ramal B1","color_hex":"#2563eb","operador":"Compañía Andrade S.R.L.","cabecera_inicio":"Estación Lanús","cabecera_fin":"","nombre":"Línea 283 - B1 - IDA","numero":"283","categoria":"PROVINCIAL","subcategoria":"B1","color":"#2563eb","descripcion":"Provincia de Buenos Aires · vía Ejército de los Andes","network":"PROVINCIAL","routeId":"osm:16271768,16271937","source":"OpenStreetMap","license":"ODbL-1.0"},"geometry":{"type":"LineString","coordinates":[[-58.391467,-34.70777],[-58.391449,-34.706836],[-58.391551,-34.70676],[-58.395707,-34.706675],[-58.398969,-34.706745],[-58.39896,-34.707592],[-58.401851,-34.716692],[-58.402295,-34.718439],[-58.40594,-34.717936],[-58.406086,-34.717745],[-58.408565,-34.71901],[-58.410309,-34.716677],[-58.412836,-34.717966],[-58.415368,-34.714608],[-58.420154,-34.717121],[-58.424401,-34.711614],[-58.437021,-34.718166],[-58.434129,-34.721875],[-58.43425,-34.721965],[-58.436818,-34.723348],[-58.443878,-34.726817],[-58.461535,-34.735961],[-58.461099,-34.736533]]}},{"type":"Feature","properties":{"linea":"293","linea_nombre":"Línea 293","ramal":"B","sentido":"VUELTA","subgrupo":"Línea 293","subgrupo_detalle":"Ramal B","color_hex":"#2563eb","operador":"Expreso Villa Galicia San José S.A.","cabecera_inicio":"","cabecera_fin":"","nombre":"Línea 293 - B - VUELTA","numero":"293","categoria":"PROVINCIAL","subcategoria":"B","color":"#2563eb","descripcion":"Línea 293 B: San Francisco de Asís → Avellaneda","network":"PROVINCIAL","routeId":"osm:19791181,19791182","source":"OpenStreetMap","license":"ODbL-1.0"},"geometry":{"type":"LineString","coordinates":[[-58.375901,-34.662242],[-58.376439,-34.66301],[-58.37698,-34.662658],[-58.378012,-34.663502],[-58.37711,-34.664206],[-58.374955,-34.661107],[-58.373702,-34.659647],[-58.37337,-34.659696],[-58.372811,-34.66073],[-58.370973,-34.660513],[-58.370402,-34.659714],[-58.370275,-34.659641],[-58.370176,-34.659643],[-58.369288,-34.660316],[-58.36771,-34.662367],[-58.361155,-34.672363],[-58.368256,-34.678643],[-58.36009,-34.685294],[-58.35598,-34.681692],[-58.356943,-34.680947],[-58.361028,-34.684527],[-58.357249,-34.687556],[-58.353701,-34.690701],[-58.339783,-34.702414],[-58.336851,-34.704413],[-58.327787,-34.711814],[-58.32206,-34.716351],[-58.32255,-34.716824],[-58.322494,-34.71692],[-58.314666,-34.72315],[-58.31404,-34.72349],[-58.307723,-34.728479],[-58.306012,-34.72757],[-58.296319,-34.741402],[-58.296793,-34.741614],[-58.294337,-34.744931],[-58.293992,-34.74477],[-58.291811,-34.747785],[-58.296775,-34.750031],[-58.302908,-34.753445],[-58.293174,-34.761876],[-58.303243,-34.767399],[-58.305254,-34.768411],[-58.312597,-34.772942],[-58.302265,-34.784398],[-58.301984,-34.784731],[-58.301971,-34.785398],[-58.312313,-34.791788],[-58.318818,-34.795328],[-58.319904,-34.796012],[-58.3234,-34.797939],[-58.333486,-34.80333],[-58.338571,-34.80613],[-58.33475,-34.810891],[-58.336231,-34.815923],[-58.342219,-34.818934],[-58.347927,-34.817808],[-58.34796,-34.817923],[-58.347217,-34.818072],[-58.348264,-34.821652],[-58.344073,-34.822526],[-58.353357,-34.82721]]}},{"type":"Feature","properties":{"linea":"293","linea_nombre":"Línea 293","ramal":"B","sentido":"IDA","subgrupo":"Línea 293","subgrupo_detalle":"Ramal B","color_hex":"#2563eb","operador":"Expreso Villa Galicia San José S.A.","cabecera_inicio":"","cabecera_fin":"","nombre":"Línea 293 - B - IDA","numero":"293","categoria":"PROVINCIAL","subcategoria":"B","color":"#2563eb","descripcion":"Línea 293 B: San Francisco de Asís → Avellaneda","network":"PROVINCIAL","routeId":"osm:19791181,19791182","source":"OpenStreetMap","license":"ODbL-1.0"},"geometry":{"type":"LineString","coordinates":[[-58.353357,-34.82721],[-58.344073,-34.822526],[-58.348264,-34.821652],[-58.347217,-34.818072],[-58.342191,-34.81906],[-58.336097,-34.815976],[-58.334583,-34.810891],[-58.338446,-34.806061],[-58.3267,-34.799775],[-58.312031,-34.791735],[-58.301493,-34.785256],[-58.312597,-34.772942],[-58.305254,-34.768411],[-58.303243,-34.767399],[-58.293174,-34.761876],[-58.302908,-34.753445],[-58.296775,-34.750031],[-58.291811,-34.747785],[-58.293992,-34.74477],[-58.293339,-34.744447],[-58.295995,-34.740894],[-58.296446,-34.741117],[-58.305919,-34.727638],[-58.306012,-34.72757],[-58.307723,-34.728479],[-58.313626,-34.723724],[-58.314618,-34.723101],[-58.32255,-34.716824],[-58.3212,-34.715497],[-58.335879,-34.703566],[-58.340362,-34.700081],[-58.352697,-34.689829],[-58.353701,-34.690701],[-58.357249,-34.687556],[-58.36009,-34.685294],[-58.35598,-34.681692],[-58.356943,-34.680947],[-58.361028,-34.684527],[-58.367404,-34.679326],[-58.367871,-34.678724],[-58.367867,-34.678522],[-58.361817,-34.673128],[-58.361689,-34.673049],[-58.361471,-34.673073],[-58.360795,-34.673444],[-58.360636,-34.673399],[-58.36046,-34.673211],[-58.363888,-34.668239],[-58.359477,-34.66531],[-58.364277,-34.662908],[-58.368083,-34.660045],[-58.370029,-34.658682],[-58.370148,-34.658544],[-58.370145,-34.658382],[-58.369663,-34.657776],[-58.369601,-34.657382],[-58.369866,-34.656786],[-58.370058,-34.656621],[-58.37032,-34.65653],[-58.370439,-34.65651],[-58.371803,-34.657686],[-58.372038,-34.657769],[-58.372978,-34.658708],[-58.374782,-34.660682],[-58.375757,-34.662032]]}},{"type":"Feature","properties":{"linea":"295","linea_nombre":"Línea 295","ramal":"2","sentido":"IDA","subgrupo":"Línea 295","subgrupo_detalle":"Ramal 2","color_hex":"#2563eb","operador":"Micro Ómnibus O'Higgins","cabecera_inicio":"Complejo Deportivo Independiente","cabecera_fin":"Estación Lanús","nombre":"Línea 295 - 2 - IDA","numero":"295","categoria":"PROVINCIAL","subcategoria":"2","color":"#2563eb","descripcion":"Provincia de Buenos Aires · vía Bouchard","network":"PROVINCIAL","routeId":"osm:20325479,20325480","source":"OpenStreetMap","license":"ODbL-1.0"},"geometry":{"type":"LineString","coordinates":[[-58.310956,-34.686873],[-58.311092,-34.68699],[-58.299705,-34.695925],[-58.300468,-34.696577],[-58.305067,-34.692989],[-58.30648,-34.694243],[-58.306533,-34.69473],[-58.310404,-34.698065],[-58.312247,-34.697471],[-58.318846,-34.703094],[-58.317546,-34.704114],[-58.326143,-34.711488],[-58.335879,-34.703566],[-58.340362,-34.700081],[-58.346813,-34.694717],[-58.349703,-34.697121],[-58.355043,-34.701802],[-58.355651,-34.702162],[-58.353311,-34.703995],[-58.352752,-34.707789],[-58.354215,-34.708996],[-58.359663,-34.704308],[-58.362317,-34.705776],[-58.36385,-34.707346],[-58.366092,-34.705488],[-58.36782,-34.704246],[-58.368586,-34.704953],[-58.371291,-34.706578],[-58.376793,-34.711014],[-58.377075,-34.711159],[-58.37829,-34.712324],[-58.387895,-34.705432],[-58.388714,-34.706208],[-58.389636,-34.705581],[-58.390268,-34.707267]]}},{"type":"Feature","properties":{"linea":"295","linea_nombre":"Línea 295","ramal":"1","sentido":"IDA","subgrupo":"Línea 295","subgrupo_detalle":"Ramal 1","color_hex":"#2563eb","operador":"Micro Ómnibus O'Higgins","cabecera_inicio":"Complejo Deportivo Independiente","cabecera_fin":"Estación Lanús","nombre":"Línea 295 - 1 - IDA","numero":"295","categoria":"PROVINCIAL","subcategoria":"1","color":"#2563eb","descripcion":"Provincia de Buenos Aires · vía Madariaga","network":"PROVINCIAL","routeId":"osm:20325379,20325380","source":"OpenStreetMap","license":"ODbL-1.0"},"geometry":{"type":"LineString","coordinates":[[-58.310956,-34.686873],[-58.311092,-34.68699],[-58.299705,-34.695925],[-58.300468,-34.696577],[-58.305067,-34.692989],[-58.30648,-34.694243],[-58.306533,-34.69473],[-58.310404,-34.698065],[-58.312247,-34.697471],[-58.318846,-34.703094],[-58.317546,-34.704114],[-58.326143,-34.711488],[-58.335879,-34.703566],[-58.340362,-34.700081],[-58.346813,-34.694717],[-58.349703,-34.697121],[-58.355043,-34.701802],[-58.355651,-34.702162],[-58.353311,-34.703995],[-58.352752,-34.707789],[-58.354215,-34.708996],[-58.359663,-34.704308],[-58.360061,-34.704516],[-58.362411,-34.703469],[-58.362798,-34.703223],[-58.364888,-34.701462],[-58.368586,-34.704953],[-58.371291,-34.706578],[-58.376793,-34.711014],[-58.377075,-34.711159],[-58.37829,-34.712324],[-58.387895,-34.705432],[-58.388714,-34.706208],[-58.389636,-34.705581],[-58.390268,-34.707267]]}},{"type":"Feature","properties":{"linea":"295","linea_nombre":"Línea 295","ramal":"5","sentido":"VUELTA","subgrupo":"Línea 295","subgrupo_detalle":"Ramal 5","color_hex":"#2563eb","operador":"Micro Ómnibus O'Higgins","cabecera_inicio":"Estación Lanús","cabecera_fin":"Puente Pueyrredón","nombre":"Línea 295 - 5 - VUELTA","numero":"295","categoria":"PROVINCIAL","subcategoria":"5","color":"#2563eb","descripcion":"Provincia de Buenos Aires · vía Córdoba","network":"PROVINCIAL","routeId":"osm:20325504,20325505","source":"OpenStreetMap","license":"ODbL-1.0"},"geometry":{"type":"LineString","coordinates":[[-58.390316,-34.707397],[-58.391172,-34.709954],[-58.386367,-34.713401],[-58.372845,-34.700598],[-58.373348,-34.700221],[-58.370038,-34.697591],[-58.366068,-34.693745],[-58.364148,-34.692127],[-58.376588,-34.681932],[-58.371523,-34.677666],[-58.370083,-34.678846],[-58.369141,-34.678076],[-58.368894,-34.677964],[-58.3711,-34.676196],[-58.371412,-34.67582],[-58.372848,-34.674524],[-58.375441,-34.672393],[-58.375963,-34.672063],[-58.376415,-34.67191],[-58.376391,-34.671857],[-58.376084,-34.671675],[-58.375495,-34.67176],[-58.375182,-34.671715],[-58.374932,-34.671228],[-58.369347,-34.666389],[-58.364392,-34.662833],[-58.370109,-34.658603],[-58.370133,-34.658346],[-58.369686,-34.657816],[-58.369596,-34.657515],[-58.369723,-34.657006],[-58.370103,-34.656597],[-58.370439,-34.65651],[-58.371803,-34.657686],[-58.372038,-34.657769],[-58.372635,-34.658377]]}},{"type":"Feature","properties":{"linea":"295","linea_nombre":"Línea 295","ramal":"5","sentido":"IDA","subgrupo":"Línea 295","subgrupo_detalle":"Ramal 5","color_hex":"#2563eb","operador":"Micro Ómnibus O'Higgins","cabecera_inicio":"","cabecera_fin":"Estación Lanús","nombre":"Línea 295 - 5 - IDA","numero":"295","categoria":"PROVINCIAL","subcategoria":"5","color":"#2563eb","descripcion":"Provincia de Buenos Aires · vía Córdoba","network":"PROVINCIAL","routeId":"osm:20325504,20325505","source":"OpenStreetMap","license":"ODbL-1.0"},"geometry":{"type":"LineString","coordinates":[[-58.371118,-34.658205],[-58.370125,-34.658824],[-58.370036,-34.659092],[-58.370251,-34.659436],[-58.370243,-34.65957],[-58.369288,-34.660316],[-58.3684,-34.661401],[-58.364356,-34.667519],[-58.36582,-34.668576],[-58.368893,-34.666028],[-58.370927,-34.667709],[-58.374932,-34.671228],[-58.375182,-34.671715],[-58.375495,-34.67176],[-58.376598,-34.671614],[-58.376988,-34.671773],[-58.376161,-34.671978],[-58.37556,-34.672296],[-58.372848,-34.674524],[-58.371412,-34.67582],[-58.37093,-34.676454],[-58.368157,-34.678679],[-58.367867,-34.678522],[-58.362372,-34.673643],[-58.362185,-34.67443],[-58.361799,-34.674434],[-58.361977,-34.673346],[-58.362084,-34.673182],[-58.367754,-34.678218],[-58.370312,-34.680301],[-58.372511,-34.678501],[-58.37539,-34.680892],[-58.374554,-34.681606],[-58.375746,-34.682618],[-58.364148,-34.692127],[-58.366068,-34.693745],[-58.370038,-34.697591],[-58.376529,-34.702744],[-58.381505,-34.707125],[-58.383244,-34.708783],[-58.387895,-34.705432],[-58.388714,-34.706208],[-58.389636,-34.705581],[-58.390316,-34.707397]]}},{"type":"Feature","properties":{"linea":"295","linea_nombre":"Línea 295","ramal":"4","sentido":"VUELTA","subgrupo":"Línea 295","subgrupo_detalle":"Ramal 4","color_hex":"#2563eb","operador":"Micro Ómnibus O'Higgins","cabecera_inicio":"Estación Lanús","cabecera_fin":"Puente Pueyrredón","nombre":"Línea 295 - 4 - VUELTA","numero":"295","categoria":"PROVINCIAL","subcategoria":"4","color":"#2563eb","descripcion":"Provincia de Buenos Aires · vía Magan","network":"PROVINCIAL","routeId":"osm:20169152,20169434","source":"OpenStreetMap","license":"ODbL-1.0"},"geometry":{"type":"LineString","coordinates":[[-58.390316,-34.707397],[-58.391172,-34.709954],[-58.382373,-34.716253],[-58.380727,-34.714703],[-58.380591,-34.714658],[-58.377002,-34.711244],[-58.376955,-34.711122],[-58.371291,-34.706578],[-58.368586,-34.704953],[-58.363962,-34.700566],[-58.366733,-34.698185],[-58.364492,-34.696383],[-58.361813,-34.694028],[-58.376588,-34.681932],[-58.371523,-34.677666],[-58.370083,-34.678846],[-58.369141,-34.678076],[-58.368894,-34.677964],[-58.3711,-34.676196],[-58.371412,-34.67582],[-58.372848,-34.674524],[-58.375441,-34.672393],[-58.375963,-34.672063],[-58.376415,-34.67191],[-58.376391,-34.671857],[-58.376084,-34.671675],[-58.375495,-34.67176],[-58.375182,-34.671715],[-58.374932,-34.671228],[-58.369347,-34.666389],[-58.364392,-34.662833],[-58.370109,-34.658603],[-58.370133,-34.658346],[-58.369686,-34.657816],[-58.369596,-34.657515],[-58.369723,-34.657006],[-58.370103,-34.656597],[-58.370439,-34.65651],[-58.371803,-34.657686],[-58.372038,-34.657769],[-58.372635,-34.658377]]}},{"type":"Feature","properties":{"linea":"295","linea_nombre":"Línea 295","ramal":"4","sentido":"IDA","subgrupo":"Línea 295","subgrupo_detalle":"Ramal 4","color_hex":"#2563eb","operador":"Micro Ómnibus O'Higgins","cabecera_inicio":"","cabecera_fin":"Estación Lanús","nombre":"Línea 295 - 4 - IDA","numero":"295","categoria":"PROVINCIAL","subcategoria":"4","color":"#2563eb","descripcion":"Provincia de Buenos Aires · vía Magan","network":"PROVINCIAL","routeId":"osm:20169152,20169434","source":"OpenStreetMap","license":"ODbL-1.0"},"geometry":{"type":"LineString","coordinates":[[-58.371118,-34.658205],[-58.370125,-34.658824],[-58.370036,-34.659092],[-58.370251,-34.659436],[-58.370243,-34.65957],[-58.369288,-34.660316],[-58.3684,-34.661401],[-58.364356,-34.667519],[-58.36582,-34.668576],[-58.368893,-34.666028],[-58.370927,-34.667709],[-58.374932,-34.671228],[-58.375182,-34.671715],[-58.375495,-34.67176],[-58.376598,-34.671614],[-58.376988,-34.671773],[-58.376161,-34.671978],[-58.37556,-34.672296],[-58.372848,-34.674524],[-58.371412,-34.67582],[-58.37093,-34.676454],[-58.368157,-34.678679],[-58.367867,-34.678522],[-58.362372,-34.673643],[-58.362185,-34.67443],[-58.361799,-34.674434],[-58.361977,-34.673346],[-58.362084,-34.673182],[-58.367754,-34.678218],[-58.370312,-34.680301],[-58.372511,-34.678501],[-58.37539,-34.680892],[-58.374554,-34.681606],[-58.375746,-34.682618],[-58.361813,-34.694028],[-58.364492,-34.696383],[-58.366733,-34.698185],[-58.363962,-34.700566],[-58.368586,-34.704953],[-58.371291,-34.706578],[-58.376793,-34.711014],[-58.377075,-34.711159],[-58.37829,-34.712324],[-58.387895,-34.705432],[-58.388714,-34.706208],[-58.389636,-34.705581],[-58.390316,-34.707397]]}},{"type":"Feature","properties":{"linea":"295","linea_nombre":"Línea 295","ramal":"2","sentido":"VUELTA","subgrupo":"Línea 295","subgrupo_detalle":"Ramal 2","color_hex":"#2563eb","operador":"Micro Ómnibus O'Higgins","cabecera_inicio":"Estación Lanús","cabecera_fin":"Complejo Deportivo Independiente","nombre":"Línea 295 - 2 - VUELTA","numero":"295","categoria":"PROVINCIAL","subcategoria":"2","color":"#2563eb","descripcion":"Provincia de Buenos Aires · vía Bouchard","network":"PROVINCIAL","routeId":"osm:20325479,20325480","source":"OpenStreetMap","license":"ODbL-1.0"},"geometry":{"type":"LineString","coordinates":[[-58.390268,-34.707267],[-58.391172,-34.709954],[-58.382373,-34.716253],[-58.380727,-34.714703],[-58.380591,-34.714658],[-58.377002,-34.711244],[-58.376955,-34.711122],[-58.371291,-34.706578],[-58.368586,-34.704953],[-58.366384,-34.702874],[-58.366077,-34.703185],[-58.364996,-34.703909],[-58.365789,-34.704733],[-58.365368,-34.704923],[-58.363059,-34.704917],[-58.362939,-34.705966],[-58.362822,-34.706282],[-58.362188,-34.705693],[-58.360061,-34.704516],[-58.358539,-34.705266],[-58.354215,-34.708996],[-58.35266,-34.707704],[-58.353724,-34.70062],[-58.349703,-34.697121],[-58.347856,-34.695629],[-58.339783,-34.702414],[-58.336851,-34.704413],[-58.327116,-34.712327],[-58.311121,-34.698615],[-58.310032,-34.699483],[-58.30916,-34.698684],[-58.310404,-34.698065],[-58.305522,-34.693873],[-58.301205,-34.697228],[-58.298939,-34.69528],[-58.310341,-34.686343],[-58.310956,-34.686873]]}},{"type":"Feature","properties":{"linea":"295","linea_nombre":"Línea 295","ramal":"1","sentido":"VUELTA","subgrupo":"Línea 295","subgrupo_detalle":"Ramal 1","color_hex":"#2563eb","operador":"Micro Ómnibus O'Higgins","cabecera_inicio":"Estación Lanús","cabecera_fin":"Complejo Deportivo Independiente","nombre":"Línea 295 - 1 - VUELTA","numero":"295","categoria":"PROVINCIAL","subcategoria":"1","color":"#2563eb","descripcion":"Provincia de Buenos Aires · vía Madariaga","network":"PROVINCIAL","routeId":"osm:20325379,20325380","source":"OpenStreetMap","license":"ODbL-1.0"},"geometry":{"type":"LineString","coordinates":[[-58.390268,-34.707267],[-58.391172,-34.709954],[-58.382373,-34.716253],[-58.380727,-34.714703],[-58.380591,-34.714658],[-58.377002,-34.711244],[-58.376955,-34.711122],[-58.371291,-34.706578],[-58.368586,-34.704953],[-58.364888,-34.701462],[-58.362514,-34.703409],[-58.358539,-34.705266],[-58.354215,-34.708996],[-58.35266,-34.707704],[-58.353724,-34.70062],[-58.349703,-34.697121],[-58.347856,-34.695629],[-58.339783,-34.702414],[-58.336851,-34.704413],[-58.327116,-34.712327],[-58.311121,-34.698615],[-58.310032,-34.699483],[-58.30916,-34.698684],[-58.310404,-34.698065],[-58.305522,-34.693873],[-58.301205,-34.697228],[-58.298939,-34.69528],[-58.310341,-34.686343],[-58.310956,-34.686873]]}},{"type":"Feature","properties":{"linea":"299","linea_nombre":"Línea 299","ramal":"C","sentido":"IDA","subgrupo":"Línea 299","subgrupo_detalle":"Ramal C","color_hex":"#2563eb","operador":"General Tomás Guido S.A.C.I.F.","cabecera_inicio":"Estación Banfield","cabecera_fin":"Estación Lanús","nombre":"Línea 299 - C - IDA","numero":"299","categoria":"PROVINCIAL","subcategoria":"C","color":"#2563eb","descripcion":"Provincia de Buenos Aires · vía Cementerio de Lanús","network":"PROVINCIAL","routeId":"osm:20670432,20670433","source":"OpenStreetMap","license":"ODbL-1.0"},"geometry":{"type":"LineString","coordinates":[[-58.395151,-34.744724],[-58.395218,-34.745118],[-58.395031,-34.745203],[-58.394612,-34.743073],[-58.387263,-34.744011],[-58.38668,-34.740578],[-58.383567,-34.741465],[-58.381625,-34.737603],[-58.380914,-34.738184],[-58.373459,-34.731727],[-58.377012,-34.728793],[-58.377246,-34.728589],[-58.37718,-34.728529],[-58.379769,-34.726748],[-58.378755,-34.725786],[-58.382671,-34.723022],[-58.379343,-34.719815],[-58.385217,-34.715608],[-58.381083,-34.711678],[-58.389636,-34.705581],[-58.390619,-34.708225]]}},{"type":"Feature","properties":{"linea":"299","linea_nombre":"Línea 299","ramal":"C","sentido":"VUELTA","subgrupo":"Línea 299","subgrupo_detalle":"Ramal C","color_hex":"#2563eb","operador":"General Tomás Guido S.A.C.I.F.","cabecera_inicio":"Estación Lanús","cabecera_fin":"Estación Banfield","nombre":"Línea 299 - C - VUELTA","numero":"299","categoria":"PROVINCIAL","subcategoria":"C","color":"#2563eb","descripcion":"Provincia de Buenos Aires · vía Cementerio de Lanús","network":"PROVINCIAL","routeId":"osm:20670432,20670433","source":"OpenStreetMap","license":"ODbL-1.0"},"geometry":{"type":"LineString","coordinates":[[-58.390619,-34.708225],[-58.391455,-34.711084],[-58.387188,-34.714183],[-58.384706,-34.711835],[-58.377828,-34.71678],[-58.38455,-34.723181],[-58.38356,-34.723883],[-58.383662,-34.723987],[-58.378759,-34.727495],[-58.378515,-34.727575],[-58.37718,-34.728529],[-58.377246,-34.728589],[-58.377012,-34.728793],[-58.373459,-34.731727],[-58.380914,-34.738184],[-58.381625,-34.737603],[-58.383567,-34.741465],[-58.38668,-34.740578],[-58.387476,-34.745168],[-58.395049,-34.744212],[-58.395151,-34.744724]]}},{"type":"Feature","properties":{"linea":"299","linea_nombre":"Línea 299","ramal":"SJ","sentido":"IDA","subgrupo":"Línea 299","subgrupo_detalle":"Ramal SJ","color_hex":"#2563eb","operador":"General Tomás Guido S.A.C.I.F.","cabecera_inicio":"Carrefour","cabecera_fin":"Estación Lanús","nombre":"Línea 299 - SJ - IDA","numero":"299","categoria":"PROVINCIAL","subcategoria":"SJ","color":"#2563eb","descripcion":"Línea 299: San José → Lanús","network":"PROVINCIAL","routeId":"osm:20670456,20670457","source":"OpenStreetMap","license":"ODbL-1.0"},"geometry":{"type":"LineString","coordinates":[[-58.364716,-34.762997],[-58.351373,-34.756486],[-58.348049,-34.754769],[-58.358255,-34.741161],[-58.360297,-34.742205],[-58.365551,-34.738133],[-58.363696,-34.736514],[-58.369127,-34.732461],[-58.367521,-34.731065],[-58.378443,-34.723369],[-58.376689,-34.721702],[-58.385217,-34.715608],[-58.381083,-34.711678],[-58.389636,-34.705581],[-58.39054,-34.708003]]}},{"type":"Feature","properties":{"linea":"299","linea_nombre":"Línea 299","ramal":"M","sentido":"IDA","subgrupo":"Línea 299","subgrupo_detalle":"Ramal M","color_hex":"#2563eb","operador":"General Tomás Guido S.A.C.I.F.","cabecera_inicio":"Estación Banfield","cabecera_fin":"Estación Lanús","nombre":"Línea 299 - M - IDA","numero":"299","categoria":"PROVINCIAL","subcategoria":"M","color":"#2563eb","descripcion":"Provincia de Buenos Aires · vía Matanza","network":"PROVINCIAL","routeId":"osm:20670444,20670445","source":"OpenStreetMap","license":"ODbL-1.0"},"geometry":{"type":"LineString","coordinates":[[-58.395177,-34.74485],[-58.39521,-34.74515],[-58.395031,-34.745203],[-58.394612,-34.743073],[-58.38025,-34.744875],[-58.380036,-34.743818],[-58.378334,-34.740439],[-58.378137,-34.740345],[-58.372617,-34.735516],[-58.373496,-34.734842],[-58.374316,-34.735541],[-58.376193,-34.734082],[-58.376998,-34.73477],[-58.380991,-34.732142],[-58.382507,-34.731055],[-58.382819,-34.731308],[-58.387739,-34.727855],[-58.379343,-34.719815],[-58.385217,-34.715608],[-58.381083,-34.711678],[-58.389636,-34.705581],[-58.390582,-34.708118]]}},{"type":"Feature","properties":{"linea":"299","linea_nombre":"Línea 299","ramal":"M","sentido":"VUELTA","subgrupo":"Línea 299","subgrupo_detalle":"Ramal M","color_hex":"#2563eb","operador":"General Tomás Guido S.A.C.I.F.","cabecera_inicio":"Estación Lanús","cabecera_fin":"Estación Banfield","nombre":"Línea 299 - M - VUELTA","numero":"299","categoria":"PROVINCIAL","subcategoria":"M","color":"#2563eb","descripcion":"Provincia de Buenos Aires · vía Matanza","network":"PROVINCIAL","routeId":"osm:20670444,20670445","source":"OpenStreetMap","license":"ODbL-1.0"},"geometry":{"type":"LineString","coordinates":[[-58.390582,-34.708118],[-58.391455,-34.711084],[-58.387188,-34.714183],[-58.384706,-34.711835],[-58.377828,-34.71678],[-58.388712,-34.727166],[-58.382819,-34.731308],[-58.383666,-34.732085],[-58.382107,-34.733172],[-58.380991,-34.732142],[-58.376998,-34.73477],[-58.374227,-34.736908],[-58.378137,-34.740345],[-58.378334,-34.740439],[-58.380036,-34.743818],[-58.38025,-34.744875],[-58.385857,-34.744192],[-58.386083,-34.745348],[-58.395049,-34.744212],[-58.395177,-34.74485]]}},{"type":"Feature","properties":{"linea":"299","linea_nombre":"Línea 299","ramal":"SJ","sentido":"VUELTA","subgrupo":"Línea 299","subgrupo_detalle":"Ramal SJ","color_hex":"#2563eb","operador":"General Tomás Guido S.A.C.I.F.","cabecera_inicio":"Estación Lanús","cabecera_fin":"","nombre":"Línea 299 - SJ - VUELTA","numero":"299","categoria":"PROVINCIAL","subcategoria":"SJ","color":"#2563eb","descripcion":"Línea 299: San José → Lanús","network":"PROVINCIAL","routeId":"osm:20670456,20670457","source":"OpenStreetMap","license":"ODbL-1.0"},"geometry":{"type":"LineString","coordinates":[[-58.39054,-34.708003],[-58.391455,-34.711084],[-58.387188,-34.714183],[-58.384706,-34.711835],[-58.375363,-34.718532],[-58.377036,-34.720102],[-58.375852,-34.720932],[-58.378443,-34.723369],[-58.371547,-34.728269],[-58.369486,-34.729651],[-58.366619,-34.731754],[-58.369138,-34.733955],[-58.364613,-34.737318],[-58.359142,-34.741526],[-58.359056,-34.741569],[-58.358255,-34.741161],[-58.348049,-34.754769],[-58.351373,-34.756486],[-58.364852,-34.763064]]}},{"type":"Feature","properties":{"linea":"31","linea_nombre":"Línea 31","ramal":"Expreso Calle 21","sentido":"IDA","subgrupo":"Línea 31","subgrupo_detalle":"Ramal Expreso Calle 21","color_hex":"#2563eb","operador":"Rocaraza S.A.","cabecera_inicio":"","cabecera_fin":"Plaza Miserere","nombre":"Línea 31 - Expreso Calle 21 - IDA","numero":"31","categoria":"NACIONAL","subcategoria":"Expreso Calle 21","color":"#2563eb","descripcion":"Línea 31 - Expreso Calle 21: 9 de Abril → Once","network":"NACIONAL","routeId":"osm:17863018","source":"OpenStreetMap","license":"ODbL-1.0"},"geometry":{"type":"LineString","coordinates":[[-58.4937409,-34.741792],[-58.4937409,-34.741792],[-58.483087,-34.7368506],[-58.4885256,-34.7391566],[-58.4776707,-34.7345024],[-58.477504,-34.7344286],[-58.4768165,-34.7341339],[-58.4746299,-34.7332895],[-58.4726909,-34.7322992],[-58.4744811,-34.7299242],[-58.4780503,-34.7251261],[-58.4762929,-34.7208819],[-58.4723145,-34.7172864],[-58.4683327,-34.7135055],[-58.4576264,-34.7092811],[-58.4641212,-34.712908],[-58.4576264,-34.7092811],[-58.4561753,-34.7090996],[-58.4535442,-34.7124519],[-58.4529703,-34.7127691],[-58.4528147,-34.7124825],[-58.4552774,-34.7094403],[-58.4543378,-34.7087644],[-58.4542188,-34.708268],[-58.4539296,-34.7075934],[-58.4537198,-34.7072859],[-58.4547475,-34.7066879],[-58.4553261,-34.7063958],[-58.4560316,-34.707174],[-58.4576404,-34.706726],[-58.4584931,-34.7059474],[-58.4596503,-34.7051093],[-58.4592339,-34.7041683],[-58.4547276,-34.6989303],[-58.451991,-34.695691],[-58.4500619,-34.6934067],[-58.4481783,-34.6911259],[-58.445266,-34.6875582],[-58.4444567,-34.686709],[-58.442099,-34.6839516],[-58.4409844,-34.6827758],[-58.4394631,-34.6825057],[-58.4387816,-34.6816374],[-58.4368526,-34.6811487],[-58.4365492,-34.6810394],[-58.4366653,-34.6807462],[-58.4371161,-34.6808047],[-58.438053,-34.6805449],[-58.4403076,-34.6791279],[-58.4405329,-34.6785285],[-58.4403083,-34.6779302],[-58.4397545,-34.6775552],[-58.4387124,-34.6773417],[-58.4373753,-34.6763906],[-58.4340463,-34.672611],[-58.4273711,-34.6646806],[-58.425441,-34.6628826],[-58.4230072,-34.6613028],[-58.4202404,-34.6601437],[-58.4225514,-34.6579749],[-58.4214448,-34.6566721],[-58.4193801,-34.6557808],[-58.4180021,-34.6552881],[-58.4163618,-34.6545513],[-58.4163424,-34.6524662],[-58.4163196,-34.6517783],[-58.4163106,-34.6506942],[-58.4163053,-34.649639],[-58.4161879,-34.6484123],[-58.4157242,-34.6475991],[-58.4142823,-34.6452325],[-58.4136366,-34.6438263],[-58.4131748,-34.6427997],[-58.4124615,-34.641096],[-58.4112508,-34.6380798],[-58.4104536,-34.6351412],[-58.4095496,-34.633145],[-58.4099767,-34.6287301],[-58.4102209,-34.6262939],[-58.4105761,-34.6228335],[-58.4108423,-34.620152],[-58.4110027,-34.6178479],[-58.4111548,-34.6153397],[-58.4116781,-34.6119049],[-58.411782,-34.6092851],[-58.410132,-34.609039],[-58.4089359,-34.6091091],[-58.4080426,-34.6093163],[-58.4078027,-34.6092952]]}},{"type":"Feature","properties":{"linea":"31","linea_nombre":"Línea 31","ramal":"Calle 11","sentido":"IDA","subgrupo":"Línea 31","subgrupo_detalle":"Ramal Calle 11","color_hex":"#2563eb","operador":"Rocaraza S.A.","cabecera_inicio":"","cabecera_fin":"Plaza Miserere","nombre":"Línea 31 - Calle 11 - IDA","numero":"31","categoria":"NACIONAL","subcategoria":"Calle 11","color":"#2563eb","descripcion":"Línea 31 - Ramal Calle 11: 9 de Abril → Once","network":"NACIONAL","routeId":"osm:17299068","source":"OpenStreetMap","license":"ODbL-1.0"},"geometry":{"type":"LineString","coordinates":[[-58.4937409,-34.741792],[-58.4885256,-34.7391566],[-58.4841122,-34.737279],[-58.4807122,-34.7358176],[-58.4806164,-34.7357729],[-58.4760781,-34.7338217],[-58.4746299,-34.7332895],[-58.4737654,-34.732864],[-58.4726909,-34.7322992],[-58.4668657,-34.727904],[-58.4668759,-34.7285446],[-58.4652493,-34.726042],[-58.4627747,-34.7246663],[-58.4623373,-34.720951],[-58.4653284,-34.7172296],[-58.4610082,-34.7148167],[-58.4533069,-34.7127395],[-58.4528165,-34.7126767],[-58.4544185,-34.7105135],[-58.4551432,-34.7092186],[-58.4541998,-34.7083328],[-58.4539296,-34.7075934],[-58.4538344,-34.7072192],[-58.454981,-34.7065521],[-58.4558814,-34.7070081],[-58.4570217,-34.7070104],[-58.4581473,-34.706382],[-58.4596503,-34.7051093],[-58.4591612,-34.7040851],[-58.4537697,-34.6977943],[-58.4506584,-34.6940896],[-58.4482319,-34.6912149],[-58.4455712,-34.6879255],[-58.4444567,-34.686709],[-58.4416876,-34.6834519],[-58.4401289,-34.6826645],[-58.43888,-34.6818475],[-58.4389971,-34.680361],[-58.4361484,-34.6768752],[-58.4330418,-34.6730236],[-58.4306933,-34.6703294],[-58.4268646,-34.6658654],[-58.424349,-34.6634808],[-58.4222694,-34.662081],[-58.4194593,-34.6609053],[-58.4168024,-34.6616129],[-58.4165662,-34.66065],[-58.4165055,-34.6622142],[-58.4170465,-34.6624484],[-58.4165194,-34.6588711],[-58.4163711,-34.656895],[-58.4163271,-34.6548612],[-58.4163491,-34.6527964],[-58.4163196,-34.6517783],[-58.4163122,-34.6503036],[-58.4163049,-34.6494295],[-58.4160336,-34.6480544],[-58.4145163,-34.6456792],[-58.4139584,-34.644548],[-58.4131748,-34.6427997],[-58.4123957,-34.6408991],[-58.4094647,-34.6402584],[-58.4104022,-34.6400645],[-58.4115951,-34.6394801],[-58.4086214,-34.640095],[-58.406386,-34.64001],[-58.4078085,-34.6400521],[-58.4053611,-34.6384169],[-58.4054952,-34.6377248],[-58.4057457,-34.6359002],[-58.4061269,-34.6336665],[-58.4095496,-34.633145],[-58.4100544,-34.6279872],[-58.4103507,-34.625117],[-58.410805,-34.6206236],[-58.4109924,-34.6185834],[-58.4111322,-34.6155118],[-58.4116781,-34.6119049],[-58.4117875,-34.6092169],[-58.4091763,-34.6090138],[-58.4085193,-34.6093528],[-58.4078027,-34.6092952]]}},{"type":"Feature","properties":{"linea":"31","linea_nombre":"Línea 31","ramal":"Expreso Calle 21","sentido":"IDA","subgrupo":"Línea 31","subgrupo_detalle":"Ramal Expreso Calle 21","color_hex":"#2563eb","operador":"Rocaraza S.A.","cabecera_inicio":"Plaza Miserere","cabecera_fin":"Olimpo y Ruta 4","nombre":"Línea 31 - Expreso Calle 21 - IDA","numero":"31","categoria":"NACIONAL","subcategoria":"Expreso Calle 21","color":"#2563eb","descripcion":"Línea 31 - Expreso Calle 21: Once → 9 de Abril","network":"NACIONAL","routeId":"osm:17863020","source":"OpenStreetMap","license":"ODbL-1.0"},"geometry":{"type":"LineString","coordinates":[[-58.4078027,-34.6092952],[-58.406824,-34.6092092],[-58.4062468,-34.6091859],[-58.4059872,-34.6094352],[-58.4062334,-34.6100386],[-58.407671,-34.610238],[-58.4088776,-34.6103243],[-58.410073,-34.6126933],[-58.4094685,-34.6165538],[-58.4093565,-34.6182899],[-58.4092804,-34.6198286],[-58.4090767,-34.6228687],[-58.4087834,-34.625541],[-58.4086481,-34.6268959],[-58.4093967,-34.6297877],[-58.4145115,-34.6310184],[-58.4160915,-34.6340463],[-58.4161916,-34.6373353],[-58.4161055,-34.6396228],[-58.4160999,-34.6425186],[-58.416126,-34.6441866],[-58.4161752,-34.6462711],[-58.4162103,-34.6481133],[-58.4163783,-34.6495067],[-58.4164015,-34.6505393],[-58.4164087,-34.6516783],[-58.4164153,-34.652246],[-58.4164362,-34.6537851],[-58.4173866,-34.6549768],[-58.4198517,-34.6557006],[-58.4228151,-34.6568252],[-58.4237592,-34.6573885],[-58.4233561,-34.6575091],[-58.4218847,-34.6586913],[-58.4218458,-34.6606268],[-58.4242526,-34.6618812],[-58.4261724,-34.6633204],[-58.430195,-34.6678052],[-58.4320695,-34.67005],[-58.434098,-34.672336],[-58.4358743,-34.673394],[-58.4360644,-34.6746642],[-58.4379225,-34.6763354],[-58.4398021,-34.6773038],[-58.4404653,-34.6779709],[-58.4406355,-34.6786486],[-58.4403043,-34.679269],[-58.4379937,-34.680698],[-58.4377755,-34.6811218],[-58.4387816,-34.6816374],[-58.4388348,-34.6816404],[-58.4394141,-34.6823472],[-58.4401474,-34.682587],[-58.4417716,-34.6834002],[-58.4465541,-34.6890737],[-58.4446192,-34.6867918],[-58.450161,-34.6933692],[-58.4528032,-34.6964994],[-58.4597487,-34.7044868],[-58.4598873,-34.7050382],[-58.4587831,-34.705844],[-58.4586911,-34.7060864],[-58.4592271,-34.7064669],[-58.4595322,-34.706765],[-58.4588298,-34.707758],[-58.4582183,-34.7077595],[-58.4572717,-34.7083124],[-58.4597875,-34.7104939],[-58.4662751,-34.7141181],[-58.4701636,-34.7152029],[-58.4739772,-34.7186741],[-58.4782072,-34.7225093],[-58.4732798,-34.7315036],[-58.4768716,-34.7267271],[-58.4726909,-34.7322992],[-58.4747683,-34.7333177],[-58.4754167,-34.7335529],[-58.4792623,-34.7351868],[-58.4820577,-34.7363957],[-58.4851645,-34.7377305],[-58.4909085,-34.7403726],[-58.4943658,-34.7420583]]}},{"type":"Feature","properties":{"linea":"31","linea_nombre":"Línea 31","ramal":"Expreso Calle 11","sentido":"IDA","subgrupo":"Línea 31","subgrupo_detalle":"Ramal Expreso Calle 11","color_hex":"#2563eb","operador":"Rocaraza S.A.","cabecera_inicio":"Plaza Miserere","cabecera_fin":"Olimpo y Ruta 4","nombre":"Línea 31 - Expreso Calle 11 - IDA","numero":"31","categoria":"NACIONAL","subcategoria":"Expreso Calle 11","color":"#2563eb","descripcion":"Línea 31 - Expreso Calle 11: Once → 9 de Abril","network":"NACIONAL","routeId":"osm:17863019","source":"OpenStreetMap","license":"ODbL-1.0"},"geometry":{"type":"LineString","coordinates":[[-58.4078027,-34.6092952],[-58.406824,-34.6092092],[-58.4062468,-34.6091859],[-58.4059872,-34.6094352],[-58.4062334,-34.6100386],[-58.407671,-34.610238],[-58.4088776,-34.6103243],[-58.410073,-34.6126933],[-58.4094685,-34.6165538],[-58.4093565,-34.6182899],[-58.4092804,-34.6198286],[-58.4090767,-34.6228687],[-58.4087834,-34.625541],[-58.4086481,-34.6268959],[-58.4093967,-34.6297877],[-58.4145115,-34.6310184],[-58.4160915,-34.6340463],[-58.4161916,-34.6373353],[-58.4161055,-34.6396228],[-58.4160999,-34.6425186],[-58.416126,-34.6441866],[-58.4161752,-34.6462711],[-58.4162103,-34.6481133],[-58.4163783,-34.6495067],[-58.4164015,-34.6505393],[-58.4164087,-34.6516783],[-58.4164153,-34.652246],[-58.4164362,-34.6537851],[-58.4173866,-34.6549768],[-58.4198517,-34.6557006],[-58.4228151,-34.6568252],[-58.4237592,-34.6573885],[-58.4233561,-34.6575091],[-58.4218847,-34.6586913],[-58.4218458,-34.6606268],[-58.4242526,-34.6618812],[-58.4261724,-34.6633204],[-58.430195,-34.6678052],[-58.4320695,-34.67005],[-58.434098,-34.672336],[-58.4358743,-34.673394],[-58.4360644,-34.6746642],[-58.4379225,-34.6763354],[-58.4398021,-34.6773038],[-58.4404653,-34.6779709],[-58.4406355,-34.6786486],[-58.4403043,-34.679269],[-58.4379937,-34.680698],[-58.4377755,-34.6811218],[-58.4387816,-34.6816374],[-58.4388348,-34.6816404],[-58.4394141,-34.6823472],[-58.4401474,-34.682587],[-58.4417716,-34.6834002],[-58.4465541,-34.6890737],[-58.4446192,-34.6867918],[-58.450161,-34.6933692],[-58.4528032,-34.6964994],[-58.4597487,-34.7044868],[-58.4598873,-34.7050382],[-58.4587831,-34.705844],[-58.4586911,-34.7060864],[-58.4592271,-34.7064669],[-58.4595322,-34.706765],[-58.4588298,-34.707758],[-58.4582183,-34.7077595],[-58.4572717,-34.7083124],[-58.4561753,-34.7090996],[-58.4556066,-34.7117982],[-58.4620822,-34.7154234],[-58.4636696,-34.7193],[-58.4633525,-34.7197044],[-58.4639957,-34.7253427],[-58.46586,-34.7263809],[-58.4669409,-34.7281175],[-58.4664732,-34.7291123],[-58.4726909,-34.7322992],[-58.4747683,-34.7333177],[-58.4754167,-34.7335529],[-58.4792623,-34.7351868],[-58.4820577,-34.7363957],[-58.4851645,-34.7377305],[-58.4909085,-34.7403726],[-58.4943658,-34.7420583]]}},{"type":"Feature","properties":{"linea":"31","linea_nombre":"Línea 31","ramal":"Calle 21","sentido":"IDA","subgrupo":"Línea 31","subgrupo_detalle":"Ramal Calle 21","color_hex":"#2563eb","operador":"Rocaraza S.A.","cabecera_inicio":"","cabecera_fin":"Plaza Miserere","nombre":"Línea 31 - Calle 21 - IDA","numero":"31","categoria":"NACIONAL","subcategoria":"Calle 21","color":"#2563eb","descripcion":"Línea 31 - Ramal Calle 21: 9 de Abril → Once","network":"NACIONAL","routeId":"osm:17257815","source":"OpenStreetMap","license":"ODbL-1.0"},"geometry":{"type":"LineString","coordinates":[[-58.4937409,-34.741792],[-58.4885256,-34.7391566],[-58.4841122,-34.737279],[-58.4807122,-34.7358176],[-58.4806164,-34.7357729],[-58.4760781,-34.7338217],[-58.4746299,-34.7332895],[-58.4737654,-34.732864],[-58.4756892,-34.7283128],[-58.4792342,-34.7235631],[-58.4738225,-34.7186421],[-58.4693876,-34.7145143],[-58.4576264,-34.7092811],[-58.4652011,-34.7135179],[-58.4565552,-34.7088327],[-58.4555131,-34.7099297],[-58.4531388,-34.7127997],[-58.4527835,-34.7125374],[-58.4552774,-34.7094403],[-58.4542772,-34.7086887],[-58.454215,-34.7079459],[-58.4537563,-34.7073981],[-58.4543366,-34.706927],[-58.4552918,-34.7063888],[-58.4560316,-34.707174],[-58.4578107,-34.7066667],[-58.4586366,-34.7058143],[-58.4595591,-34.7046999],[-58.4573101,-34.7019588],[-58.4522276,-34.6959867],[-58.4500619,-34.6934067],[-58.4480721,-34.6908628],[-58.4447522,-34.6869441],[-58.4438731,-34.6860478],[-58.4411294,-34.6828167],[-58.4395694,-34.682564],[-58.4387816,-34.6816374],[-58.4389104,-34.6801787],[-58.4353692,-34.675786],[-58.4310453,-34.6706531],[-58.429589,-34.669092],[-58.4256702,-34.6645967],[-58.4237271,-34.6630406],[-58.4210254,-34.6614846],[-58.417082,-34.6602105],[-58.4166729,-34.6610123],[-58.4168024,-34.6616129],[-58.4168898,-34.6624718],[-58.4169048,-34.6612726],[-58.4164658,-34.6580553],[-58.4163748,-34.6564544],[-58.4163586,-34.6538832],[-58.4163385,-34.6523763],[-58.4163111,-34.6510572],[-58.4163057,-34.6498538],[-58.4161957,-34.6485268],[-58.4157242,-34.6475991],[-58.414156,-34.6449682],[-58.4134383,-34.6434137],[-58.4127733,-34.6418828],[-58.4088902,-34.6401794],[-58.4098496,-34.6402316],[-58.4110426,-34.6396915],[-58.4078085,-34.6400521],[-58.4056685,-34.639775],[-58.4069326,-34.6400945],[-58.4052638,-34.6397092],[-58.4054242,-34.6380931],[-58.4055415,-34.6374851],[-58.4060049,-34.6337902],[-58.4091377,-34.6345995],[-58.4097321,-34.6312249],[-58.4101587,-34.6269544],[-58.4105714,-34.6228931],[-58.4108423,-34.620152],[-58.4110018,-34.6167172],[-58.4114247,-34.6132798],[-58.4117208,-34.6108598],[-58.4102393,-34.6090715],[-58.4089749,-34.6090828],[-58.4080426,-34.6093163],[-58.4078027,-34.6092952]]}},{"type":"Feature","properties":{"linea":"31","linea_nombre":"Línea 31","ramal":"Calle 21","sentido":"IDA","subgrupo":"Línea 31","subgrupo_detalle":"Ramal Calle 21","color_hex":"#2563eb","operador":"Rocaraza S.A.","cabecera_inicio":"Plaza Miserere","cabecera_fin":"","nombre":"Línea 31 - Calle 21 - IDA","numero":"31","categoria":"NACIONAL","subcategoria":"Calle 21","color":"#2563eb","descripcion":"Línea 31 - Ramal Calle 21: Once → 9 de Abril","network":"NACIONAL","routeId":"osm:17257405","source":"OpenStreetMap","license":"ODbL-1.0"},"geometry":{"type":"LineString","coordinates":[[-58.4073302,-34.6092542],[-58.4065276,-34.6091846],[-58.4061775,-34.6092294],[-58.4060324,-34.6097495],[-58.4064474,-34.6101461],[-58.4079555,-34.610262],[-58.4102883,-34.6111971],[-58.4097698,-34.6147222],[-58.4094505,-34.6167127],[-58.4093358,-34.6186463],[-58.4092131,-34.6212449],[-58.4090152,-34.6234794],[-58.408733,-34.6260177],[-58.4084817,-34.6283309],[-58.4081114,-34.6320101],[-58.4079041,-34.63409],[-58.4076915,-34.6362379],[-58.4089738,-34.6382287],[-58.4086219,-34.6392592],[-58.4088511,-34.6400483],[-58.4091746,-34.6419079],[-58.4102894,-34.6428736],[-58.4117184,-34.6429594],[-58.413077,-34.6425758],[-58.41568,-34.6422392],[-58.4161112,-34.6432577],[-58.416146,-34.6452816],[-58.4161863,-34.6473452],[-58.4164362,-34.6491087],[-58.416396,-34.6498532],[-58.4163989,-34.6509157],[-58.4164139,-34.651865],[-58.4164245,-34.6532114],[-58.4165704,-34.6547482],[-58.4165677,-34.6573286],[-58.4170284,-34.6612567],[-58.4177532,-34.6625811],[-58.4218409,-34.6625578],[-58.4223864,-34.6621489],[-58.4240199,-34.6631225],[-58.4256943,-34.6644709],[-58.4284995,-34.66761],[-58.4309399,-34.6705292],[-58.4353692,-34.675786],[-58.4357642,-34.6762761],[-58.4391069,-34.6803343],[-58.4389092,-34.6817161],[-58.4396126,-34.6824936],[-58.441177,-34.682756],[-58.4434588,-34.6854094],[-58.445266,-34.6875582],[-58.4465541,-34.6890737],[-58.4509351,-34.6942864],[-58.4588677,-34.7034845],[-58.4599161,-34.7048045],[-58.4597154,-34.7052596],[-58.4586814,-34.7059596],[-58.4588512,-34.7062525],[-58.459478,-34.7066424],[-58.4594322,-34.7070143],[-58.4586114,-34.7078362],[-58.4578684,-34.7078219],[-58.4568717,-34.7088549],[-58.4630283,-34.7122852],[-58.4683327,-34.7135055],[-58.4723838,-34.7172342],[-58.4750078,-34.7196142],[-58.4792342,-34.7235631],[-58.475084,-34.7291116],[-58.4786511,-34.7243385],[-58.4745719,-34.7332742],[-58.4749264,-34.7333583],[-58.477504,-34.7344286],[-58.4807122,-34.7358176],[-58.483087,-34.7368506],[-58.4885256,-34.7391566],[-58.4941686,-34.7420225],[-58.4943658,-34.7420583]]}},{"type":"Feature","properties":{"linea":"31","linea_nombre":"Línea 31","ramal":"Calle 11","sentido":"IDA","subgrupo":"Línea 31","subgrupo_detalle":"Ramal Calle 11","color_hex":"#2563eb","operador":"Rocaraza S.A.","cabecera_inicio":"Plaza Miserere","cabecera_fin":"Olimpo y Ruta 4","nombre":"Línea 31 - Calle 11 - IDA","numero":"31","categoria":"NACIONAL","subcategoria":"Calle 11","color":"#2563eb","descripcion":"Línea 31 - Ramal Calle 11: Once → 9 de Abril","network":"NACIONAL","routeId":"osm:17299069","source":"OpenStreetMap","license":"ODbL-1.0"},"geometry":{"type":"LineString","coordinates":[[-58.4075641,-34.6092727],[-58.406672,-34.6091952],[-58.4062076,-34.60921],[-58.4059746,-34.6096186],[-58.4063036,-34.6100796],[-58.4079068,-34.6102579],[-58.4103578,-34.6104454],[-58.409874,-34.6139941],[-58.4094579,-34.6166148],[-58.4093426,-34.6185203],[-58.4092714,-34.6200198],[-58.4090624,-34.6230104],[-58.4087729,-34.6256407],[-58.4085989,-34.6273204],[-58.4081976,-34.6308729],[-58.4079127,-34.6340012],[-58.4076993,-34.6361513],[-58.4090419,-34.6378191],[-58.408708,-34.6390631],[-58.408818,-34.6399319],[-58.4091343,-34.6416737],[-58.4100681,-34.6428447],[-58.4115375,-34.6429999],[-58.4131748,-34.6427997],[-58.415513,-34.6422761],[-58.4161104,-34.6431407],[-58.4161394,-34.6450505],[-58.4161851,-34.6471025],[-58.4163997,-34.6485402],[-58.416388,-34.6497268],[-58.4164037,-34.6508182],[-58.4164076,-34.6517798],[-58.4164196,-34.6530907],[-58.4164526,-34.6545602],[-58.4166051,-34.6571507],[-58.4168997,-34.6607017],[-58.4176749,-34.6625252],[-58.4217838,-34.6625722],[-58.4222694,-34.662081],[-58.423791,-34.662965],[-58.4253642,-34.6641604],[-58.4281726,-34.6672124],[-58.431017,-34.6706196],[-58.4357642,-34.6762761],[-58.432226,-34.6720435],[-58.4391004,-34.6802793],[-58.4388933,-34.6816776],[-58.4395382,-34.6824511],[-58.4410832,-34.6827212],[-58.442796,-34.6846233],[-58.4455712,-34.6879255],[-58.4476424,-34.6903436],[-58.4518596,-34.6953855],[-58.4585502,-34.7031995],[-58.4598907,-34.7047071],[-58.4597972,-34.7051924],[-58.4586968,-34.7059253],[-58.4587617,-34.7061871],[-58.4594432,-34.7065991],[-58.4595314,-34.7068866],[-58.4587079,-34.7078177],[-58.4579784,-34.7077756],[-58.4565552,-34.7088327],[-58.4559689,-34.7093643],[-58.4577689,-34.7130109],[-58.4642515,-34.716635],[-58.463925,-34.7189832],[-58.463624,-34.721668],[-58.4652493,-34.726042],[-58.4662984,-34.7270642],[-58.4669271,-34.7283747],[-58.4686291,-34.7302101],[-58.4744872,-34.7332371],[-58.4748403,-34.733331],[-58.4768165,-34.7341339],[-58.4806164,-34.7357729],[-58.4828133,-34.7367221],[-58.4873895,-34.7386716],[-58.4937409,-34.741792],[-58.4943658,-34.7420583]]}},{"type":"Feature","properties":{"linea":"31","linea_nombre":"Línea 31","ramal":"Expreso Calle 11","sentido":"IDA","subgrupo":"Línea 31","subgrupo_detalle":"Ramal Expreso Calle 11","color_hex":"#2563eb","operador":"Rocaraza S.A.","cabecera_inicio":"","cabecera_fin":"Plaza Miserere","nombre":"Línea 31 - Expreso Calle 11 - IDA","numero":"31","categoria":"NACIONAL","subcategoria":"Expreso Calle 11","color":"#2563eb","descripcion":"Línea 31 - Expreso Calle 11: 9 de Abril → Once","network":"NACIONAL","routeId":"osm:17863017","source":"OpenStreetMap","license":"ODbL-1.0"},"geometry":{"type":"LineString","coordinates":[[-58.4937409,-34.741792],[-58.4937409,-34.741792],[-58.483087,-34.7368506],[-58.4885256,-34.7391566],[-58.4776707,-34.7345024],[-58.477504,-34.7344286],[-58.4768165,-34.7341339],[-58.4746299,-34.7332895],[-58.4726909,-34.7322992],[-58.4708589,-34.73136],[-58.4668318,-34.7286164],[-58.4669409,-34.7281175],[-58.4653873,-34.7261186],[-58.4653651,-34.7261075],[-58.4627747,-34.7246663],[-58.463624,-34.721668],[-58.463925,-34.7189832],[-58.4577689,-34.7130109],[-58.4642515,-34.716635],[-58.4532038,-34.7127872],[-58.4527821,-34.7126284],[-58.4544185,-34.7105135],[-58.4552459,-34.7093155],[-58.4542026,-34.7085226],[-58.4541455,-34.7078505],[-58.4537563,-34.7073981],[-58.4541225,-34.7070516],[-58.4551521,-34.7064524],[-58.4558814,-34.7070081],[-58.4566649,-34.707147],[-58.4579757,-34.7065731],[-58.4595478,-34.7052359],[-58.4595591,-34.7046999],[-58.4579218,-34.7026576],[-58.4531471,-34.6970606],[-58.4506584,-34.6940896],[-58.4484841,-34.6915084],[-58.4465541,-34.6890737],[-58.4446192,-34.6867918],[-58.4438731,-34.6860478],[-58.4411783,-34.6828495],[-58.4398366,-34.6826226],[-58.43888,-34.6818475],[-58.4374739,-34.6813185],[-58.4366663,-34.681118],[-58.4365251,-34.6808648],[-58.43686,-34.6807528],[-58.4375064,-34.6807563],[-58.4400127,-34.6793732],[-58.4404672,-34.6788676],[-58.4404746,-34.6782478],[-58.4400663,-34.6777051],[-58.4393863,-34.6774807],[-58.4382443,-34.6771427],[-58.436048,-34.6749932],[-58.4284365,-34.6659255],[-58.4262685,-34.6635731],[-58.4243078,-34.6620738],[-58.4213064,-34.6605178],[-58.4203923,-34.6599091],[-58.4231618,-34.6573584],[-58.419721,-34.6559546],[-58.4183232,-34.6553484],[-58.4168272,-34.6549147],[-58.4163535,-34.6533174],[-58.4163368,-34.6523489],[-58.4163111,-34.6510572],[-58.4163064,-34.649894],[-58.4162101,-34.6491075],[-58.4160336,-34.6480544],[-58.415327,-34.6470077],[-58.4140968,-34.6448443],[-58.413349,-34.6432055],[-58.4127733,-34.6418828],[-58.4118176,-34.6395586],[-58.4105159,-34.6356989],[-58.4093389,-34.6347097],[-58.4097321,-34.6312249],[-58.4101138,-34.627432],[-58.410392,-34.6247586],[-58.410805,-34.6206236],[-58.4109955,-34.6190067],[-58.4110094,-34.6165802],[-58.4114313,-34.6132359],[-58.4117208,-34.6108598],[-58.4102823,-34.6090928],[-58.4090952,-34.6090249],[-58.4085193,-34.6093528],[-58.4078027,-34.6092952]]}},{"type":"Feature","properties":{"linea":"318","linea_nombre":"Línea 318","ramal":"R","sentido":"VUELTA","subgrupo":"Línea 318","subgrupo_detalle":"Ramal R","color_hex":"#2563eb","operador":"Micro Ómnibus Mitre S.A.","cabecera_inicio":"Rodríguez y Falucho","cabecera_fin":"Puente La Noria","nombre":"Línea 318 - R - VUELTA","numero":"318","categoria":"PROVINCIAL","subcategoria":"R","color":"#2563eb","descripcion":"Línea 318: La Noria → Rodíguez y Falucho","network":"PROVINCIAL","routeId":"osm:8312060,8314177","source":"OpenStreetMap","license":"ODbL-1.0"},"geometry":{"type":"LineString","coordinates":[[-58.444729,-34.741535],[-58.450746,-34.744859]]}},{"type":"Feature","properties":{"linea":"318","linea_nombre":"Línea 318","ramal":"R","sentido":"VUELTA","subgrupo":"Línea 318","subgrupo_detalle":"Ramal R","color_hex":"#2563eb","operador":"Micro Ómnibus Mitre S.A.","cabecera_inicio":"Rodríguez y Falucho","cabecera_fin":"Puente La Noria","nombre":"Línea 318 - R - VUELTA","numero":"318","categoria":"PROVINCIAL","subcategoria":"R","color":"#2563eb","descripcion":"Línea 318: La Noria → Rodíguez y Falucho","network":"PROVINCIAL","routeId":"osm:8312060,8314177","source":"OpenStreetMap","license":"ODbL-1.0"},"geometry":{"type":"LineString","coordinates":[[-58.444729,-34.741535],[-58.434529,-34.735877],[-58.435254,-34.734807],[-58.444641,-34.722472],[-58.448517,-34.717884],[-58.448894,-34.717272],[-58.449734,-34.716211],[-58.451099,-34.714647],[-58.451287,-34.714628],[-58.451524,-34.714429],[-58.453476,-34.712002],[-58.454418,-34.710513],[-58.455277,-34.70944],[-58.455143,-34.709219],[-58.454277,-34.708689],[-58.454185,-34.708434],[-58.454215,-34.707946],[-58.45393,-34.707593],[-58.455153,-34.706858]]}},{"type":"Feature","properties":{"linea":"318","linea_nombre":"Línea 318","ramal":"A","sentido":"IDA","subgrupo":"Línea 318","subgrupo_detalle":"Ramal A","color_hex":"#2563eb","operador":"Micro Ómnibus Mitre S.A.","cabecera_inicio":"Claypole","cabecera_fin":"Terminal La Noria","nombre":"Línea 318 - A - IDA","numero":"318","categoria":"PROVINCIAL","subcategoria":"A","color":"#2563eb","descripcion":"Línea 318 - Ramal A: Claypole → La Noria","network":"PROVINCIAL","routeId":"osm:5956323,8312362","source":"OpenStreetMap","license":"ODbL-1.0"},"geometry":{"type":"LineString","coordinates":[[-58.33698,-34.802061],[-58.3376,-34.801923],[-58.336526,-34.802157],[-58.335342,-34.803266],[-58.338723,-34.805126],[-58.338128,-34.805888],[-58.338571,-34.80613],[-58.33475,-34.810891],[-58.336208,-34.815889],[-58.342219,-34.818934],[-58.347927,-34.817808],[-58.34796,-34.817923],[-58.347217,-34.818072],[-58.348264,-34.821652],[-58.344073,-34.822526],[-58.349838,-34.825431],[-58.354913,-34.81868],[-58.355436,-34.818081],[-58.35437,-34.817503],[-58.355949,-34.815557],[-58.364857,-34.820598],[-58.372816,-34.824874],[-58.379113,-34.816983],[-58.378767,-34.816795],[-58.379367,-34.812877],[-58.38154,-34.809967],[-58.381889,-34.810142],[-58.384118,-34.806747],[-58.388646,-34.809261],[-58.388722,-34.800876],[-58.388459,-34.80061],[-58.388427,-34.800474],[-58.388682,-34.800123],[-58.388841,-34.791038],[-58.396165,-34.795039],[-58.394514,-34.797113],[-58.394432,-34.797413],[-58.39624,-34.79847],[-58.395445,-34.799478],[-58.398029,-34.80104],[-58.395947,-34.803703],[-58.398149,-34.805],[-58.395614,-34.80807],[-58.397818,-34.809368],[-58.400415,-34.810777],[-58.407733,-34.801079],[-58.407749,-34.7997],[-58.408377,-34.797755],[-58.408963,-34.795561],[-58.409055,-34.792527],[-58.407276,-34.784644],[-58.400927,-34.781276],[-58.402608,-34.779171],[-58.397947,-34.776649],[-58.396808,-34.776102],[-58.396913,-34.775016],[-58.397029,-34.774934],[-58.397383,-34.774916],[-58.397529,-34.7748],[-58.398631,-34.764095],[-58.398665,-34.763369],[-58.398038,-34.759769],[-58.402252,-34.759216],[-58.400706,-34.752137],[-58.396635,-34.731823],[-58.395337,-34.731979],[-58.395626,-34.733232],[-58.397004,-34.733011],[-58.397244,-34.734148],[-58.402818,-34.733182],[-58.403061,-34.73437],[-58.40887,-34.733427],[-58.413177,-34.732832],[-58.413335,-34.732736],[-58.41773,-34.726846],[-58.434529,-34.735877],[-58.435254,-34.734807],[-58.444641,-34.722472],[-58.448517,-34.717884],[-58.448894,-34.717272],[-58.449734,-34.716211],[-58.451099,-34.714647],[-58.451287,-34.714628],[-58.451524,-34.714429],[-58.453476,-34.712002],[-58.454418,-34.710513],[-58.455277,-34.70944],[-58.455143,-34.709219],[-58.454277,-34.708689],[-58.454185,-34.708434],[-58.454215,-34.707946],[-58.45393,-34.707593],[-58.455153,-34.706858]]}},{"type":"Feature","properties":{"linea":"318","linea_nombre":"Línea 318","ramal":"A","sentido":"VUELTA","subgrupo":"Línea 318","subgrupo_detalle":"Ramal A","color_hex":"#2563eb","operador":"Micro Ómnibus Mitre S.A.","cabecera_inicio":"Terminal La Noria","cabecera_fin":"Claypole","nombre":"Línea 318 - A - VUELTA","numero":"318","categoria":"PROVINCIAL","subcategoria":"A","color":"#2563eb","descripcion":"Línea 318 - Ramal A: Claypole → La Noria","network":"PROVINCIAL","routeId":"osm:5956323,8312362","source":"OpenStreetMap","license":"ODbL-1.0"},"geometry":{"type":"LineString","coordinates":[[-58.455153,-34.706858],[-58.455393,-34.706714],[-58.455931,-34.707381],[-58.457022,-34.70701],[-58.457249,-34.707035],[-58.457776,-34.707529],[-58.45782,-34.707682],[-58.457657,-34.707972],[-58.457272,-34.708312],[-58.456175,-34.7091],[-58.454666,-34.710986],[-58.453767,-34.711844],[-58.452737,-34.71309],[-58.451657,-34.71447],[-58.45153,-34.714905],[-58.450461,-34.716292],[-58.442587,-34.726159],[-58.434968,-34.736115],[-58.418868,-34.727454],[-58.418282,-34.728247],[-58.417114,-34.727663],[-58.413237,-34.732812],[-58.40887,-34.733427],[-58.397479,-34.735278],[-58.401316,-34.754472],[-58.402786,-34.754271],[-58.403269,-34.756634],[-58.40033,-34.757048],[-58.400864,-34.759401],[-58.401667,-34.76422],[-58.402202,-34.76659],[-58.398392,-34.766448],[-58.397787,-34.772637],[-58.397088,-34.778182],[-58.401514,-34.780542],[-58.401699,-34.780312],[-58.405132,-34.78217],[-58.405644,-34.783601],[-58.405887,-34.783619],[-58.40605,-34.783737],[-58.407143,-34.783562],[-58.409155,-34.792535],[-58.409073,-34.795562],[-58.408464,-34.797799],[-58.407828,-34.799714],[-58.407843,-34.801058],[-58.40319,-34.807249],[-58.40642,-34.808858],[-58.402763,-34.813766],[-58.399405,-34.81207],[-58.402864,-34.807509],[-58.400475,-34.806275],[-58.400226,-34.806313],[-58.400125,-34.806093],[-58.395947,-34.803703],[-58.396981,-34.802347],[-58.395295,-34.801344],[-58.396377,-34.800028],[-58.393401,-34.798305],[-58.390719,-34.801645],[-58.388916,-34.800612],[-58.388692,-34.80072],[-58.388459,-34.80061],[-58.388453,-34.800407],[-58.388682,-34.800123],[-58.388703,-34.797615],[-58.38828,-34.797564],[-58.385275,-34.80106],[-58.385367,-34.801421],[-58.385159,-34.801583],[-58.385586,-34.803542],[-58.385829,-34.803683],[-58.380858,-34.80961],[-58.38154,-34.809967],[-58.37934,-34.812953],[-58.378767,-34.816795],[-58.379113,-34.816983],[-58.371431,-34.82663],[-58.355436,-34.818081],[-58.354913,-34.81868],[-58.349838,-34.825431],[-58.344073,-34.822526],[-58.348264,-34.821652],[-58.347217,-34.818072],[-58.342138,-34.819049],[-58.33619,-34.81605],[-58.33606,-34.815916],[-58.334583,-34.810891],[-58.338446,-34.806061],[-58.338128,-34.805888],[-58.338723,-34.805126],[-58.335342,-34.803266],[-58.336526,-34.802157],[-58.3376,-34.801923]]}},{"type":"Feature","properties":{"linea":"318","linea_nombre":"Línea 318","ramal":"B","sentido":"IDA","subgrupo":"Línea 318","subgrupo_detalle":"Ramal B","color_hex":"#2563eb","operador":"Micro Ómnibus Mitre S.A.","cabecera_inicio":"","cabecera_fin":"Terminal La Noria","nombre":"Línea 318 - B - IDA","numero":"318","categoria":"PROVINCIAL","subcategoria":"B","color":"#2563eb","descripcion":"Línea 318 - Ramal B: Claypole → La Noria","network":"PROVINCIAL","routeId":"osm:8312061,8314640","source":"OpenStreetMap","license":"ODbL-1.0"},"geometry":{"type":"LineString","coordinates":[[-58.33698,-34.802061],[-58.3376,-34.801923],[-58.336526,-34.802157],[-58.335342,-34.803266],[-58.338723,-34.805126],[-58.338128,-34.805888],[-58.338571,-34.80613],[-58.33475,-34.810891],[-58.336208,-34.815889],[-58.342219,-34.818934],[-58.347927,-34.817808],[-58.34796,-34.817923],[-58.347217,-34.818072],[-58.348264,-34.821652],[-58.344073,-34.822526],[-58.349838,-34.825431],[-58.354913,-34.81868],[-58.355436,-34.818081],[-58.35437,-34.817503],[-58.355949,-34.815557],[-58.364857,-34.820598],[-58.386053,-34.831962],[-58.388204,-34.8279],[-58.391586,-34.828185],[-58.391726,-34.826787],[-58.391622,-34.826619],[-58.39172,-34.825546],[-58.39185,-34.825489],[-58.391892,-34.825091],[-58.393182,-34.825174],[-58.392254,-34.833969],[-58.394768,-34.834172],[-58.3946,-34.835654],[-58.394749,-34.83576],[-58.395853,-34.835862],[-58.396398,-34.835843],[-58.400462,-34.835215],[-58.400958,-34.834927],[-58.401517,-34.835042],[-58.404114,-34.834685],[-58.40571,-34.834541],[-58.40936,-34.833978],[-58.410196,-34.83378],[-58.411141,-34.833406],[-58.411888,-34.832931],[-58.41657,-34.829198],[-58.423221,-34.823779],[-58.423095,-34.823721],[-58.428091,-34.816898],[-58.428356,-34.816277],[-58.429061,-34.815318],[-58.42821,-34.814901],[-58.43048,-34.811881],[-58.432095,-34.812701],[-58.434845,-34.809053],[-58.427757,-34.805444],[-58.431078,-34.801071],[-58.414717,-34.792782],[-58.408308,-34.789231],[-58.407276,-34.784644],[-58.400927,-34.781276],[-58.402608,-34.779171],[-58.397947,-34.776649],[-58.396808,-34.776102],[-58.396913,-34.775016],[-58.397029,-34.774934],[-58.397383,-34.774916],[-58.397529,-34.7748],[-58.398631,-34.764095],[-58.398665,-34.763369],[-58.398038,-34.759769],[-58.402252,-34.759216],[-58.400706,-34.752137],[-58.396635,-34.731823],[-58.395337,-34.731979],[-58.395626,-34.733232],[-58.397004,-34.733011],[-58.397244,-34.734148],[-58.402818,-34.733182],[-58.403061,-34.73437],[-58.40887,-34.733427],[-58.413177,-34.732832],[-58.413335,-34.732736],[-58.41773,-34.726846],[-58.434529,-34.735877],[-58.435254,-34.734807],[-58.444641,-34.722472],[-58.448517,-34.717884],[-58.448894,-34.717272],[-58.449734,-34.716211],[-58.451099,-34.714647],[-58.451287,-34.714628],[-58.451524,-34.714429],[-58.453476,-34.712002],[-58.454418,-34.710513],[-58.455277,-34.70944],[-58.455143,-34.709219],[-58.454277,-34.708689],[-58.454185,-34.708434],[-58.454215,-34.707946],[-58.45393,-34.707593],[-58.455153,-34.706858]]}},{"type":"Feature","properties":{"linea":"318","linea_nombre":"Línea 318","ramal":"B","sentido":"VUELTA","subgrupo":"Línea 318","subgrupo_detalle":"Ramal B","color_hex":"#2563eb","operador":"Micro Ómnibus Mitre S.A.","cabecera_inicio":"Terminal La Noria","cabecera_fin":"Claypole","nombre":"Línea 318 - B - VUELTA","numero":"318","categoria":"PROVINCIAL","subcategoria":"B","color":"#2563eb","descripcion":"Línea 318 - Ramal B: Claypole → La Noria","network":"PROVINCIAL","routeId":"osm:8312061,8314640","source":"OpenStreetMap","license":"ODbL-1.0"},"geometry":{"type":"LineString","coordinates":[[-58.455153,-34.706858],[-58.455393,-34.706714],[-58.455931,-34.707381],[-58.457022,-34.70701],[-58.457249,-34.707035],[-58.457776,-34.707529],[-58.45782,-34.707682],[-58.457657,-34.707972],[-58.457272,-34.708312],[-58.456175,-34.7091],[-58.454666,-34.710986],[-58.453767,-34.711844],[-58.452737,-34.71309],[-58.451657,-34.71447],[-58.45153,-34.714905],[-58.450461,-34.716292],[-58.442587,-34.726159],[-58.434968,-34.736115],[-58.418868,-34.727454],[-58.418282,-34.728247],[-58.417114,-34.727663],[-58.413237,-34.732812],[-58.40887,-34.733427],[-58.397479,-34.735278],[-58.401316,-34.754472],[-58.402786,-34.754271],[-58.403269,-34.756634],[-58.40033,-34.757048],[-58.400864,-34.759401],[-58.401667,-34.76422],[-58.402202,-34.76659],[-58.398392,-34.766448],[-58.397787,-34.772637],[-58.397088,-34.778182],[-58.401514,-34.780542],[-58.401699,-34.780312],[-58.405132,-34.78217],[-58.405644,-34.783601],[-58.405887,-34.783619],[-58.40605,-34.783737],[-58.407143,-34.783562],[-58.408436,-34.789298],[-58.414717,-34.792782],[-58.432206,-34.801636],[-58.431413,-34.802635],[-58.430298,-34.80209],[-58.427757,-34.805444],[-58.434845,-34.809053],[-58.432095,-34.812701],[-58.43048,-34.811881],[-58.425289,-34.818872],[-58.424839,-34.819905],[-58.424003,-34.821064],[-58.425703,-34.821928],[-58.424004,-34.823315],[-58.41247,-34.832608],[-58.411207,-34.833478],[-58.410259,-34.833856],[-58.40938,-34.83406],[-58.401792,-34.835262],[-58.401401,-34.835379],[-58.401231,-34.835537],[-58.401013,-34.835567],[-58.40071,-34.835359],[-58.400687,-34.835129],[-58.400826,-34.834992],[-58.400555,-34.833833],[-58.399298,-34.830301],[-58.393942,-34.829943],[-58.394098,-34.82838],[-58.391586,-34.828185],[-58.391726,-34.826787],[-58.391622,-34.826619],[-58.39172,-34.825546],[-58.39185,-34.825489],[-58.392282,-34.821943],[-58.390857,-34.82131],[-58.390645,-34.823238],[-58.390771,-34.823334],[-58.390837,-34.823538],[-58.390763,-34.824249],[-58.39055,-34.824353],[-58.390528,-34.824587],[-58.388927,-34.824469],[-58.388297,-34.827697],[-58.385407,-34.833418],[-58.385368,-34.833589],[-58.385477,-34.83403],[-58.385259,-34.834236],[-58.385013,-34.834251],[-58.384831,-34.834161],[-58.384463,-34.83362],[-58.38414,-34.833413],[-58.355436,-34.818081],[-58.354913,-34.81868],[-58.349838,-34.825431],[-58.344073,-34.822526],[-58.348264,-34.821652],[-58.347217,-34.818072],[-58.342138,-34.819049],[-58.33619,-34.81605],[-58.33606,-34.815916],[-58.334583,-34.810891],[-58.338446,-34.806061],[-58.338128,-34.805888],[-58.338723,-34.805126],[-58.335342,-34.803266],[-58.336526,-34.802157],[-58.3376,-34.801923]]}},{"type":"Feature","properties":{"linea":"318","linea_nombre":"Línea 318","ramal":"M","sentido":"IDA","subgrupo":"Línea 318","subgrupo_detalle":"Ramal M","color_hex":"#2563eb","operador":"Micro Ómnibus Mitre S.A.","cabecera_inicio":"Monte Grande","cabecera_fin":"Terminal La Noria","nombre":"Línea 318 - M - IDA","numero":"318","categoria":"PROVINCIAL","subcategoria":"M","color":"#2563eb","descripcion":"Línea 318: Monte Grande → La Noria","network":"PROVINCIAL","routeId":"osm:8312363,8314639","source":"OpenStreetMap","license":"ODbL-1.0"},"geometry":{"type":"LineString","coordinates":[[-58.439095,-34.841024],[-58.446649,-34.844787],[-58.44834,-34.84246],[-58.449201,-34.841477],[-58.457056,-34.830759],[-58.448165,-34.826276],[-58.447427,-34.825629],[-58.447101,-34.82544],[-58.431843,-34.817885],[-58.431534,-34.81792],[-58.431145,-34.818402],[-58.429238,-34.817468],[-58.429665,-34.816891],[-58.429562,-34.816787],[-58.4084,-34.806231],[-58.402763,-34.813766],[-58.399405,-34.81207],[-58.407733,-34.801079],[-58.407749,-34.7997],[-58.408377,-34.797755],[-58.408963,-34.795561],[-58.409055,-34.792527],[-58.407276,-34.784644],[-58.400927,-34.781276],[-58.402608,-34.779171],[-58.397947,-34.776649],[-58.396808,-34.776102],[-58.396913,-34.775016],[-58.397029,-34.774934],[-58.397383,-34.774916],[-58.397529,-34.7748],[-58.398631,-34.764095],[-58.398665,-34.763369],[-58.398038,-34.759769],[-58.402252,-34.759216],[-58.400706,-34.752137],[-58.396635,-34.731823],[-58.395337,-34.731979],[-58.395626,-34.733232],[-58.397004,-34.733011],[-58.397244,-34.734148],[-58.402818,-34.733182],[-58.403061,-34.73437],[-58.40887,-34.733427],[-58.413177,-34.732832],[-58.413335,-34.732736],[-58.41773,-34.726846],[-58.434529,-34.735877],[-58.435254,-34.734807],[-58.444641,-34.722472],[-58.448517,-34.717884],[-58.448894,-34.717272],[-58.449734,-34.716211],[-58.451099,-34.714647],[-58.451287,-34.714628],[-58.451524,-34.714429],[-58.453476,-34.712002],[-58.454418,-34.710513],[-58.455277,-34.70944],[-58.455143,-34.709219],[-58.454277,-34.708689],[-58.454185,-34.708434],[-58.454215,-34.707946],[-58.45393,-34.707593],[-58.455153,-34.706858]]}},{"type":"Feature","properties":{"linea":"318","linea_nombre":"Línea 318","ramal":"M","sentido":"VUELTA","subgrupo":"Línea 318","subgrupo_detalle":"Ramal M","color_hex":"#2563eb","operador":"Micro Ómnibus Mitre S.A.","cabecera_inicio":"Terminal La Noria","cabecera_fin":"Monte Grande","nombre":"Línea 318 - M - VUELTA","numero":"318","categoria":"PROVINCIAL","subcategoria":"M","color":"#2563eb","descripcion":"Línea 318: Monte Grande → La Noria","network":"PROVINCIAL","routeId":"osm:8312363,8314639","source":"OpenStreetMap","license":"ODbL-1.0"},"geometry":{"type":"LineString","coordinates":[[-58.455153,-34.706858],[-58.455393,-34.706714],[-58.455931,-34.707381],[-58.457022,-34.70701],[-58.457249,-34.707035],[-58.457776,-34.707529],[-58.45782,-34.707682],[-58.457657,-34.707972],[-58.457272,-34.708312],[-58.456175,-34.7091],[-58.454666,-34.710986],[-58.453767,-34.711844],[-58.452737,-34.71309],[-58.451657,-34.71447],[-58.45153,-34.714905],[-58.450461,-34.716292],[-58.442587,-34.726159],[-58.434968,-34.736115],[-58.418868,-34.727454],[-58.418282,-34.728247],[-58.417114,-34.727663],[-58.413237,-34.732812],[-58.40887,-34.733427],[-58.397479,-34.735278],[-58.401316,-34.754472],[-58.402786,-34.754271],[-58.403269,-34.756634],[-58.40033,-34.757048],[-58.400864,-34.759401],[-58.401667,-34.76422],[-58.402202,-34.76659],[-58.398392,-34.766448],[-58.397787,-34.772637],[-58.397088,-34.778182],[-58.401514,-34.780542],[-58.401699,-34.780312],[-58.405132,-34.78217],[-58.405644,-34.783601],[-58.405887,-34.783619],[-58.40605,-34.783737],[-58.407143,-34.783562],[-58.409157,-34.792617],[-58.409073,-34.795562],[-58.408464,-34.797799],[-58.407828,-34.799714],[-58.407843,-34.801058],[-58.399525,-34.812135],[-58.402763,-34.813766],[-58.4084,-34.806231],[-58.429194,-34.816593],[-58.429665,-34.816891],[-58.429834,-34.816909],[-58.431843,-34.817885],[-58.447101,-34.82544],[-58.447427,-34.825629],[-58.448165,-34.826276],[-58.457056,-34.830759],[-58.449201,-34.841477],[-58.44834,-34.84246],[-58.446649,-34.844787],[-58.439095,-34.841024]]}},{"type":"Feature","properties":{"linea":"318","linea_nombre":"Línea 318","ramal":"R","sentido":"IDA","subgrupo":"Línea 318","subgrupo_detalle":"Ramal R","color_hex":"#2563eb","operador":"Micro Ómnibus Mitre S.A.","cabecera_inicio":"Puente La Noria","cabecera_fin":"Rodíguez y Falucho","nombre":"Línea 318 - R - IDA","numero":"318","categoria":"PROVINCIAL","subcategoria":"R","color":"#2563eb","descripcion":"Línea 318: La Noria → Rodíguez y Falucho","network":"PROVINCIAL","routeId":"osm:8312060,8314177","source":"OpenStreetMap","license":"ODbL-1.0"},"geometry":{"type":"LineString","coordinates":[[-58.455153,-34.706858],[-58.455393,-34.706714],[-58.455931,-34.707381],[-58.457022,-34.70701],[-58.457249,-34.707035],[-58.457776,-34.707529],[-58.45782,-34.707682],[-58.457657,-34.707972],[-58.457272,-34.708312],[-58.456175,-34.7091],[-58.454666,-34.710986],[-58.453767,-34.711844],[-58.452737,-34.71309],[-58.451657,-34.71447],[-58.45153,-34.714905],[-58.450461,-34.716292],[-58.442587,-34.726159],[-58.434968,-34.736115],[-58.450746,-34.744859]]}},{"type":"Feature","properties":{"linea":"32","linea_nombre":"Línea 32","ramal":"P","sentido":"IDA","subgrupo":"Línea 32","subgrupo_detalle":"Ramal P","color_hex":"#2563eb","operador":"El Puente S.A.T.","cabecera_inicio":"Estación Lanús","cabecera_fin":"Plaza Miserere","nombre":"Línea 32 - P - IDA","numero":"32","categoria":"NACIONAL","subcategoria":"P","color":"#2563eb","descripcion":"Línea 32 - Ramal P: Lanús → Once","network":"NACIONAL","routeId":"osm:14044291","source":"OpenStreetMap","license":"ODbL-1.0"},"geometry":{"type":"LineString","coordinates":[[-58.3913597,-34.7078438],[-58.3913489,-34.7073303],[-58.3913806,-34.7068898],[-58.3916728,-34.7067461],[-58.3927014,-34.7067621],[-58.3970059,-34.7066906],[-58.3972492,-34.7014749],[-58.3974596,-34.698157],[-58.3995227,-34.6953004],[-58.4039634,-34.691694],[-58.4044289,-34.6922023],[-58.4060225,-34.692301],[-58.4098996,-34.6897284],[-58.4141698,-34.688136],[-58.4149967,-34.6874202],[-58.4188358,-34.6844534],[-58.4175796,-34.6862348],[-58.4171166,-34.6875524],[-58.4203037,-34.6823671],[-58.4225644,-34.679237],[-58.4227373,-34.6774018],[-58.4236868,-34.6776638],[-58.4229488,-34.6766258],[-58.4253684,-34.6753302],[-58.4266943,-34.6734946],[-58.431307,-34.6732906],[-58.431017,-34.6706196],[-58.4304336,-34.6700842],[-58.4268646,-34.6658654],[-58.4251323,-34.6640991],[-58.4237271,-34.6630406],[-58.4218689,-34.6618732],[-58.4199596,-34.6610797],[-58.416759,-34.6601269],[-58.4166986,-34.6611228],[-58.4165662,-34.66065],[-58.4164335,-34.6619315],[-58.4168898,-34.6624718],[-58.4170906,-34.6623515],[-58.4165821,-34.6594557],[-58.4164429,-34.6574266],[-58.4163765,-34.6566983],[-58.4163271,-34.6548612],[-58.4163535,-34.6533174],[-58.4163385,-34.6523763],[-58.41632,-34.6517444],[-58.4163106,-34.6506942],[-58.4163032,-34.6497238],[-58.4161964,-34.6485648],[-58.4160336,-34.6480544],[-58.4155279,-34.6473137],[-58.414156,-34.6449682],[-58.4136366,-34.6438263],[-58.4132647,-34.6430194],[-58.4127132,-34.6417296],[-58.4118176,-34.6395586],[-58.4106981,-34.6363379],[-58.4104235,-34.6350865],[-58.4095496,-34.633145],[-58.4098726,-34.6298833],[-58.4101587,-34.6269544],[-58.410392,-34.6247586],[-58.4107682,-34.6215622],[-58.4109866,-34.6191588],[-58.4110027,-34.6178479],[-58.4111322,-34.6155118],[-58.4114611,-34.6130332],[-58.4117208,-34.6108598],[-58.4103798,-34.6091573],[-58.4095774,-34.6090239],[-58.4089359,-34.6091091],[-58.40827,-34.6093378],[-58.4070891,-34.6092325]]}},{"type":"Feature","properties":{"linea":"32","linea_nombre":"Línea 32","ramal":"P","sentido":"IDA","subgrupo":"Línea 32","subgrupo_detalle":"Ramal P","color_hex":"#2563eb","operador":"El Puente S.A.T.","cabecera_inicio":"Plaza Miserere","cabecera_fin":"Estación Lanús","nombre":"Línea 32 - P - IDA","numero":"32","categoria":"NACIONAL","subcategoria":"P","color":"#2563eb","descripcion":"Línea 32 - Ramal P: Once → Lanús","network":"NACIONAL","routeId":"osm:14044098","source":"OpenStreetMap","license":"ODbL-1.0"},"geometry":{"type":"LineString","coordinates":[[-58.4070891,-34.6092325],[-58.406672,-34.6091952],[-58.4062845,-34.6091681],[-58.4061365,-34.6092637],[-58.4059746,-34.6096186],[-58.4061659,-34.6099812],[-58.4066086,-34.6101586],[-58.4079068,-34.6102579],[-58.4087801,-34.6103184],[-58.4102678,-34.6113686],[-58.409874,-34.6139941],[-58.4096728,-34.6152477],[-58.4094036,-34.617488],[-58.4093426,-34.6185203],[-58.4092844,-34.6197443],[-58.4091494,-34.6220845],[-58.4090624,-34.6230104],[-58.4088949,-34.6245768],[-58.4087204,-34.626137],[-58.4085989,-34.6273204],[-58.4083422,-34.6295334],[-58.4081058,-34.632079],[-58.4079127,-34.6340012],[-58.4078775,-34.6343222],[-58.4076794,-34.6363718],[-58.4090419,-34.6378191],[-58.4087998,-34.6388411],[-58.4086376,-34.6394421],[-58.408818,-34.6399319],[-58.4089047,-34.6402621],[-58.409304,-34.64266],[-58.4100681,-34.6428447],[-58.4113136,-34.6430021],[-58.4119713,-34.6428866],[-58.4131748,-34.6427997],[-58.4146308,-34.6424714],[-58.4160931,-34.6421399],[-58.4161104,-34.6431407],[-58.4161286,-34.6443549],[-58.4161685,-34.6459296],[-58.4161851,-34.6471025],[-58.4162115,-34.6481556],[-58.4163827,-34.6494185],[-58.416388,-34.6497268],[-58.4164019,-34.6505989],[-58.4164072,-34.6513211],[-58.4164076,-34.6517798],[-58.41642,-34.6523488],[-58.416426,-34.6532514],[-58.4164526,-34.6545602],[-58.4165814,-34.6564956],[-58.4166168,-34.6585097],[-58.4168997,-34.6607017],[-58.4173262,-34.6622181],[-58.4182453,-34.662575],[-58.4217838,-34.6625722],[-58.4220088,-34.6624626],[-58.4222694,-34.662081],[-58.423791,-34.662965],[-58.4246727,-34.6635938],[-58.4258677,-34.6646364],[-58.4281726,-34.6672124],[-58.4308586,-34.6704047],[-58.432226,-34.6720435],[-58.430001,-34.6751124],[-58.432226,-34.6720435],[-58.430001,-34.6751124],[-58.4242732,-34.6747775],[-58.4232503,-34.6762042],[-58.4227373,-34.6774018],[-58.4232948,-34.6775545],[-58.4218095,-34.6802655],[-58.4203037,-34.6823671],[-58.4180985,-34.6855001],[-58.4175201,-34.6863925],[-58.4171166,-34.6875524],[-58.4151614,-34.6874773],[-58.4138279,-34.6870097],[-58.4109614,-34.6878521],[-58.4078049,-34.6899543],[-58.4053625,-34.6915946],[-58.4047866,-34.6925745],[-58.4013314,-34.6953527],[-58.4010883,-34.6970881],[-58.3985954,-34.6991275],[-58.398607,-34.699318],[-58.3959712,-34.7003939],[-58.3957858,-34.7048194],[-58.3949847,-34.707939],[-58.3928524,-34.7080952],[-58.3918858,-34.7081663]]}},{"type":"Feature","properties":{"linea":"323","linea_nombre":"Línea 323","ramal":"Provincia de Buenos Aires","sentido":"IDA","subgrupo":"Línea 323","subgrupo_detalle":"Ramal Provincia de Buenos Aires","color_hex":"#2563eb","operador":"Compañía Omnibus 25 de Mayo L. 278 S.A.","cabecera_inicio":"","cabecera_fin":"","nombre":"Línea 323 - Provincia de Buenos Aires - IDA","numero":"323","categoria":"PROVINCIAL","subcategoria":"Provincia de Buenos Aires","color":"#2563eb","descripcion":"Línea 323 - Ramal C: San Francisco Solano → Lanús","network":"PROVINCIAL","routeId":"osm:3421280","source":"OpenStreetMap","license":"ODbL-1.0"},"geometry":{"type":"LineString","coordinates":[[-58.395452,-34.777184],[-58.395332,-34.778259],[-58.395582,-34.775987],[-58.39279,-34.775693],[-58.392599,-34.775608],[-58.39638,-34.77022],[-58.396606,-34.764732],[-58.396237,-34.760739],[-58.395948,-34.758825],[-58.392739,-34.740927],[-58.386863,-34.74184]]}},{"type":"Feature","properties":{"linea":"323","linea_nombre":"Línea 323","ramal":"Provincia de Buenos Aires","sentido":"IDA","subgrupo":"Línea 323","subgrupo_detalle":"Ramal Provincia de Buenos Aires","color_hex":"#2563eb","operador":"Compañía Omnibus 25 de Mayo L. 278 S.A.","cabecera_inicio":"","cabecera_fin":"","nombre":"Línea 323 - Provincia de Buenos Aires - IDA","numero":"323","categoria":"PROVINCIAL","subcategoria":"Provincia de Buenos Aires","color":"#2563eb","descripcion":"Línea 323 - Ramal C: Lanús → San Francisco Solano","network":"PROVINCIAL","routeId":"osm:3421271","source":"OpenStreetMap","license":"ODbL-1.0"},"geometry":{"type":"LineString","coordinates":[[-58.386863,-34.74184],[-58.392828,-34.740915],[-58.394393,-34.749354],[-58.396223,-34.760025],[-58.396719,-34.764615],[-58.396477,-34.770227],[-58.393534,-34.774419],[-58.395662,-34.774656],[-58.395732,-34.774721],[-58.395332,-34.778259]]}},{"type":"Feature","properties":{"linea":"33","linea_nombre":"Línea 33","ramal":"M","sentido":"IDA","subgrupo":"Línea 33","subgrupo_detalle":"Ramal M","color_hex":"#2563eb","operador":"Transportes Almirante Brown S.A.","cabecera_inicio":"","cabecera_fin":"Pabellón 3","nombre":"Línea 33 - M - IDA","numero":"33","categoria":"NACIONAL","subcategoria":"M","color":"#2563eb","descripcion":"Línea 33 - M: San José → Barracas → Ciudad Universitaria","network":"NACIONAL","routeId":"osm:14033907","source":"OpenStreetMap","license":"ODbL-1.0"},"geometry":{"type":"LineString","coordinates":[[-58.328993,-34.7647109],[-58.3325645,-34.7598774],[-58.3369332,-34.7539316],[-58.3393833,-34.7504551],[-58.3455752,-34.7452245],[-58.3432106,-34.751631],[-58.3490441,-34.7357449],[-58.3497078,-34.7340467],[-58.3510803,-34.7303039],[-58.3549752,-34.7273666],[-58.3612848,-34.7224633],[-58.3557475,-34.7162557],[-58.3523272,-34.7106557],[-58.3579034,-34.7058129],[-58.3598186,-34.7043728],[-58.3635118,-34.7026141],[-58.3617526,-34.6985251],[-58.3591464,-34.6957621],[-58.3556089,-34.6922594],[-58.3560409,-34.6886826],[-58.3490675,-34.682391],[-58.3472385,-34.6776645],[-58.3515117,-34.6727625],[-58.3556482,-34.6682313],[-58.358634,-34.6657342],[-58.3629078,-34.6635917],[-58.3664687,-34.6612681],[-58.3701093,-34.6586032],[-58.3702204,-34.6573353],[-58.3722045,-34.6518634],[-58.3726199,-34.6491249],[-58.37191,-34.6463819],[-58.3687702,-34.6432625],[-58.3691705,-34.6406301],[-58.3641036,-34.6384732],[-58.358808,-34.6353372],[-58.3603483,-34.6328437],[-58.3624686,-34.6309035],[-58.3664254,-34.6283055],[-58.3678448,-34.6264257],[-58.3681605,-34.6228086],[-58.3687849,-34.6185614],[-58.3691429,-34.6153272],[-58.3693816,-34.6112359],[-58.3693335,-34.6093459],[-58.3683486,-34.6078025],[-58.369696,-34.6062276],[-58.3702118,-34.6033162],[-58.3707965,-34.5995209],[-58.3720966,-34.5963384],[-58.3735576,-34.5936973],[-58.3731906,-34.5912372],[-58.3731677,-34.5904459],[-58.3722541,-34.5893531],[-58.3711435,-34.5887377],[-58.3734968,-34.5819807],[-58.375213,-34.5803315],[-58.3766699,-34.5824659],[-58.3803342,-34.5812925],[-58.3820749,-34.5790302],[-58.3854176,-34.5779559],[-58.3893672,-34.5762623],[-58.389783,-34.5758623],[-58.3987676,-34.5701684],[-58.4003213,-34.569174],[-58.4008997,-34.5677607],[-58.4012374,-34.5659134],[-58.4037503,-34.5639891],[-58.4073199,-34.5607493],[-58.4104941,-34.5577397],[-58.4138614,-34.5556108],[-58.4189981,-34.5540155],[-58.4216229,-34.5535735],[-58.4270028,-34.5519142],[-58.4294227,-34.5506469],[-58.4309719,-34.548818],[-58.4309489,-34.5468952],[-58.4312794,-34.5453344],[-58.4334495,-34.5434755],[-58.436402,-34.5426155],[-58.4375749,-34.542892],[-58.4385404,-34.5446475],[-58.4393491,-34.5454069],[-58.4410697,-34.5443332],[-58.4428509,-34.542871],[-58.4441127,-34.5424851],[-58.4448094,-34.5422741]]}},{"type":"Feature","properties":{"linea":"33","linea_nombre":"Línea 33","ramal":"C","sentido":"IDA","subgrupo":"Línea 33","subgrupo_detalle":"Ramal C","color_hex":"#2563eb","operador":"Transportes Almirante Brown S.A.","cabecera_inicio":"Ciudad Universitaria","cabecera_fin":"","nombre":"Línea 33 - C - IDA","numero":"33","categoria":"NACIONAL","subcategoria":"C","color":"#2563eb","descripcion":"Línea 33 - C: Ciudad Universitaria → Dock Sud → San José","network":"NACIONAL","routeId":"osm:14165143","source":"OpenStreetMap","license":"ODbL-1.0"},"geometry":{"type":"LineString","coordinates":[[-58.4448094,-34.5422741],[-58.4426664,-34.5429427],[-58.4410691,-34.5442542],[-58.4396488,-34.5454054],[-58.4389749,-34.5454754],[-58.4385982,-34.5449015],[-58.4376391,-34.5432136],[-58.4363028,-34.542621],[-58.4309489,-34.5468952],[-58.4312417,-34.5454086],[-58.4328072,-34.5438306],[-58.4310061,-34.5486203],[-58.4303007,-34.5499977],[-58.4295887,-34.5506624],[-58.4271598,-34.5518492],[-58.4242591,-34.5528957],[-58.4214072,-34.5536975],[-58.4175991,-34.5543744],[-58.413272,-34.5560787],[-58.4090256,-34.5591332],[-58.4042027,-34.5636992],[-58.4010207,-34.5665698],[-58.4018034,-34.5651524],[-58.4011322,-34.5669492],[-58.401432,-34.5680998],[-58.4000793,-34.5694023],[-58.3943781,-34.572674],[-58.3898652,-34.5757082],[-58.3888222,-34.5773135],[-58.3851395,-34.5783645],[-58.381146,-34.5798519],[-58.3784751,-34.5802275],[-58.3752767,-34.5806004],[-58.3708397,-34.5831234],[-58.3702396,-34.585507],[-58.3718684,-34.5882489],[-58.3727376,-34.5895058],[-58.373905,-34.5910821],[-58.3746874,-34.5920086],[-58.3735733,-34.5938974],[-58.3719619,-34.5969014],[-58.3705772,-34.6005773],[-58.3702999,-34.6030091],[-58.3700551,-34.6058592],[-58.3685147,-34.6072955],[-58.3689133,-34.6089453],[-58.3694846,-34.610457],[-58.3692679,-34.6145638],[-58.3694067,-34.6176138],[-58.3683991,-34.6204736],[-58.3680086,-34.6239064],[-58.3678675,-34.6271778],[-58.3662796,-34.628474],[-58.3629577,-34.6306476],[-58.3603483,-34.6328437],[-58.3588981,-34.6337503],[-58.3543704,-34.6391271],[-58.3515577,-34.6415691],[-58.3492324,-34.6434325],[-58.3475977,-34.644878],[-58.3478113,-34.6529584],[-58.3465714,-34.6583478],[-58.3500988,-34.6621371],[-58.3449345,-34.6700528],[-58.3485724,-34.672256],[-58.3480716,-34.6768738],[-58.351655,-34.6818349],[-58.3567174,-34.6880497],[-58.3523706,-34.6918261],[-58.3495212,-34.6942378],[-58.3438609,-34.6989916],[-58.3401496,-34.7020965],[-58.3425368,-34.7048113],[-58.3496581,-34.7110458],[-58.3550513,-34.7156664],[-58.3594507,-34.7194884],[-58.3632491,-34.7228058],[-58.3575379,-34.7253909],[-58.350796,-34.7310886],[-58.349084,-34.7356371],[-58.3475377,-34.7397982],[-58.3436764,-34.7500509],[-58.3421454,-34.7516576],[-58.3390938,-34.750908],[-58.3361317,-34.7552642],[-58.3331636,-34.7592544],[-58.3296439,-34.7638719],[-58.328993,-34.7647109]]}},{"type":"Feature","properties":{"linea":"33","linea_nombre":"Línea 33","ramal":"C","sentido":"IDA","subgrupo":"Línea 33","subgrupo_detalle":"Ramal C","color_hex":"#2563eb","operador":"Transportes Almirante Brown S.A.","cabecera_inicio":"Ciudad Universitaria","cabecera_fin":"","nombre":"Línea 33 - C - IDA","numero":"33","categoria":"NACIONAL","subcategoria":"C","color":"#2563eb","descripcion":"Línea 33 - C: Ciudad Universitaria → Barracas → San José","network":"NACIONAL","routeId":"osm:14165144","source":"OpenStreetMap","license":"ODbL-1.0"},"geometry":{"type":"LineString","coordinates":[[-58.4448094,-34.5422741],[-58.4424638,-34.5430513],[-58.4411046,-34.5452887],[-58.4408726,-34.5454102],[-58.4387941,-34.5455659],[-58.4381716,-34.5438317],[-58.4369653,-34.5427557],[-58.430998,-34.5473975],[-58.4309927,-34.5461515],[-58.4320401,-34.5443719],[-58.4353137,-34.5428121],[-58.4310061,-34.5486203],[-58.4296497,-34.5505955],[-58.4271598,-34.5518492],[-58.4248556,-34.5527106],[-58.4197375,-34.5540515],[-58.4172396,-34.5544672],[-58.4116968,-34.5570366],[-58.40805,-34.5601201],[-58.4048346,-34.5631314],[-58.4012374,-34.5659134],[-58.4010207,-34.5665698],[-58.4010819,-34.567766],[-58.4004991,-34.5691965],[-58.3948248,-34.5724143],[-58.3899613,-34.5755474],[-58.3888222,-34.5773135],[-58.384738,-34.5784482],[-58.3808997,-34.5799837],[-58.3764485,-34.5801185],[-58.3744417,-34.5811042],[-58.3692177,-34.5840451],[-58.3710282,-34.5864689],[-58.3723806,-34.5890657],[-58.3733257,-34.5902356],[-58.3743826,-34.5916352],[-58.3744758,-34.5932891],[-58.3722418,-34.5962234],[-58.3708582,-34.599529],[-58.3702999,-34.6030091],[-58.3700193,-34.6059488],[-58.368449,-34.6075253],[-58.3693014,-34.6092361],[-58.3694555,-34.6112394],[-58.3692057,-34.615588],[-58.3690618,-34.6184592],[-58.368296,-34.6220864],[-58.36791,-34.626216],[-58.3666805,-34.6282038],[-58.3634833,-34.6303037],[-58.3607534,-34.6321225],[-58.3585006,-34.6360663],[-58.3571011,-34.6383351],[-58.3583938,-34.6389632],[-58.3606723,-34.6390083],[-58.361542,-34.6395194],[-58.3657559,-34.6414108],[-58.3685628,-34.6447281],[-58.3738229,-34.6483443],[-58.3733203,-34.6506462],[-58.3710489,-34.6562065],[-58.3703565,-34.6582753],[-58.3700452,-34.6591362],[-58.3680434,-34.6619],[-58.3658934,-34.6651656],[-58.3640492,-34.6662285],[-58.3582708,-34.6659327],[-58.3570792,-34.6666037],[-58.354197,-34.6700835],[-58.3502381,-34.6743154],[-58.3474526,-34.6783871],[-58.3574151,-34.6874228],[-58.3537009,-34.6907008],[-58.349696,-34.6940882],[-58.3441509,-34.6987564],[-58.3401496,-34.7020965],[-58.3430257,-34.7052411],[-58.3507629,-34.7120093],[-58.3550513,-34.7156664],[-58.3612134,-34.7210276],[-58.3592306,-34.724066],[-58.3524191,-34.7293328],[-58.350098,-34.732985],[-58.3483436,-34.7375701],[-58.3448112,-34.7471201],[-58.3429496,-34.7520814],[-58.3393833,-34.7504551],[-58.336443,-34.7547985],[-58.3331636,-34.7592544],[-58.3292123,-34.7644372],[-58.328993,-34.7647109]]}},{"type":"Feature","properties":{"linea":"33","linea_nombre":"Línea 33","ramal":"C","sentido":"IDA","subgrupo":"Línea 33","subgrupo_detalle":"Ramal C","color_hex":"#2563eb","operador":"Transportes Almirante Brown S.A.","cabecera_inicio":"","cabecera_fin":"Pabellón 3","nombre":"Línea 33 - C - IDA","numero":"33","categoria":"NACIONAL","subcategoria":"C","color":"#2563eb","descripcion":"Línea 33 - C: San José → Dock Sud → Ciudad Universitaria","network":"NACIONAL","routeId":"osm:14165145","source":"OpenStreetMap","license":"ODbL-1.0"},"geometry":{"type":"LineString","coordinates":[[-58.328993,-34.7647109],[-58.3320488,-34.760546],[-58.3368724,-34.7540185],[-58.3401977,-34.7506921],[-58.3409633,-34.7510281],[-58.3434105,-34.7507687],[-58.3473196,-34.740408],[-58.3482455,-34.7378363],[-58.3509002,-34.7308022],[-58.3511885,-34.730272],[-58.3592306,-34.724066],[-58.3621006,-34.7218099],[-58.354177,-34.714897],[-58.349164,-34.7106066],[-58.3425368,-34.7048113],[-58.3388056,-34.7030752],[-58.3437076,-34.6972959],[-58.3491862,-34.6927513],[-58.3550822,-34.689514],[-58.356303,-34.6884418],[-58.3498426,-34.6816134],[-58.3462535,-34.6783646],[-58.3442284,-34.6753049],[-58.344074,-34.669424],[-58.3438147,-34.6612461],[-58.3434375,-34.6489224],[-58.3458585,-34.6459696],[-58.3491417,-34.6434822],[-58.3501126,-34.642726],[-58.3519485,-34.6410749],[-58.3568915,-34.6370809],[-58.3586198,-34.6340985],[-58.3603483,-34.6328437],[-58.3623577,-34.6310095],[-58.3655533,-34.6288854],[-58.3678545,-34.6270214],[-58.367922,-34.6240631],[-58.3683255,-34.6204707],[-58.3689958,-34.6169608],[-58.3692383,-34.6137426],[-58.3694276,-34.6099846],[-58.3687227,-34.6088521],[-58.3684777,-34.6071883],[-58.3699237,-34.6059712],[-58.370224,-34.6031051],[-58.3708958,-34.5991297],[-58.3720966,-34.5963384],[-58.373413,-34.5938223],[-58.3729575,-34.5913546],[-58.3735649,-34.5909345],[-58.3724444,-34.58956],[-58.371376,-34.5892346],[-58.3721464,-34.585921],[-58.3741768,-34.58111],[-58.3752767,-34.5806004],[-58.3787694,-34.5824008],[-58.3813713,-34.5803836],[-58.3827826,-34.5786697],[-58.3859645,-34.5778108],[-58.3896407,-34.5760575],[-58.389783,-34.5758623],[-58.3987168,-34.5701976],[-58.4002261,-34.5693118],[-58.4008278,-34.5679761],[-58.401091,-34.5662651],[-58.4022286,-34.5648153],[-58.4047307,-34.5632279],[-58.4088309,-34.5591409],[-58.4120125,-34.5566637],[-58.4160886,-34.5546478],[-58.4194081,-34.5539664],[-58.4226835,-34.5533087],[-58.4271598,-34.5518492],[-58.42964,-34.550518],[-58.4309719,-34.548818],[-58.4309523,-34.5469362],[-58.4312022,-34.5454959],[-58.4324685,-34.5440471],[-58.4357804,-34.542706],[-58.4374217,-34.5427321],[-58.438071,-34.5436782],[-58.4389361,-34.5452978],[-58.4396488,-34.5454054],[-58.4410288,-34.5436428],[-58.4429943,-34.5428325],[-58.4443251,-34.5424198],[-58.4448094,-34.5422741]]}},{"type":"Feature","properties":{"linea":"33","linea_nombre":"Línea 33","ramal":"C","sentido":"IDA","subgrupo":"Línea 33","subgrupo_detalle":"Ramal C","color_hex":"#2563eb","operador":"Transportes Almirante Brown S.A.","cabecera_inicio":"","cabecera_fin":"Pabellón 3","nombre":"Línea 33 - C - IDA","numero":"33","categoria":"NACIONAL","subcategoria":"C","color":"#2563eb","descripcion":"Línea 33 - C: San José → Barracas → Ciudad Universitaria","network":"NACIONAL","routeId":"osm:14165146","source":"OpenStreetMap","license":"ODbL-1.0"},"geometry":{"type":"LineString","coordinates":[[-58.328993,-34.7647109],[-58.3325645,-34.7598774],[-58.3369332,-34.7539316],[-58.3393833,-34.7504551],[-58.3455752,-34.7452245],[-58.3432106,-34.751631],[-58.3490441,-34.7357449],[-58.3497078,-34.7340467],[-58.3510803,-34.7303039],[-58.3549752,-34.7273666],[-58.3612848,-34.7224633],[-58.3557475,-34.7162557],[-58.3481516,-34.7097285],[-58.3425368,-34.7048113],[-58.3381299,-34.7024974],[-58.3443453,-34.6967513],[-58.3504119,-34.6917273],[-58.3557456,-34.6889477],[-58.3532446,-34.6858361],[-58.3457981,-34.6794343],[-58.3492801,-34.6751485],[-58.3540848,-34.6700147],[-58.3571881,-34.6664643],[-58.3611233,-34.6644723],[-58.3649454,-34.6624135],[-58.3692898,-34.6592066],[-58.3702069,-34.6580994],[-58.3709726,-34.655894],[-58.3726544,-34.6496926],[-58.3728745,-34.6475204],[-58.3684181,-34.6456429],[-58.3690896,-34.6411435],[-58.3693814,-34.6391711],[-58.358446,-34.6361583],[-58.3597157,-34.6339733],[-58.3610513,-34.6318883],[-58.3648529,-34.6293884],[-58.367765,-34.6273041],[-58.3679102,-34.624283],[-58.3683052,-34.6206053],[-58.3689958,-34.6169608],[-58.3692385,-34.6136988],[-58.3694345,-34.6096704],[-58.3685342,-34.6085853],[-58.3688344,-34.6067341],[-58.3700589,-34.6052335],[-58.3704606,-34.6007385],[-58.3714672,-34.5976448],[-58.3729148,-34.5943943],[-58.3725708,-34.5918973],[-58.3735848,-34.5909821],[-58.3725015,-34.5896302],[-58.3714777,-34.5892443],[-58.3721464,-34.585921],[-58.3742545,-34.5810515],[-58.3752953,-34.5807901],[-58.3790813,-34.5822138],[-58.3809938,-34.5799372],[-58.3847326,-34.5781398],[-58.3884641,-34.5771571],[-58.3905259,-34.5749194],[-58.3939234,-34.5729407],[-58.4001674,-34.5693478],[-58.400378,-34.568457],[-58.4010543,-34.5664073],[-58.4021202,-34.5648928],[-58.4047307,-34.5632279],[-58.4090629,-34.5589266],[-58.4125441,-34.5563437],[-58.4174506,-34.5542879],[-58.4208228,-34.5537013],[-58.4254115,-34.5525321],[-58.4283504,-34.5512986],[-58.4305193,-34.5497359],[-58.430998,-34.5473975],[-58.4309927,-34.5461515],[-58.4320401,-34.5443719],[-58.4353137,-34.5428121],[-58.4372599,-34.5427296],[-58.438071,-34.5436782],[-58.438991,-34.5453263],[-58.4399982,-34.5454036],[-58.4412313,-34.5434136],[-58.4431015,-34.5428011],[-58.4448094,-34.5422741]]}},{"type":"Feature","properties":{"linea":"33","linea_nombre":"Línea 33","ramal":"Roja","sentido":"IDA","subgrupo":"Línea 33","subgrupo_detalle":"Ramal Roja","color_hex":"#2563eb","operador":"Transportes Almirante Brown S.A.","cabecera_inicio":"Remedios de Escalada","cabecera_fin":"Retiro","nombre":"Línea 33 - Roja - IDA","numero":"33","categoria":"NACIONAL","subcategoria":"Roja","color":"#2563eb","descripcion":"Línea 33 - Roja: Remedios de Escalada → Retiro","network":"NACIONAL","routeId":"osm:13812686","source":"OpenStreetMap","license":"ODbL-1.0"},"geometry":{"type":"LineString","coordinates":[[-58.4050807,-34.7190666],[-58.4041932,-34.7202351],[-58.4011333,-34.7243498],[-58.3983161,-34.7280516],[-58.3962392,-34.729858],[-58.3951613,-34.7248172],[-58.3945069,-34.7216955],[-58.3940511,-34.7194607],[-58.3933576,-34.7161698],[-58.392347,-34.7116533],[-58.3916151,-34.7082834],[-58.3916613,-34.7071276],[-58.3918562,-34.7013236],[-58.3919093,-34.6980586],[-58.3902508,-34.6941275],[-58.3886096,-34.6902488],[-58.3867025,-34.6856892],[-58.385125,-34.6819205],[-58.3837261,-34.6787905],[-58.3823884,-34.6755979],[-58.3807532,-34.6701122],[-58.3793702,-34.6675541],[-58.3769793,-34.6640118],[-58.3756359,-34.6620834],[-58.3737025,-34.659647],[-58.3728021,-34.6607288],[-58.3706975,-34.6601655],[-58.3694165,-34.6602005],[-58.3679036,-34.6620945],[-58.3664523,-34.6642949],[-58.3654034,-34.665929],[-58.3647201,-34.6667198],[-58.3607638,-34.6638526],[-58.3567858,-34.661519],[-58.3561594,-34.6618368],[-58.3536254,-34.6575196],[-58.3536591,-34.6540128],[-58.3499721,-34.6540849],[-58.3463292,-34.6506476],[-58.3470979,-34.6450061],[-58.3481362,-34.6442524],[-58.3498717,-34.6428681],[-58.3516566,-34.6414606],[-58.3521022,-34.6409283],[-58.3543704,-34.6391271],[-58.3568915,-34.6370809],[-58.3588981,-34.6337503],[-58.3594971,-34.6336328],[-58.3600179,-34.6333243],[-58.3603483,-34.6328437],[-58.3624686,-34.6309035],[-58.3648529,-34.6293884],[-58.3665509,-34.6282221],[-58.3678196,-34.6271843],[-58.3678658,-34.6253246],[-58.3679876,-34.6235454],[-58.368286,-34.6208132],[-58.3687849,-34.6185614],[-58.3689958,-34.6169608],[-58.3691764,-34.6148366],[-58.3693294,-34.6123155],[-58.3694164,-34.6101505],[-58.3693971,-34.6094396],[-58.3686558,-34.6087679],[-58.3683486,-34.6078025],[-58.3688344,-34.6067341],[-58.3698611,-34.6060603],[-58.3701128,-34.6045636],[-58.370228,-34.6029855],[-58.3707307,-34.5998266],[-58.3711473,-34.5982636],[-58.3720966,-34.5963384],[-58.3729148,-34.5943943],[-58.3738114,-34.5935026],[-58.3723818,-34.5916352],[-58.3735616,-34.5910314],[-58.3734233,-34.5907578],[-58.3726121,-34.5897665],[-58.3722541,-34.5893531],[-58.3714777,-34.5892443],[-58.3715564,-34.5875881],[-58.3700709,-34.5857991],[-58.369527,-34.5851419]]}},{"type":"Feature","properties":{"linea":"33","linea_nombre":"Línea 33","ramal":"Roja","sentido":"IDA","subgrupo":"Línea 33","subgrupo_detalle":"Ramal Roja","color_hex":"#2563eb","operador":"Transportes Almirante Brown S.A.","cabecera_inicio":"Retiro","cabecera_fin":"Remedios de Escalada","nombre":"Línea 33 - Roja - IDA","numero":"33","categoria":"NACIONAL","subcategoria":"Roja","color":"#2563eb","descripcion":"Línea 33 - Roja: Retiro → Remedios de Escalada","network":"NACIONAL","routeId":"osm:13816258","source":"OpenStreetMap","license":"ODbL-1.0"},"geometry":{"type":"LineString","coordinates":[[-58.3697513,-34.584896],[-58.3705016,-34.5858303],[-58.371942,-34.5876556],[-58.3720426,-34.5886549],[-58.3725378,-34.5892595],[-58.3730627,-34.5899066],[-58.373834,-34.590997],[-58.3742542,-34.5914775],[-58.3746874,-34.5920086],[-58.3753464,-34.5927409],[-58.3734325,-34.5940696],[-58.3723544,-34.595993],[-58.371825,-34.5971256],[-58.3711694,-34.5983993],[-58.3704501,-34.6012472],[-58.3703038,-34.6028797],[-58.3702326,-34.604005],[-58.3701441,-34.6053379],[-58.369734,-34.6062718],[-58.3685536,-34.6071842],[-58.3684388,-34.6081259],[-58.3689133,-34.6089453],[-58.369499,-34.6094909],[-58.3694661,-34.6109565],[-58.3694154,-34.6123205],[-58.3692541,-34.6147626],[-58.3692232,-34.6164256],[-58.3693421,-34.6180007],[-58.3686913,-34.6195536],[-58.3682933,-34.6215346],[-58.36802,-34.6237963],[-58.3679089,-34.6252106],[-58.3678948,-34.6270415],[-58.3675286,-34.6276509],[-58.3662796,-34.628474],[-58.3641058,-34.6299262],[-58.3626004,-34.6308821],[-58.3611045,-34.6319518],[-58.360072,-34.6333446],[-58.3590433,-34.6337023],[-58.3587869,-34.6338373],[-58.3569557,-34.6370101],[-58.3520517,-34.6409716],[-58.3516566,-34.6414606],[-58.350044,-34.6428069],[-58.34929,-34.643403],[-58.3478923,-34.644478],[-58.3475977,-34.644878],[-58.3476982,-34.6482736],[-58.3478476,-34.6539578],[-58.3507045,-34.6552436],[-58.3507341,-34.6560509],[-58.3518091,-34.6574073],[-58.3565568,-34.6611451],[-58.3570407,-34.6611421],[-58.3599277,-34.6620708],[-58.3653162,-34.6660623],[-58.366218,-34.6677734],[-58.3664289,-34.6679261],[-58.3693549,-34.66565],[-58.3711779,-34.6635207],[-58.3745739,-34.6614145],[-58.3756607,-34.6618811],[-58.3778255,-34.6650384],[-58.3803224,-34.6687335],[-58.3809593,-34.6703391],[-58.3816458,-34.6726512],[-58.3826085,-34.6758417],[-58.3848553,-34.6809441],[-58.3857811,-34.6831393],[-58.3874704,-34.6871543],[-58.3886456,-34.6899919],[-58.3900551,-34.6932823],[-58.3920609,-34.6981057],[-58.3920179,-34.7003002],[-58.3918777,-34.7046916],[-58.3917362,-34.708175],[-58.3927435,-34.7127764],[-58.3939238,-34.7183409],[-58.39465,-34.7217633],[-58.3955347,-34.7259084],[-58.4001714,-34.7253656],[-58.402992,-34.7216853],[-58.4050807,-34.7190666],[-58.4052763,-34.7188068]]}},{"type":"Feature","properties":{"linea":"33","linea_nombre":"Línea 33","ramal":"M","sentido":"IDA","subgrupo":"Línea 33","subgrupo_detalle":"Ramal M","color_hex":"#2563eb","operador":"Transportes Almirante Brown S.A.","cabecera_inicio":"Ciudad Universitaria","cabecera_fin":"","nombre":"Línea 33 - M - IDA","numero":"33","categoria":"NACIONAL","subcategoria":"M","color":"#2563eb","descripcion":"Línea 33 - M: Ciudad Universitaria → Barracas → San José","network":"NACIONAL","routeId":"osm:13889858","source":"OpenStreetMap","license":"ODbL-1.0"},"geometry":{"type":"LineString","coordinates":[[-58.4448094,-34.5422741],[-58.4424638,-34.5430513],[-58.4411046,-34.5452887],[-58.4408726,-34.5454102],[-58.4387941,-34.5455659],[-58.4381716,-34.5438317],[-58.4369653,-34.5427557],[-58.430998,-34.5473975],[-58.4309927,-34.5461515],[-58.4320401,-34.5443719],[-58.4353137,-34.5428121],[-58.4310061,-34.5486203],[-58.4296497,-34.5505955],[-58.4271598,-34.5518492],[-58.4248556,-34.5527106],[-58.4197375,-34.5540515],[-58.4172396,-34.5544672],[-58.4116968,-34.5570366],[-58.40805,-34.5601201],[-58.4048346,-34.5631314],[-58.4012374,-34.5659134],[-58.4010207,-34.5665698],[-58.4010819,-34.567766],[-58.4004991,-34.5691965],[-58.3948248,-34.5724143],[-58.3899613,-34.5755474],[-58.3888222,-34.5773135],[-58.384738,-34.5784482],[-58.3808997,-34.5799837],[-58.3764485,-34.5801185],[-58.3744417,-34.5811042],[-58.3692177,-34.5840451],[-58.3710282,-34.5864689],[-58.3723806,-34.5890657],[-58.3733257,-34.5902356],[-58.3743826,-34.5916352],[-58.3744758,-34.5932891],[-58.3722418,-34.5962234],[-58.3708582,-34.599529],[-58.3702999,-34.6030091],[-58.3700193,-34.6059488],[-58.368449,-34.6075253],[-58.3693014,-34.6092361],[-58.3694555,-34.6112394],[-58.3692057,-34.615588],[-58.3690618,-34.6184592],[-58.368296,-34.6220864],[-58.36791,-34.626216],[-58.3666805,-34.6282038],[-58.3634833,-34.6303037],[-58.3607534,-34.6321225],[-58.3585006,-34.6360663],[-58.3571011,-34.6383351],[-58.3583938,-34.6389632],[-58.3606723,-34.6390083],[-58.361542,-34.6395194],[-58.3657559,-34.6414108],[-58.3685628,-34.6447281],[-58.3738229,-34.6483443],[-58.3733203,-34.6506462],[-58.3710489,-34.6562065],[-58.3703565,-34.6582753],[-58.3700452,-34.6591362],[-58.3680434,-34.6619],[-58.3658934,-34.6651656],[-58.3640492,-34.6662285],[-58.3582708,-34.6659327],[-58.3570792,-34.6666037],[-58.354197,-34.6700835],[-58.3502381,-34.6743154],[-58.3474526,-34.6783871],[-58.3574151,-34.6874228],[-58.3537009,-34.6907008],[-58.361063,-34.6977979],[-58.3627976,-34.7032232],[-58.3582058,-34.7055441],[-58.3534774,-34.7096476],[-58.35226,-34.7132566],[-58.3568315,-34.7172171],[-58.3626504,-34.7222888],[-58.358064,-34.7249774],[-58.350796,-34.7310886],[-58.3490572,-34.7357095],[-58.3471452,-34.7409225],[-58.3432963,-34.7510858],[-58.3410827,-34.7510926],[-58.3375972,-34.7530844],[-58.3348563,-34.7569871],[-58.331501,-34.7614166],[-58.328993,-34.7647109]]}},{"type":"Feature","properties":{"linea":"33","linea_nombre":"Línea 33","ramal":"M","sentido":"IDA","subgrupo":"Línea 33","subgrupo_detalle":"Ramal M","color_hex":"#2563eb","operador":"Transportes Almirante Brown S.A.","cabecera_inicio":"Ciudad Universitaria","cabecera_fin":"","nombre":"Línea 33 - M - IDA","numero":"33","categoria":"NACIONAL","subcategoria":"M","color":"#2563eb","descripcion":"Línea 33 - M: Ciudad Universitaria → Dock Sud → San José","network":"NACIONAL","routeId":"osm:13997414","source":"OpenStreetMap","license":"ODbL-1.0"},"geometry":{"type":"LineString","coordinates":[[-58.4448094,-34.5422741],[-58.4426664,-34.5429427],[-58.4410691,-34.5442542],[-58.4396488,-34.5454054],[-58.4389749,-34.5454754],[-58.4385982,-34.5449015],[-58.4376391,-34.5432136],[-58.4363028,-34.542621],[-58.4309489,-34.5468952],[-58.4312417,-34.5454086],[-58.4328072,-34.5438306],[-58.4310061,-34.5486203],[-58.4303007,-34.5499977],[-58.4295887,-34.5506624],[-58.4271598,-34.5518492],[-58.4242591,-34.5528957],[-58.4214072,-34.5536975],[-58.4175991,-34.5543744],[-58.413272,-34.5560787],[-58.4090256,-34.5591332],[-58.4042027,-34.5636992],[-58.4010207,-34.5665698],[-58.4018034,-34.5651524],[-58.4011322,-34.5669492],[-58.401432,-34.5680998],[-58.4000793,-34.5694023],[-58.3943781,-34.572674],[-58.3898652,-34.5757082],[-58.3888222,-34.5773135],[-58.3851395,-34.5783645],[-58.381146,-34.5798519],[-58.3784751,-34.5802275],[-58.3752767,-34.5806004],[-58.3708397,-34.5831234],[-58.3702396,-34.585507],[-58.3718684,-34.5882489],[-58.3727376,-34.5895058],[-58.373905,-34.5910821],[-58.3746874,-34.5920086],[-58.3735733,-34.5938974],[-58.3719619,-34.5969014],[-58.3705772,-34.6005773],[-58.3702999,-34.6030091],[-58.3700551,-34.6058592],[-58.3685147,-34.6072955],[-58.3689133,-34.6089453],[-58.3694846,-34.610457],[-58.3692679,-34.6145638],[-58.3694067,-34.6176138],[-58.3683991,-34.6204736],[-58.3680086,-34.6239064],[-58.3678675,-34.6271778],[-58.3662796,-34.628474],[-58.3629577,-34.6306476],[-58.3603483,-34.6328437],[-58.3588981,-34.6337503],[-58.3543704,-34.6391271],[-58.3515577,-34.6415691],[-58.3492324,-34.6434325],[-58.3475977,-34.644878],[-58.3478113,-34.6529584],[-58.3465714,-34.6583478],[-58.3500988,-34.6621371],[-58.3449345,-34.6700528],[-58.3485724,-34.672256],[-58.3480716,-34.6768738],[-58.351655,-34.6818349],[-58.3567174,-34.6880497],[-58.3566124,-34.693079],[-58.3616841,-34.6984588],[-58.3626714,-34.7033126],[-58.3582058,-34.7055441],[-58.3537193,-34.7094348],[-58.3524403,-34.713402],[-58.3568315,-34.7172171],[-58.3612134,-34.7210276],[-58.3587471,-34.724448],[-58.3515885,-34.7299856],[-58.350098,-34.732985],[-58.3484521,-34.7372903],[-58.3452186,-34.7461499],[-58.3432106,-34.751631],[-58.3404193,-34.7507713],[-58.3370626,-34.7538796],[-58.3347867,-34.7570785],[-58.331501,-34.7614166],[-58.328993,-34.7647109]]}},{"type":"Feature","properties":{"linea":"33","linea_nombre":"Línea 33","ramal":"M","sentido":"IDA","subgrupo":"Línea 33","subgrupo_detalle":"Ramal M","color_hex":"#2563eb","operador":"Transportes Almirante Brown S.A.","cabecera_inicio":"","cabecera_fin":"Pabellón 3","nombre":"Línea 33 - M - IDA","numero":"33","categoria":"NACIONAL","subcategoria":"M","color":"#2563eb","descripcion":"Línea 33 - M: San José → Dock Sud → Ciudad Universitaria","network":"NACIONAL","routeId":"osm:14022215","source":"OpenStreetMap","license":"ODbL-1.0"},"geometry":{"type":"LineString","coordinates":[[-58.328993,-34.7647109],[-58.3320488,-34.760546],[-58.3368724,-34.7540185],[-58.3401977,-34.7506921],[-58.3409633,-34.7510281],[-58.3434105,-34.7507687],[-58.3473196,-34.740408],[-58.3482455,-34.7378363],[-58.3509002,-34.7308022],[-58.3511885,-34.730272],[-58.3592306,-34.724066],[-58.3621006,-34.7218099],[-58.354177,-34.714897],[-58.3521848,-34.7107834],[-58.3579034,-34.7058129],[-58.360061,-34.7045162],[-58.3638234,-34.7023604],[-58.3625468,-34.6992532],[-58.3603028,-34.6969901],[-58.3565044,-34.6929893],[-58.3557456,-34.6889477],[-58.3537729,-34.6854139],[-58.3469426,-34.6800557],[-58.3452807,-34.6775384],[-58.344197,-34.6738807],[-58.3440026,-34.6670956],[-58.3436296,-34.6553878],[-58.3434128,-34.6479189],[-58.3470979,-34.6450061],[-58.3492977,-34.6433083],[-58.3515577,-34.6415691],[-58.3517282,-34.6413654],[-58.3590433,-34.6337023],[-58.3596513,-34.6336151],[-58.3607534,-34.6321225],[-58.3637779,-34.6300244],[-58.3665509,-34.6282221],[-58.3678546,-34.6259269],[-58.3681605,-34.6228086],[-58.3687256,-34.6188748],[-58.3691164,-34.6158027],[-58.3693428,-34.6121831],[-58.3694333,-34.6095428],[-58.3684676,-34.6084647],[-58.3688344,-34.6067341],[-58.3700479,-34.6053301],[-58.370313,-34.6019805],[-58.3710915,-34.598392],[-58.3722554,-34.5960195],[-58.3735823,-34.5932279],[-58.3735153,-34.5910682],[-58.3731037,-34.5903636],[-58.3722541,-34.5893531],[-58.3710475,-34.5890104],[-58.3728428,-34.5838067],[-58.3747197,-34.5806293],[-58.375795,-34.5814237],[-58.3789743,-34.5820807],[-58.3809938,-34.5799372],[-58.3838456,-34.5783518],[-58.3883579,-34.5772709],[-58.3921961,-34.5739405],[-58.392551,-34.5737412],[-58.3998241,-34.5695577],[-58.4003828,-34.5689747],[-58.4009115,-34.5676674],[-58.4012374,-34.5659134],[-58.4031706,-34.5642957],[-58.4069962,-34.5610857],[-58.4101166,-34.5580409],[-58.4130326,-34.5560606],[-58.4175137,-34.554273],[-58.4208228,-34.5537013],[-58.4248556,-34.5527106],[-58.4278969,-34.5515241],[-58.4303007,-34.5499977],[-58.4310369,-34.5482679],[-58.43094,-34.5465616],[-58.4313977,-34.5451175],[-58.4336091,-34.5434008],[-58.436402,-34.5426155],[-58.4375878,-34.5428393],[-58.4383728,-34.5441918],[-58.4391548,-34.5453766],[-58.4409839,-34.5453992],[-58.4413145,-34.54337],[-58.4431015,-34.5428011],[-58.4448644,-34.542257],[-58.4448094,-34.5422741]]}},{"type":"Feature","properties":{"linea":"338","linea_nombre":"Línea 338","ramal":"P","sentido":"IDA","subgrupo":"Línea 338","subgrupo_detalle":"Ramal P","color_hex":"#2563eb","operador":"Transporte Automotor La Plata S.A.","cabecera_inicio":"La Plata","cabecera_fin":"Morón Sur","nombre":"Línea 338 - P - IDA","numero":"338","categoria":"PROVINCIAL","subcategoria":"P","color":"#2563eb","descripcion":"Línea 338: La Plata → x ex Pasco → Morón","network":"PROVINCIAL","routeId":"osm:3766234,3769073","source":"OpenStreetMap","license":"ODbL-1.0"},"geometry":{"type":"LineString","coordinates":[[-57.939331,-34.939518],[-57.93524,-34.935797],[-57.934096,-34.936643],[-57.935418,-34.937862],[-57.935429,-34.938043],[-57.935334,-34.938177],[-57.935145,-34.938258],[-57.934924,-34.938239],[-57.921146,-34.925706],[-57.920694,-34.925244],[-57.920697,-34.925039],[-57.920859,-34.924885],[-57.92114,-34.924859],[-57.921743,-34.925352],[-57.927899,-34.920771],[-57.927568,-34.920449],[-57.927525,-34.920284],[-57.927583,-34.920164],[-57.928031,-34.919825],[-57.929215,-34.919774],[-57.936479,-34.914449],[-57.936602,-34.914439],[-57.947796,-34.905992],[-57.950264,-34.904321],[-57.95041,-34.904333],[-57.953325,-34.907028],[-57.954456,-34.906189],[-57.954341,-34.906094],[-57.955463,-34.905256],[-57.955656,-34.905432],[-57.955376,-34.909802],[-57.955449,-34.909951],[-57.955859,-34.910115],[-57.95604,-34.910267],[-57.956223,-34.910815],[-57.955999,-34.911232],[-57.95609,-34.9114],[-57.960862,-34.915719],[-57.960972,-34.915788],[-57.962047,-34.915792],[-57.975041,-34.906154],[-57.974029,-34.905239],[-57.974407,-34.905025],[-57.974684,-34.905043],[-57.97558,-34.905819],[-57.977298,-34.904414],[-57.98214,-34.900846],[-57.982873,-34.900502],[-57.984837,-34.899022],[-57.985536,-34.898392],[-57.985974,-34.897702],[-57.986478,-34.89739],[-57.987038,-34.897263],[-57.988554,-34.8971],[-57.989861,-34.896834],[-57.99069,-34.896618],[-57.992337,-34.895947],[-57.994306,-34.895465],[-58.043886,-34.883929],[-58.050926,-34.882192],[-58.061544,-34.879778],[-58.080185,-34.87539],[-58.085724,-34.874011],[-58.088596,-34.873073],[-58.094261,-34.870728],[-58.116137,-34.861537],[-58.14154,-34.850982],[-58.145968,-34.849059],[-58.148729,-34.847543],[-58.152686,-34.845078],[-58.153773,-34.844608],[-58.154114,-34.844304],[-58.154359,-34.843912],[-58.156148,-34.843776],[-58.157573,-34.843565],[-58.158194,-34.843371],[-58.160849,-34.842266],[-58.164337,-34.841301],[-58.16946,-34.839659],[-58.170416,-34.839395],[-58.171601,-34.839211],[-58.172696,-34.839179],[-58.173657,-34.83924],[-58.187722,-34.840832],[-58.188251,-34.840756],[-58.188681,-34.840361],[-58.189027,-34.840212],[-58.189487,-34.840262],[-58.189922,-34.840516],[-58.190253,-34.84052],[-58.223946,-34.82616],[-58.224904,-34.825534],[-58.225377,-34.825059],[-58.225946,-34.824283],[-58.22631,-34.823453],[-58.226439,-34.822843],[-58.226473,-34.821977],[-58.226067,-34.818328],[-58.226207,-34.817509],[-58.226613,-34.81659],[-58.237145,-34.802559],[-58.238782,-34.800485],[-58.239589,-34.799693],[-58.247152,-34.793969],[-58.250742,-34.791998],[-58.252088,-34.791023],[-58.255988,-34.786862],[-58.260437,-34.781911],[-58.260532,-34.78163],[-58.260408,-34.781354],[-58.260143,-34.78123],[-58.259753,-34.781326],[-58.259605,-34.781653],[-58.259837,-34.781945],[-58.260806,-34.782081],[-58.261132,-34.782039],[-58.261292,-34.781887],[-58.261491,-34.781409],[-58.261799,-34.781115],[-58.262605,-34.780802],[-58.283414,-34.769494],[-58.285751,-34.76804],[-58.286986,-34.767161],[-58.2893,-34.765246],[-58.319322,-34.739246],[-58.319535,-34.739243],[-58.319687,-34.73932],[-58.319867,-34.739679],[-58.320127,-34.739959],[-58.33249,-34.747313],[-58.338125,-34.750079],[-58.340198,-34.750692],[-58.340963,-34.751028],[-58.351373,-34.756486],[-58.370154,-34.765656],[-58.377601,-34.769547],[-58.393299,-34.77805],[-58.393953,-34.778486],[-58.395331,-34.779216],[-58.396692,-34.779804],[-58.398569,-34.780828],[-58.399069,-34.781264],[-58.400363,-34.781972],[-58.402608,-34.779171],[-58.397947,-34.776649],[-58.396808,-34.776102],[-58.396913,-34.775016],[-58.397029,-34.774934],[-58.397383,-34.774916],[-58.397529,-34.7748],[-58.398631,-34.764095],[-58.398665,-34.763369],[-58.398038,-34.759769],[-58.403738,-34.759014],[-58.40511,-34.765572],[-58.409657,-34.767991],[-58.428908,-34.76522],[-58.429247,-34.765306],[-58.433357,-34.767688],[-58.434564,-34.766107],[-58.436595,-34.767178],[-58.437632,-34.767967],[-58.441762,-34.770162],[-58.453953,-34.776432],[-58.457653,-34.77841],[-58.457955,-34.778519],[-58.458283,-34.778476],[-58.458542,-34.778282],[-58.458963,-34.77764],[-58.459702,-34.776758],[-58.46066,-34.776265],[-58.462317,-34.775102],[-58.464282,-34.774202],[-58.46923,-34.772469],[-58.470665,-34.77186],[-58.4726,-34.770706],[-58.473482,-34.770034],[-58.474512,-34.769085],[-58.487942,-34.751368],[-58.49459,-34.742424],[-58.497444,-34.738786],[-58.503808,-34.730151],[-58.505233,-34.728507],[-58.508525,-34.725193],[-58.509443,-34.724384],[-58.516566,-34.719059],[-58.522589,-34.714231],[-58.539974,-34.701012],[-58.540494,-34.700583],[-58.541158,-34.699857],[-58.542145,-34.699349],[-58.542597,-34.698917],[-58.543943,-34.697888],[-58.557664,-34.687421],[-58.559673,-34.685972],[-58.559854,-34.685736],[-58.559851,-34.685505],[-58.560119,-34.685255],[-58.560722,-34.685184],[-58.561984,-34.684606],[-58.584396,-34.679468],[-58.598667,-34.667639],[-58.599203,-34.667278],[-58.599523,-34.666864],[-58.599737,-34.665507],[-58.599821,-34.66536],[-58.606668,-34.659632],[-58.607512,-34.660308],[-58.617668,-34.660351],[-58.617342,-34.649269],[-58.619129,-34.649253]]}},{"type":"Feature","properties":{"linea":"338","linea_nombre":"Línea 338","ramal":"P","sentido":"VUELTA","subgrupo":"Línea 338","subgrupo_detalle":"Ramal P","color_hex":"#2563eb","operador":"Transporte Automotor La Plata S.A.","cabecera_inicio":"Morón","cabecera_fin":"La Plata","nombre":"Línea 338 - P - VUELTA","numero":"338","categoria":"PROVINCIAL","subcategoria":"P","color":"#2563eb","descripcion":"Línea 338: La Plata → x ex Pasco → Morón","network":"PROVINCIAL","routeId":"osm:3766234,3769073","source":"OpenStreetMap","license":"ODbL-1.0"},"geometry":{"type":"LineString","coordinates":[[-58.618473,-34.646896],[-58.618705,-34.660478],[-58.607694,-34.660363],[-58.607512,-34.660308],[-58.600428,-34.666133],[-58.599929,-34.666865],[-58.598705,-34.668],[-58.584637,-34.679625],[-58.584262,-34.679792],[-58.583443,-34.679994],[-58.562572,-34.684727],[-58.561837,-34.684954],[-58.561562,-34.685116],[-58.561023,-34.685873],[-58.560047,-34.686064],[-58.559783,-34.6862],[-58.5533,-34.691199],[-58.542612,-34.699273],[-58.542189,-34.699933],[-58.541917,-34.700175],[-58.541528,-34.700431],[-58.540664,-34.700788],[-58.540096,-34.701121],[-58.527415,-34.710654],[-58.520049,-34.716414],[-58.519429,-34.716984],[-58.516662,-34.720436],[-58.51547,-34.721802],[-58.513573,-34.723504],[-58.511351,-34.725005],[-58.508745,-34.726115],[-58.507955,-34.726526],[-58.506364,-34.727711],[-58.505587,-34.728386],[-58.504576,-34.729502],[-58.500523,-34.734975],[-58.495531,-34.741481],[-58.494925,-34.742393],[-58.474505,-34.769328],[-58.473872,-34.77034],[-58.473135,-34.771289],[-58.472224,-34.772205],[-58.471507,-34.772697],[-58.47102,-34.772918],[-58.469253,-34.773384],[-58.467799,-34.773487],[-58.465428,-34.774267],[-58.461344,-34.776267],[-58.461047,-34.776528],[-58.457778,-34.780866],[-58.457514,-34.781045],[-58.457312,-34.78107],[-58.457107,-34.780987],[-58.456977,-34.780692],[-58.457996,-34.779129],[-58.457976,-34.778855],[-58.457784,-34.778609],[-58.455987,-34.777607],[-58.43747,-34.767999],[-58.437261,-34.768034],[-58.436717,-34.76873],[-58.4353,-34.768031],[-58.433357,-34.767688],[-58.429247,-34.765306],[-58.428908,-34.76522],[-58.409657,-34.767991],[-58.40342,-34.764676],[-58.402758,-34.761601],[-58.401243,-34.761793],[-58.401667,-34.76422],[-58.402202,-34.76659],[-58.398392,-34.766448],[-58.397787,-34.772637],[-58.397088,-34.778182],[-58.401514,-34.780542],[-58.400363,-34.781972],[-58.396626,-34.779867],[-58.39527,-34.77928],[-58.393875,-34.77853],[-58.392942,-34.777895],[-58.376244,-34.768821],[-58.370601,-34.765941],[-58.36987,-34.766909],[-58.36874,-34.766347],[-58.369479,-34.765358],[-58.351373,-34.756486],[-58.340963,-34.751028],[-58.340198,-34.750692],[-58.338125,-34.750079],[-58.33249,-34.747313],[-58.320127,-34.739959],[-58.319331,-34.739812],[-58.31876,-34.739913],[-58.318302,-34.740124],[-58.317754,-34.740592],[-58.2893,-34.765246],[-58.286986,-34.767161],[-58.285751,-34.76804],[-58.283414,-34.769494],[-58.279141,-34.771806],[-58.278703,-34.772459],[-58.278526,-34.77259],[-58.27825,-34.772719],[-58.276944,-34.773001],[-58.262605,-34.780802],[-58.262025,-34.781561],[-58.261747,-34.782399],[-58.261603,-34.782604],[-58.260991,-34.783083],[-58.260603,-34.783175],[-58.259657,-34.783221],[-58.259248,-34.783497],[-58.253268,-34.78995],[-58.251806,-34.791363],[-58.250351,-34.792327],[-58.24721,-34.794049],[-58.239708,-34.799695],[-58.238452,-34.801018],[-58.226766,-34.816504],[-58.226334,-34.817426],[-58.226174,-34.818205],[-58.226168,-34.818782],[-58.226568,-34.822141],[-58.226543,-34.82279],[-58.226399,-34.823475],[-58.226034,-34.824318],[-58.225513,-34.825047],[-58.224968,-34.82559],[-58.223943,-34.826257],[-58.190267,-34.840646],[-58.190052,-34.84079],[-58.189784,-34.84123],[-58.189463,-34.841444],[-58.188888,-34.84144],[-58.188407,-34.841074],[-58.18801,-34.84093],[-58.186186,-34.841058],[-58.173609,-34.839636],[-58.17242,-34.839577],[-58.171549,-34.839621],[-58.170146,-34.83987],[-58.164566,-34.84167],[-58.159755,-34.843007],[-58.159043,-34.843253],[-58.157068,-34.844274],[-58.154431,-34.844579],[-58.153171,-34.844878],[-58.15214,-34.845396],[-58.148729,-34.847543],[-58.145968,-34.849059],[-58.14154,-34.850982],[-58.088596,-34.873073],[-58.085724,-34.874011],[-58.080185,-34.87539],[-58.052278,-34.88196],[-58.004409,-34.893118],[-58.004286,-34.893265],[-58.004293,-34.893426],[-58.004881,-34.893976],[-58.004835,-34.894234],[-58.001779,-34.896507],[-58.001592,-34.896532],[-58.00141,-34.896455],[-57.999086,-34.894384],[-57.992415,-34.895991],[-57.99034,-34.896874],[-57.987128,-34.897556],[-57.98661,-34.897807],[-57.982962,-34.900583],[-57.982458,-34.901131],[-57.975838,-34.906055],[-57.976502,-34.906668],[-57.976515,-34.906844],[-57.976413,-34.907001],[-57.976137,-34.907157],[-57.975105,-34.906222],[-57.962128,-34.915865],[-57.962081,-34.916679],[-57.961946,-34.916863],[-57.960861,-34.916814],[-57.960759,-34.916731],[-57.960856,-34.915873],[-57.956014,-34.911452],[-57.955827,-34.911351],[-57.95539,-34.911466],[-57.955092,-34.911465],[-57.954578,-34.911209],[-57.954356,-34.910697],[-57.954547,-34.910243],[-57.954522,-34.91007],[-57.951142,-34.907005],[-57.949986,-34.907841],[-57.947952,-34.905944],[-57.943714,-34.909182],[-57.943558,-34.909237],[-57.929249,-34.919897],[-57.92961,-34.920239],[-57.929658,-34.920387],[-57.929217,-34.920783],[-57.928938,-34.920904],[-57.927987,-34.920851],[-57.921833,-34.925435],[-57.940208,-34.942229],[-57.941368,-34.941371],[-57.939331,-34.939518]]}},{"type":"Feature","properties":{"linea":"37","linea_nombre":"Línea 37","ramal":"3","sentido":"IDA","subgrupo":"Línea 37","subgrupo_detalle":"Ramal 3","color_hex":"#2563eb","operador":"4 de Septiembre S.A.T.C.P.","cabecera_inicio":"Estación Lanús","cabecera_fin":"Pabellón 3","nombre":"Línea 37 - 3 - IDA","numero":"37","categoria":"NACIONAL","subcategoria":"3","color":"#2563eb","descripcion":"Línea 37 - Ramal 3: Remedios de Escalada → x Alcorta → Ciudad Universitaria","network":"NACIONAL","routeId":"osm:380916","source":"OpenStreetMap","license":"ODbL-1.0"},"geometry":{"type":"LineString","coordinates":[[-58.3935987,-34.7173075],[-58.3924834,-34.7122584],[-58.3916221,-34.7081872],[-58.391686,-34.7063766],[-58.3919919,-34.6983694],[-58.3905923,-34.6949496],[-58.3885434,-34.690091],[-58.3862256,-34.6845552],[-58.3872417,-34.6803446],[-58.3898541,-34.6780779],[-58.3922395,-34.6760236],[-58.3939113,-34.674583],[-58.3941279,-34.6736009],[-58.3906811,-34.6706005],[-58.3877434,-34.6680857],[-58.3896708,-34.6664397],[-58.3887413,-34.6640391],[-58.3881894,-34.6615316],[-58.3883631,-34.6593082],[-58.3887716,-34.6541873],[-58.3891112,-34.6499731],[-58.3894505,-34.6456971],[-58.3896957,-34.6425212],[-58.3899036,-34.6400745],[-58.3901696,-34.6364953],[-58.3905243,-34.6326698],[-58.3909323,-34.6293313],[-58.3913787,-34.6245858],[-58.3915234,-34.6219987],[-58.391687,-34.6175372],[-58.391713,-34.6140687],[-58.3917887,-34.6119452],[-58.3919455,-34.6093594],[-58.392271,-34.6048664],[-58.3924038,-34.6031576],[-58.3930622,-34.5985909],[-58.3933295,-34.595669],[-58.3927488,-34.5925371],[-58.3922042,-34.5915005],[-58.3942513,-34.5898183],[-58.3968393,-34.5877892],[-58.3960687,-34.588416],[-58.3983673,-34.586424],[-58.3998698,-34.5850823],[-58.400109,-34.584867],[-58.4005699,-34.5844534],[-58.4033226,-34.5834344],[-58.4049685,-34.5834517],[-58.407203,-34.5831599],[-58.4081202,-34.582871],[-58.4097639,-34.5823551],[-58.4104981,-34.5821283],[-58.4142519,-34.5817438],[-58.4142519,-34.5817438],[-58.4181633,-34.581512],[-58.4190415,-34.5814518],[-58.4196658,-34.5814098],[-58.4203697,-34.5809975],[-58.4200365,-34.5802789],[-58.4191228,-34.5793125],[-58.4186246,-34.5787776],[-58.4172779,-34.5773307],[-58.4148797,-34.5752423],[-58.4130679,-34.5758372],[-58.4099666,-34.5772311],[-58.4094733,-34.5763044],[-58.4098957,-34.5771012],[-58.4088301,-34.5736382],[-58.4114649,-34.5716782],[-58.4126558,-34.5710098],[-58.4164313,-34.5679648],[-58.4179645,-34.5666113],[-58.4206372,-34.563435],[-58.4239841,-34.5619473],[-58.4276822,-34.5590044],[-58.4345602,-34.5536234],[-58.4362967,-34.5521074],[-58.4371762,-34.5502778],[-58.43749,-34.547914],[-58.4385576,-34.5456098],[-58.4389062,-34.5452688],[-58.4394497,-34.5454064],[-58.4411046,-34.5452887],[-58.4412313,-34.5434136],[-58.4429943,-34.5428325],[-58.4441127,-34.5424851],[-58.4448094,-34.5422741]]}},{"type":"Feature","properties":{"linea":"37","linea_nombre":"Línea 37","ramal":"4","sentido":"IDA","subgrupo":"Línea 37","subgrupo_detalle":"Ramal 4","color_hex":"#2563eb","operador":"4 de Septiembre S.A.T.C.P.","cabecera_inicio":"Estación Lanús","cabecera_fin":"Pabellón 3","nombre":"Línea 37 - 4 - IDA","numero":"37","categoria":"NACIONAL","subcategoria":"4","color":"#2563eb","descripcion":"Línea 37 - Ramal 4: Remedios de Escalada → Aeroparque → Ciudad Universitaria","network":"NACIONAL","routeId":"osm:380924","source":"OpenStreetMap","license":"ODbL-1.0"},"geometry":{"type":"LineString","coordinates":[[-58.3935987,-34.7173075],[-58.3921004,-34.7104967],[-58.3916507,-34.7074798],[-58.3919103,-34.6999431],[-58.39093,-34.6957441],[-58.3885434,-34.690091],[-58.3853057,-34.6823469],[-58.3887563,-34.6790283],[-58.3913597,-34.6767828],[-58.3935768,-34.6748692],[-58.3941279,-34.6736009],[-58.390567,-34.6704707],[-58.3894641,-34.6667866],[-58.3894806,-34.6657221],[-58.3881461,-34.6622203],[-58.3883631,-34.6593082],[-58.3888554,-34.6531279],[-58.3894188,-34.6460892],[-58.3896655,-34.6428236],[-58.3898759,-34.6404365],[-58.3901696,-34.6364953],[-58.3906332,-34.6317084],[-58.3911702,-34.6272422],[-58.3914961,-34.6227192],[-58.3916892,-34.6178065],[-58.391713,-34.6140687],[-58.391806,-34.6114889],[-58.3920486,-34.6079771],[-58.3923254,-34.6041256],[-58.3929505,-34.5995859],[-58.3933295,-34.595669],[-58.3918899,-34.591752],[-58.3935066,-34.5904269],[-58.39725,-34.5874414],[-58.3962951,-34.5882345],[-58.3983673,-34.586424],[-58.3991809,-34.5856916],[-58.4010923,-34.5839955],[-58.4012331,-34.583872],[-58.4020724,-34.583429],[-58.407203,-34.5831599],[-58.4080048,-34.5829071],[-58.4101178,-34.5822455],[-58.4117581,-34.581889],[-58.4146194,-34.5817231],[-58.4181633,-34.581512],[-58.4196279,-34.5814116],[-58.4200446,-34.5813117],[-58.4202922,-34.5805521],[-58.4194969,-34.5797081],[-58.4186246,-34.5787776],[-58.415495,-34.5755026],[-58.4141797,-34.5754269],[-58.4109478,-34.5767917],[-58.4093163,-34.5761613],[-58.4098957,-34.5771012],[-58.4089192,-34.5735774],[-58.4113089,-34.570928],[-58.4095174,-34.5690788],[-58.4088737,-34.568413],[-58.4077366,-34.5670837],[-58.4063154,-34.5666028],[-58.4049204,-34.5672425],[-58.4022354,-34.5679561],[-58.4009028,-34.5689481],[-58.4004895,-34.5683111],[-58.4010207,-34.5665698],[-58.4016469,-34.565321],[-58.4042027,-34.5636992],[-58.4074334,-34.5606291],[-58.4102465,-34.5579286],[-58.4131889,-34.5559712],[-58.4175137,-34.554273],[-58.420255,-34.5538228],[-58.4238616,-34.5530122],[-58.4273353,-34.5517748],[-58.42964,-34.550518],[-58.4308974,-34.5490422],[-58.4309833,-34.5472185],[-58.4310275,-34.5459979],[-58.4319992,-34.5444055],[-58.4345167,-34.5430412],[-58.4367076,-34.5426444],[-58.437556,-34.5429167],[-58.4384666,-34.5444032],[-58.4391548,-34.5453766],[-58.4408726,-34.5454102],[-58.4411448,-34.5434837],[-58.4428509,-34.542871],[-58.4443251,-34.5424198],[-58.4448094,-34.5422741]]}},{"type":"Feature","properties":{"linea":"37","linea_nombre":"Línea 37","ramal":"1","sentido":"IDA","subgrupo":"Línea 37","subgrupo_detalle":"Ramal 1","color_hex":"#2563eb","operador":"4 de Septiembre S.A.T.C.P.","cabecera_inicio":"Estación Lanús","cabecera_fin":"Cerviño y Kennedy","nombre":"Línea 37 - 1 - IDA","numero":"37","categoria":"NACIONAL","subcategoria":"1","color":"#2563eb","descripcion":"Línea 37 - Ramal 1: Remedios de Escalada → Plaza Italia","network":"NACIONAL","routeId":"osm:380926","source":"OpenStreetMap","license":"ODbL-1.0"},"geometry":{"type":"LineString","coordinates":[[-58.3935987,-34.7173075],[-58.3926149,-34.7128726],[-58.3919038,-34.7095898],[-58.3916301,-34.7080369],[-58.3916632,-34.707059],[-58.3918562,-34.7013236],[-58.3919495,-34.6981508],[-58.390617,-34.6949907],[-58.3893783,-34.6920387],[-58.3877253,-34.6881498],[-58.3862256,-34.6845552],[-58.3858595,-34.6815458],[-58.3887563,-34.6790283],[-58.3901817,-34.6778037],[-58.3917255,-34.6764776],[-58.393156,-34.6752305],[-58.3941034,-34.6743696],[-58.3941608,-34.673672],[-58.3926006,-34.6722714],[-58.3896879,-34.6697137],[-58.3877434,-34.6680857],[-58.3896085,-34.6666266],[-58.389631,-34.6660942],[-58.3886264,-34.6637727],[-58.3881461,-34.6622203],[-58.3882198,-34.6611035],[-58.3884582,-34.6579758],[-58.3887067,-34.6549014],[-58.3890072,-34.6511997],[-58.3893601,-34.6468213],[-58.3894505,-34.6456971],[-58.3896681,-34.6427734],[-58.3897748,-34.6416783],[-58.3899136,-34.6399416],[-58.3900642,-34.6378207],[-58.3903532,-34.6341646],[-58.3906332,-34.6317084],[-58.3909007,-34.6295468],[-58.3912493,-34.6263105],[-58.39145,-34.6234703],[-58.3915234,-34.6219987],[-58.3916923,-34.618148],[-58.3916726,-34.6164005],[-58.3917163,-34.6139665],[-58.3917657,-34.6126495],[-58.3918669,-34.6102056],[-58.3919878,-34.6087967],[-58.3922451,-34.605168],[-58.3923254,-34.6041256],[-58.3927985,-34.6006038],[-58.3930622,-34.5985909],[-58.3931989,-34.5972259],[-58.3930956,-34.5938178],[-58.3921124,-34.5919553],[-58.3924974,-34.5912588],[-58.3929162,-34.5909149],[-58.393949,-34.590058],[-58.3969239,-34.5877211],[-58.3964626,-34.5880996],[-58.3975511,-34.5871852],[-58.3983673,-34.586424],[-58.3991056,-34.5857574],[-58.4005699,-34.5844534],[-58.4000125,-34.5849536],[-58.4007787,-34.5842704],[-58.4012591,-34.583854],[-58.403024,-34.5834321],[-58.4052435,-34.5834572],[-58.4068501,-34.5832686],[-58.4068501,-34.5832686],[-58.4081202,-34.582871],[-58.4074537,-34.5830796],[-58.4101178,-34.5822455],[-58.4102157,-34.5822149],[-58.4112505,-34.5819225],[-58.4148455,-34.5817103],[-58.4168179,-34.5815989],[-58.4152305,-34.5816885],[-58.4190415,-34.5814518],[-58.4195792,-34.5814152],[-58.4196658,-34.5814098],[-58.4202491,-34.581182],[-58.4203664,-34.5807322],[-58.4201669,-34.5804204],[-58.4194969,-34.5797081],[-58.417539,-34.577612],[-58.4187785,-34.5789428],[-58.4175693,-34.5770793],[-58.4182772,-34.5760708],[-58.4198018,-34.5762414],[-58.4198334,-34.5762499]]}},{"type":"Feature","properties":{"linea":"37","linea_nombre":"Línea 37","ramal":"3","sentido":"IDA","subgrupo":"Línea 37","subgrupo_detalle":"Ramal 3","color_hex":"#2563eb","operador":"4 de Septiembre S.A.T.C.P.","cabecera_inicio":"Ciudad Universitaria","cabecera_fin":"Lanús","nombre":"Línea 37 - 3 - IDA","numero":"37","categoria":"NACIONAL","subcategoria":"3","color":"#2563eb","descripcion":"Línea 37 - Ramal 3: Ciudad Universitaria → x Alcorta → Remedios de Escalada","network":"NACIONAL","routeId":"osm:380915","source":"OpenStreetMap","license":"ODbL-1.0"},"geometry":{"type":"LineString","coordinates":[[-58.4453917,-34.5420294],[-58.443583,-34.5426486],[-58.4412749,-34.5434556],[-58.441118,-34.5452225],[-58.4396565,-34.5454053],[-58.4390333,-34.5454533],[-58.4385041,-34.5464585],[-58.4385192,-34.5471924],[-58.441632,-34.5460378],[-58.4488849,-34.5417402],[-58.4499156,-34.5409883],[-58.4495248,-34.5404998],[-58.448697,-34.5407466],[-58.4485074,-34.5415814],[-58.4427595,-34.5461479],[-58.4304507,-34.5528729],[-58.4245715,-34.5568526],[-58.4261879,-34.5580625],[-58.4275403,-34.5594734],[-58.4267422,-34.560928],[-58.4238909,-34.5622304],[-58.4218351,-34.5646613],[-58.4202966,-34.5655281],[-58.4217539,-34.5684191],[-58.4239732,-34.5707021],[-58.4226679,-34.5714643],[-58.418476,-34.5747111],[-58.4184802,-34.575261],[-58.4176887,-34.5769561],[-58.4174249,-34.5772163],[-58.4187785,-34.5789428],[-58.4202922,-34.5805521],[-58.4213303,-34.5807134],[-58.4208256,-34.5817753],[-58.4201032,-34.5815429],[-58.4192701,-34.5814361],[-58.4161784,-34.581635],[-58.4145197,-34.5817287],[-58.4110757,-34.581956],[-58.4087181,-34.5826838],[-58.4074537,-34.5830796],[-58.4047384,-34.5834507],[-58.4024474,-34.5834278],[-58.4008825,-34.5841793],[-58.3999416,-34.585017],[-58.3980579,-34.5867078],[-58.3968393,-34.5877892],[-58.3958629,-34.5885764],[-58.3935066,-34.5904269],[-58.392165,-34.5937329],[-58.3916135,-34.5991516],[-58.3908648,-34.6030777],[-58.3907413,-34.6064831],[-58.3919583,-34.6092277],[-58.3932508,-34.613621],[-58.3931909,-34.6177948],[-58.3929999,-34.622367],[-58.3923215,-34.6263991],[-58.3916385,-34.6299083],[-58.3905243,-34.6326698],[-58.390257,-34.635384],[-58.3900642,-34.6378207],[-58.3898759,-34.6404365],[-58.3898148,-34.6411892],[-58.3894275,-34.6459814],[-58.3893601,-34.6468213],[-58.3889068,-34.6524272],[-58.3886568,-34.6556145],[-58.3885433,-34.6569229],[-58.3882862,-34.6602804],[-58.3881695,-34.6624973],[-58.3886264,-34.6637727],[-58.3878256,-34.6680216],[-58.3889084,-34.6689397],[-58.3922789,-34.6706356],[-58.3936103,-34.6731079],[-58.3941793,-34.6742023],[-58.3932545,-34.6751358],[-58.3925073,-34.6757903],[-58.3908246,-34.6772355],[-58.3901817,-34.6778037],[-58.3884982,-34.6792542],[-58.3858595,-34.6815458],[-58.3868308,-34.6856428],[-58.3890399,-34.6909252],[-58.3910792,-34.6957688],[-58.391954,-34.7022678],[-58.3917525,-34.7080402],[-58.3931302,-34.7145609],[-58.3936322,-34.7169249]]}},{"type":"Feature","properties":{"linea":"37","linea_nombre":"Línea 37","ramal":"4","sentido":"IDA","subgrupo":"Línea 37","subgrupo_detalle":"Ramal 4","color_hex":"#2563eb","operador":"4 de Septiembre S.A.T.C.P.","cabecera_inicio":"Ciudad Universitaria","cabecera_fin":"Lanús","nombre":"Línea 37 - 4 - IDA","numero":"37","categoria":"NACIONAL","subcategoria":"4","color":"#2563eb","descripcion":"Línea 37 - Ramal 4: Ciudad Universitaria → Aeroparque → Remedios de Escalada","network":"NACIONAL","routeId":"osm:380923","source":"OpenStreetMap","license":"ODbL-1.0"},"geometry":{"type":"LineString","coordinates":[[-58.4453917,-34.5420294],[-58.4434737,-34.5426829],[-58.4411341,-34.5435887],[-58.4392287,-34.5454069],[-58.4410657,-34.5453461],[-58.4387941,-34.5455659],[-58.4379784,-34.5435511],[-58.43736,-34.542931],[-58.436402,-34.5426155],[-58.4309489,-34.5468952],[-58.4312022,-34.5454959],[-58.4321883,-34.5442537],[-58.4353137,-34.5428121],[-58.4309719,-34.548818],[-58.4302028,-34.5501037],[-58.4263669,-34.5521695],[-58.4283504,-34.5512986],[-58.4224247,-34.5533771],[-58.4194324,-34.5540933],[-58.4172396,-34.5544672],[-58.4125444,-34.556499],[-58.4087656,-34.5593811],[-58.4042027,-34.5636992],[-58.4074334,-34.5606291],[-58.4015251,-34.5654646],[-58.4011408,-34.5667344],[-58.4010819,-34.567766],[-58.4034316,-34.567732],[-58.4053981,-34.5670044],[-58.4070663,-34.5666285],[-58.40902,-34.5685713],[-58.4115617,-34.5711085],[-58.4127041,-34.572355],[-58.4151304,-34.5746374],[-58.4154801,-34.5752627],[-58.417539,-34.577612],[-58.4198876,-34.5801233],[-58.4207664,-34.5807548],[-58.4217343,-34.5810796],[-58.4202711,-34.5816881],[-58.4193938,-34.5814276],[-58.4168179,-34.5815989],[-58.4145197,-34.5817287],[-58.4109743,-34.5819822],[-58.4083497,-34.5827991],[-58.407096,-34.5831937],[-58.403563,-34.5834362],[-58.4013095,-34.583819],[-58.400285,-34.5847066],[-58.3985614,-34.5862448],[-58.3971215,-34.5875589],[-58.3962051,-34.5883067],[-58.3935624,-34.5903808],[-58.392165,-34.5937329],[-58.3916064,-34.5992251],[-58.3908648,-34.6030777],[-58.3906284,-34.6084578],[-58.3933752,-34.6095938],[-58.3931784,-34.615767],[-58.3931981,-34.620145],[-58.3926089,-34.6247608],[-58.3918795,-34.6287173],[-58.3904062,-34.6336953],[-58.3903532,-34.6341646],[-58.3900642,-34.6378207],[-58.3898933,-34.6402109],[-58.3898607,-34.6406269],[-58.3894411,-34.6458138],[-58.3890423,-34.6507512],[-58.3889068,-34.6524272],[-58.3886143,-34.6561954],[-58.3883293,-34.6597873],[-58.3882697,-34.662878],[-58.3889711,-34.6645636],[-58.3894806,-34.6657221],[-58.3889084,-34.6689397],[-58.3924428,-34.6706303],[-58.3941279,-34.6736009],[-58.3942196,-34.6739464],[-58.3932545,-34.6751358],[-58.3917255,-34.6764776],[-58.390338,-34.677663],[-58.3888456,-34.6789464],[-58.3872417,-34.6803446],[-58.3863374,-34.6844767],[-58.3886456,-34.6899919],[-58.3910792,-34.6957688],[-58.3919524,-34.7023821],[-58.3917532,-34.7083322],[-58.3936322,-34.7169249]]}},{"type":"Feature","properties":{"linea":"373","linea_nombre":"Línea 373","ramal":"2","sentido":"IDA","subgrupo":"Línea 373","subgrupo_detalle":"Ramal 2","color_hex":"#2563eb","operador":"General Tomas Guido S.A.","cabecera_inicio":"","cabecera_fin":"","nombre":"Línea 373 - 2 - IDA","numero":"373","categoria":"PROVINCIAL","subcategoria":"2","color":"#2563eb","descripcion":"Línea 373 - Ramal 2: Isla Maciel → San José","network":"PROVINCIAL","routeId":"osm:16322940,16322973","source":"OpenStreetMap","license":"ODbL-1.0"},"geometry":{"type":"LineString","coordinates":[[-58.350509,-34.643726],[-58.354857,-34.639503],[-58.355623,-34.638911]]}},{"type":"Feature","properties":{"linea":"373","linea_nombre":"Línea 373","ramal":"1","sentido":"IDA","subgrupo":"Línea 373","subgrupo_detalle":"Ramal 1","color_hex":"#2563eb","operador":"General Tomas Guido S.A.","cabecera_inicio":"","cabecera_fin":"","nombre":"Línea 373 - 1 - IDA","numero":"373","categoria":"PROVINCIAL","subcategoria":"1","color":"#2563eb","descripcion":"Línea 373 - Ramal 1: Isla Maciel → San José","network":"PROVINCIAL","routeId":"osm:16322541,16322803","source":"OpenStreetMap","license":"ODbL-1.0"},"geometry":{"type":"LineString","coordinates":[[-58.350509,-34.643726],[-58.354857,-34.639503],[-58.355623,-34.638911]]}},{"type":"Feature","properties":{"linea":"373","linea_nombre":"Línea 373","ramal":"1","sentido":"IDA","subgrupo":"Línea 373","subgrupo_detalle":"Ramal 1","color_hex":"#2563eb","operador":"General Tomas Guido S.A.","cabecera_inicio":"","cabecera_fin":"","nombre":"Línea 373 - 1 - IDA","numero":"373","categoria":"PROVINCIAL","subcategoria":"1","color":"#2563eb","descripcion":"Línea 373 - Ramal 1: Isla Maciel → San José","network":"PROVINCIAL","routeId":"osm:16322541,16322803","source":"OpenStreetMap","license":"ODbL-1.0"},"geometry":{"type":"LineString","coordinates":[[-58.350509,-34.643726],[-58.34962,-34.643281],[-58.347844,-34.644566],[-58.34761,-34.644847],[-58.347892,-34.655306],[-58.350704,-34.655244],[-58.350675,-34.654068],[-58.353717,-34.654032],[-58.365353,-34.662109],[-58.370109,-34.658603],[-58.370133,-34.658346],[-58.369663,-34.657776],[-58.369601,-34.657382],[-58.369723,-34.657006],[-58.369914,-34.656735],[-58.37017,-34.656566],[-58.370439,-34.65651],[-58.371803,-34.657686],[-58.372047,-34.657776],[-58.373873,-34.659641],[-58.374782,-34.660682],[-58.380322,-34.668733],[-58.381003,-34.670471],[-58.382483,-34.675485],[-58.382912,-34.676655],[-58.385828,-34.683262],[-58.386129,-34.683371],[-58.386856,-34.684053],[-58.378805,-34.69017],[-58.369229,-34.698293],[-58.367594,-34.699284],[-58.362798,-34.703223],[-58.362075,-34.70363],[-58.358539,-34.705266],[-58.324382,-34.734856],[-58.327078,-34.736351],[-58.327683,-34.737573],[-58.328928,-34.738488],[-58.328085,-34.739556],[-58.325128,-34.742937],[-58.330893,-34.746395],[-58.328556,-34.74952],[-58.325754,-34.753044],[-58.330752,-34.755536],[-58.328289,-34.758864],[-58.328212,-34.758823],[-58.328023,-34.759055],[-58.325745,-34.762072]]}},{"type":"Feature","properties":{"linea":"373","linea_nombre":"Línea 373","ramal":"1","sentido":"VUELTA","subgrupo":"Línea 373","subgrupo_detalle":"Ramal 1","color_hex":"#2563eb","operador":"General Tomas Guido S.A.","cabecera_inicio":"","cabecera_fin":"","nombre":"Línea 373 - 1 - VUELTA","numero":"373","categoria":"PROVINCIAL","subcategoria":"1","color":"#2563eb","descripcion":"Línea 373 - Ramal 1: Isla Maciel → San José","network":"PROVINCIAL","routeId":"osm:16322541,16322803","source":"OpenStreetMap","license":"ODbL-1.0"},"geometry":{"type":"LineString","coordinates":[[-58.325745,-34.762072],[-58.328023,-34.759055],[-58.328212,-34.758823],[-58.328289,-34.758864],[-58.330752,-34.755536],[-58.325754,-34.753044],[-58.328556,-34.74952],[-58.330893,-34.746395],[-58.325128,-34.742937],[-58.328085,-34.739556],[-58.328928,-34.738488],[-58.327683,-34.737573],[-58.327078,-34.736351],[-58.324382,-34.734856],[-58.359663,-34.704308],[-58.360061,-34.704516],[-58.361547,-34.70388],[-58.362798,-34.703223],[-58.367594,-34.699284],[-58.369229,-34.698293],[-58.378805,-34.69017],[-58.385021,-34.685396],[-58.386226,-34.684555],[-58.382619,-34.676252],[-58.380863,-34.670413],[-58.380289,-34.668935],[-58.374955,-34.661107],[-58.373702,-34.659647],[-58.37337,-34.659696],[-58.372811,-34.66073],[-58.372737,-34.660736],[-58.370973,-34.660513],[-58.370402,-34.659714],[-58.370176,-34.659643],[-58.369347,-34.660258],[-58.3684,-34.661401],[-58.366444,-34.664324],[-58.362612,-34.661577],[-58.363343,-34.660731],[-58.363243,-34.660645],[-58.353717,-34.654032],[-58.346425,-34.654158],[-58.346204,-34.6457],[-58.34929,-34.643224],[-58.349507,-34.642924],[-58.349757,-34.642927],[-58.349909,-34.643066],[-58.349847,-34.643235],[-58.34967,-34.643285],[-58.350509,-34.643726],[-58.354857,-34.639503],[-58.355623,-34.638911]]}},{"type":"Feature","properties":{"linea":"373","linea_nombre":"Línea 373","ramal":"2","sentido":"IDA","subgrupo":"Línea 373","subgrupo_detalle":"Ramal 2","color_hex":"#2563eb","operador":"General Tomas Guido S.A.","cabecera_inicio":"","cabecera_fin":"","nombre":"Línea 373 - 2 - IDA","numero":"373","categoria":"PROVINCIAL","subcategoria":"2","color":"#2563eb","descripcion":"Línea 373 - Ramal 2: Isla Maciel → San José","network":"PROVINCIAL","routeId":"osm:16322940,16322973","source":"OpenStreetMap","license":"ODbL-1.0"},"geometry":{"type":"LineString","coordinates":[[-58.350509,-34.643726],[-58.34962,-34.643281],[-58.347844,-34.644566],[-58.34761,-34.644847],[-58.347892,-34.655306],[-58.350704,-34.655244],[-58.350675,-34.654068],[-58.353717,-34.654032],[-58.365353,-34.662109],[-58.370109,-34.658603],[-58.370133,-34.658346],[-58.369663,-34.657776],[-58.369601,-34.657382],[-58.369723,-34.657006],[-58.369914,-34.656735],[-58.37017,-34.656566],[-58.370439,-34.65651],[-58.371803,-34.657686],[-58.372047,-34.657776],[-58.373873,-34.659641],[-58.375067,-34.661044],[-58.376439,-34.66301],[-58.37698,-34.662658],[-58.382395,-34.667135],[-58.384744,-34.667017],[-58.387724,-34.667971],[-58.390812,-34.670566],[-58.392627,-34.670624],[-58.394631,-34.672267],[-58.39361,-34.673108],[-58.393976,-34.673397],[-58.394161,-34.673672],[-58.394205,-34.674111],[-58.394043,-34.674446],[-58.385312,-34.682009],[-58.385828,-34.683262],[-58.386129,-34.683371],[-58.386856,-34.684053],[-58.378805,-34.69017],[-58.369229,-34.698293],[-58.367594,-34.699284],[-58.362798,-34.703223],[-58.361547,-34.70388],[-58.360061,-34.704516],[-58.355651,-34.702162],[-58.34712,-34.708822],[-58.341257,-34.712872],[-58.336075,-34.717137],[-58.334214,-34.718441],[-58.338804,-34.72238],[-58.324382,-34.734856],[-58.327078,-34.736351],[-58.327683,-34.737573],[-58.328928,-34.738488],[-58.328085,-34.739556],[-58.325128,-34.742937],[-58.330893,-34.746395],[-58.328556,-34.74952],[-58.325754,-34.753044],[-58.330752,-34.755536],[-58.328289,-34.758864],[-58.328212,-34.758823],[-58.328023,-34.759055],[-58.325745,-34.762072]]}},{"type":"Feature","properties":{"linea":"373","linea_nombre":"Línea 373","ramal":"2","sentido":"VUELTA","subgrupo":"Línea 373","subgrupo_detalle":"Ramal 2","color_hex":"#2563eb","operador":"General Tomas Guido S.A.","cabecera_inicio":"","cabecera_fin":"","nombre":"Línea 373 - 2 - VUELTA","numero":"373","categoria":"PROVINCIAL","subcategoria":"2","color":"#2563eb","descripcion":"Línea 373 - Ramal 2: Isla Maciel → San José","network":"PROVINCIAL","routeId":"osm:16322940,16322973","source":"OpenStreetMap","license":"ODbL-1.0"},"geometry":{"type":"LineString","coordinates":[[-58.325745,-34.762072],[-58.328023,-34.759055],[-58.328212,-34.758823],[-58.328289,-34.758864],[-58.330752,-34.755536],[-58.325754,-34.753044],[-58.328556,-34.74952],[-58.330893,-34.746395],[-58.325128,-34.742937],[-58.328085,-34.739556],[-58.328928,-34.738488],[-58.327683,-34.737573],[-58.327078,-34.736351],[-58.324382,-34.734856],[-58.338804,-34.72238],[-58.334214,-34.718441],[-58.336075,-34.717137],[-58.341257,-34.712872],[-58.34712,-34.708822],[-58.355651,-34.702162],[-58.360061,-34.704516],[-58.361547,-34.70388],[-58.362798,-34.703223],[-58.367594,-34.699284],[-58.369229,-34.698293],[-58.378805,-34.69017],[-58.385021,-34.685396],[-58.386226,-34.684555],[-58.385201,-34.682104],[-58.393911,-34.674583],[-58.394205,-34.674111],[-58.394161,-34.673672],[-58.393976,-34.673397],[-58.39075,-34.670737],[-58.390567,-34.670471],[-58.387743,-34.668086],[-58.384938,-34.667151],[-58.38435,-34.667088],[-58.379004,-34.662675],[-58.37711,-34.664206],[-58.374955,-34.661107],[-58.373702,-34.659647],[-58.37337,-34.659696],[-58.372811,-34.66073],[-58.372737,-34.660736],[-58.370973,-34.660513],[-58.370402,-34.659714],[-58.370176,-34.659643],[-58.369347,-34.660258],[-58.3684,-34.661401],[-58.366444,-34.664324],[-58.362612,-34.661577],[-58.363343,-34.660731],[-58.363243,-34.660645],[-58.353717,-34.654032],[-58.346425,-34.654158],[-58.346204,-34.6457],[-58.34929,-34.643224],[-58.349507,-34.642924],[-58.349757,-34.642927],[-58.349909,-34.643066],[-58.349847,-34.643235],[-58.34967,-34.643285],[-58.350509,-34.643726],[-58.354857,-34.639503],[-58.355623,-34.638911]]}},{"type":"Feature","properties":{"linea":"373","linea_nombre":"Línea 373","ramal":"5","sentido":"IDA","subgrupo":"Línea 373","subgrupo_detalle":"Ramal 5","color_hex":"#2563eb","operador":"General Tomas Guido S.A.","cabecera_inicio":"","cabecera_fin":"","nombre":"Línea 373 - 5 - IDA","numero":"373","categoria":"PROVINCIAL","subcategoria":"5","color":"#2563eb","descripcion":"Línea 373 - Ramal 5: San José → Villa Inflamable","network":"PROVINCIAL","routeId":"osm:16323329,16340809","source":"OpenStreetMap","license":"ODbL-1.0"},"geometry":{"type":"LineString","coordinates":[[-58.325745,-34.762072],[-58.328023,-34.759055],[-58.328212,-34.758823],[-58.328289,-34.758864],[-58.330752,-34.755536],[-58.325754,-34.753044],[-58.328556,-34.74952],[-58.330893,-34.746395],[-58.325128,-34.742937],[-58.328085,-34.739556],[-58.328928,-34.738488],[-58.327683,-34.737573],[-58.327078,-34.736351],[-58.324382,-34.734856],[-58.359663,-34.704308],[-58.360061,-34.704516],[-58.361547,-34.70388],[-58.362798,-34.703223],[-58.367594,-34.699284],[-58.369229,-34.698293],[-58.378805,-34.69017],[-58.385021,-34.685396],[-58.386226,-34.684555],[-58.382619,-34.676252],[-58.380863,-34.670413],[-58.380289,-34.668935],[-58.374955,-34.661107],[-58.373702,-34.659647],[-58.37337,-34.659696],[-58.372811,-34.66073],[-58.370973,-34.660513],[-58.370402,-34.659714],[-58.370275,-34.659641],[-58.370176,-34.659643],[-58.369416,-34.6602],[-58.3684,-34.661401],[-58.36771,-34.662367],[-58.364841,-34.666797],[-58.361409,-34.664329],[-58.358271,-34.665933],[-58.357674,-34.66515],[-58.34802,-34.659764],[-58.348027,-34.659969],[-58.347796,-34.659994],[-58.345191,-34.66005],[-58.345265,-34.662378],[-58.335108,-34.662607],[-58.334708,-34.654776],[-58.331655,-34.657085],[-58.323444,-34.663537],[-58.323245,-34.663735],[-58.323184,-34.663917],[-58.323358,-34.664348]]}},{"type":"Feature","properties":{"linea":"373","linea_nombre":"Línea 373","ramal":"5","sentido":"VUELTA","subgrupo":"Línea 373","subgrupo_detalle":"Ramal 5","color_hex":"#2563eb","operador":"General Tomas Guido S.A.","cabecera_inicio":"","cabecera_fin":"","nombre":"Línea 373 - 5 - VUELTA","numero":"373","categoria":"PROVINCIAL","subcategoria":"5","color":"#2563eb","descripcion":"Línea 373 - Ramal 5: San José → Villa Inflamable","network":"PROVINCIAL","routeId":"osm:16323329,16340809","source":"OpenStreetMap","license":"ODbL-1.0"},"geometry":{"type":"LineString","coordinates":[[-58.334708,-34.654776],[-58.331655,-34.657085],[-58.323444,-34.663537],[-58.323245,-34.663735],[-58.323184,-34.663917],[-58.323358,-34.664348]]}},{"type":"Feature","properties":{"linea":"373","linea_nombre":"Línea 373","ramal":"5","sentido":"VUELTA","subgrupo":"Línea 373","subgrupo_detalle":"Ramal 5","color_hex":"#2563eb","operador":"General Tomas Guido S.A.","cabecera_inicio":"","cabecera_fin":"","nombre":"Línea 373 - 5 - VUELTA","numero":"373","categoria":"PROVINCIAL","subcategoria":"5","color":"#2563eb","descripcion":"Línea 373 - Ramal 5: San José → Villa Inflamable","network":"PROVINCIAL","routeId":"osm:16323329,16340809","source":"OpenStreetMap","license":"ODbL-1.0"},"geometry":{"type":"LineString","coordinates":[[-58.334708,-34.654776],[-58.33651,-34.653377],[-58.337611,-34.655841],[-58.33778,-34.659921],[-58.337957,-34.660184],[-58.339453,-34.660221],[-58.340218,-34.661198],[-58.34042,-34.661304],[-58.348342,-34.661169],[-58.357565,-34.666276],[-58.364277,-34.662908],[-58.368083,-34.660045],[-58.370029,-34.658682],[-58.370148,-34.658544],[-58.370145,-34.658382],[-58.369663,-34.657776],[-58.36961,-34.657326],[-58.369914,-34.656735],[-58.37017,-34.656566],[-58.370439,-34.65651],[-58.371803,-34.657686],[-58.372047,-34.657776],[-58.373873,-34.659641],[-58.374782,-34.660682],[-58.380322,-34.668733],[-58.381003,-34.670471],[-58.382483,-34.675485],[-58.382912,-34.676655],[-58.385828,-34.683262],[-58.386129,-34.683371],[-58.386856,-34.684053],[-58.378805,-34.69017],[-58.369229,-34.698293],[-58.367594,-34.699284],[-58.362798,-34.703223],[-58.362075,-34.70363],[-58.358539,-34.705266],[-58.324382,-34.734856],[-58.327078,-34.736351],[-58.327683,-34.737573],[-58.328928,-34.738488],[-58.328085,-34.739556],[-58.325128,-34.742937],[-58.330893,-34.746395],[-58.328556,-34.74952],[-58.325754,-34.753044],[-58.330752,-34.755536],[-58.328289,-34.758864],[-58.328212,-34.758823],[-58.328023,-34.759055],[-58.325745,-34.762072]]}},{"type":"Feature","properties":{"linea":"405","linea_nombre":"Línea 405","ramal":"Principal","sentido":"VUELTA","subgrupo":"Línea 405","subgrupo_detalle":"Ramal Principal","color_hex":"#2563eb","operador":"Micro Ómnibus Avenida S.A.","cabecera_inicio":"Terminal La Noria","cabecera_fin":"Estación Lanús","nombre":"Línea 405 - Principal - VUELTA","numero":"405","categoria":"PROVINCIAL","subcategoria":"Principal","color":"#2563eb","descripcion":"Línea 405 - Ramal A: Lanús → Puente La Noria","network":"PROVINCIAL","routeId":"osm:13826747,13826798","source":"OpenStreetMap","license":"ODbL-1.0"},"geometry":{"type":"LineString","coordinates":[[-58.454221,-34.707417],[-58.455393,-34.706714],[-58.455931,-34.707381],[-58.457167,-34.707015],[-58.457372,-34.707095],[-58.457825,-34.707641],[-58.457589,-34.708038],[-58.456175,-34.7091],[-58.454666,-34.710986],[-58.453767,-34.711844],[-58.451657,-34.71447],[-58.45153,-34.714905],[-58.452939,-34.713191],[-58.452966,-34.71307],[-58.452673,-34.712861],[-58.452481,-34.712869],[-58.451099,-34.714647],[-58.446031,-34.711829],[-58.443635,-34.710642],[-58.431699,-34.704319],[-58.425602,-34.712241],[-58.419534,-34.709053],[-58.416501,-34.705381],[-58.415512,-34.704366],[-58.404857,-34.705818],[-58.398855,-34.70761],[-58.391622,-34.708187],[-58.391379,-34.708026],[-58.391344,-34.707084]]}},{"type":"Feature","properties":{"linea":"405","linea_nombre":"Línea 405","ramal":"Principal","sentido":"IDA","subgrupo":"Línea 405","subgrupo_detalle":"Ramal Principal","color_hex":"#2563eb","operador":"Micro Ómnibus Avenida S.A.","cabecera_inicio":"Estación Lanús","cabecera_fin":"Terminal La Noria","nombre":"Línea 405 - Principal - IDA","numero":"405","categoria":"PROVINCIAL","subcategoria":"Principal","color":"#2563eb","descripcion":"Línea 405 - Ramal A: Lanús → Puente La Noria","network":"PROVINCIAL","routeId":"osm:13826747,13826798","source":"OpenStreetMap","license":"ODbL-1.0"},"geometry":{"type":"LineString","coordinates":[[-58.391344,-34.707084],[-58.391381,-34.70689],[-58.391673,-34.706746],[-58.393076,-34.706769],[-58.395707,-34.706675],[-58.398969,-34.706745],[-58.39896,-34.707592],[-58.404857,-34.705818],[-58.412905,-34.704712],[-58.412673,-34.703541],[-58.414513,-34.703255],[-58.416501,-34.705381],[-58.419534,-34.709053],[-58.425602,-34.712241],[-58.431699,-34.704319],[-58.443635,-34.710642],[-58.446031,-34.711829],[-58.451187,-34.714659],[-58.451524,-34.714429],[-58.453476,-34.712002],[-58.454418,-34.710513],[-58.455277,-34.70944],[-58.455143,-34.709219],[-58.454277,-34.708689],[-58.454185,-34.708434],[-58.454215,-34.707946],[-58.454002,-34.707679]]}},{"type":"Feature","properties":{"linea":"406","linea_nombre":"Línea 406","ramal":"SJ","sentido":"VUELTA","subgrupo":"Línea 406","subgrupo_detalle":"Ramal SJ","color_hex":"#2563eb","operador":"Transporte Automotores La Plata S.A.","cabecera_inicio":"Plazoleta San Martín","cabecera_fin":"","nombre":"Línea 406 - SJ - VUELTA","numero":"406","categoria":"PROVINCIAL","subcategoria":"SJ","color":"#2563eb","descripcion":"Provincia de Buenos Aires · vía Mendeville","network":"PROVINCIAL","routeId":"osm:6127159,6532526","source":"OpenStreetMap","license":"ODbL-1.0"},"geometry":{"type":"LineString","coordinates":[[-58.563329,-34.642362],[-58.562432,-34.643141],[-58.561016,-34.642649],[-58.551144,-34.651558],[-58.551484,-34.651822],[-58.550793,-34.65246],[-58.551537,-34.653018],[-58.53398,-34.66873],[-58.542072,-34.673892],[-58.54679,-34.677033],[-58.549733,-34.679112],[-58.556235,-34.674236],[-58.560049,-34.677687],[-58.554127,-34.682089],[-58.557473,-34.684527],[-58.558312,-34.685029],[-58.558818,-34.685217],[-58.559229,-34.685283],[-58.560853,-34.685208],[-58.561191,-34.685474],[-58.561234,-34.685648],[-58.56113,-34.685778],[-58.560902,-34.685928],[-58.560047,-34.686064],[-58.559783,-34.6862],[-58.5533,-34.691199],[-58.542612,-34.699273],[-58.542189,-34.699933],[-58.541917,-34.700175],[-58.541528,-34.700431],[-58.540664,-34.700788],[-58.540096,-34.701121],[-58.527415,-34.710654],[-58.52311,-34.713983],[-58.521505,-34.715413],[-58.520274,-34.716378],[-58.520112,-34.716215],[-58.520129,-34.716058],[-58.524333,-34.712724],[-58.524542,-34.71266],[-58.524766,-34.71285],[-58.522274,-34.714652],[-58.519634,-34.716763],[-58.51547,-34.721802],[-58.513573,-34.723504],[-58.511351,-34.725005],[-58.508745,-34.726115],[-58.507955,-34.726526],[-58.506364,-34.727711],[-58.505587,-34.728386],[-58.504576,-34.729502],[-58.500523,-34.734975],[-58.495531,-34.741481],[-58.494925,-34.742393],[-58.474505,-34.769328],[-58.473872,-34.77034],[-58.473135,-34.771289],[-58.472224,-34.772205],[-58.471507,-34.772697],[-58.47102,-34.772918],[-58.469253,-34.773384],[-58.467799,-34.773487],[-58.465428,-34.774267],[-58.461476,-34.776196],[-58.461047,-34.776528],[-58.448539,-34.793074],[-58.44567,-34.796283],[-58.444772,-34.797437],[-58.440352,-34.803434],[-58.439883,-34.804348],[-58.439858,-34.804681],[-58.439957,-34.80503],[-58.439862,-34.805296],[-58.439562,-34.805462],[-58.439537,-34.805614],[-58.439189,-34.805747],[-58.438901,-34.806053],[-58.430604,-34.817141],[-58.430295,-34.817394],[-58.428817,-34.819351],[-58.428516,-34.819659],[-58.415148,-34.830467],[-58.412128,-34.832869],[-58.411207,-34.833478],[-58.410259,-34.833856],[-58.40938,-34.83406],[-58.401792,-34.835262],[-58.401401,-34.835379],[-58.401231,-34.835537],[-58.401013,-34.835567],[-58.40071,-34.835359],[-58.400687,-34.835129],[-58.400826,-34.834992],[-58.400757,-34.834679],[-58.400555,-34.833833],[-58.399893,-34.831937],[-58.398027,-34.832319],[-58.393734,-34.832012],[-58.394098,-34.82838],[-58.391586,-34.828185],[-58.391726,-34.826787],[-58.391622,-34.826619],[-58.39172,-34.825546],[-58.39185,-34.825489],[-58.392251,-34.822041],[-58.394269,-34.819236],[-58.395157,-34.817824],[-58.397472,-34.814499],[-58.399575,-34.811858],[-58.394806,-34.809102],[-58.398149,-34.805],[-58.395947,-34.803703],[-58.398029,-34.80104],[-58.393401,-34.798305],[-58.390719,-34.801645],[-58.388916,-34.800612],[-58.38878,-34.800707],[-58.388545,-34.800686],[-58.388427,-34.800474],[-58.388682,-34.800123],[-58.388703,-34.797615],[-58.388307,-34.797581],[-58.388196,-34.797445],[-58.388208,-34.797283],[-58.383909,-34.794869],[-58.383698,-34.794974],[-58.383472,-34.794891],[-58.38343,-34.794684],[-58.383625,-34.794542],[-58.383204,-34.792619],[-58.38201,-34.791972],[-58.379679,-34.792483],[-58.362406,-34.782939],[-58.350306,-34.775727],[-58.353378,-34.772214],[-58.357775,-34.766394],[-58.350648,-34.762701],[-58.347208,-34.761027],[-58.347808,-34.760228],[-58.346408,-34.759548],[-58.345797,-34.760349]]}},{"type":"Feature","properties":{"linea":"406","linea_nombre":"Línea 406","ramal":"SJ","sentido":"IDA","subgrupo":"Línea 406","subgrupo_detalle":"Ramal SJ","color_hex":"#2563eb","operador":"Transporte Automotores La Plata S.A.","cabecera_inicio":"Barrio San Jose","cabecera_fin":"Moreno y Mitre","nombre":"Línea 406 - SJ - IDA","numero":"406","categoria":"PROVINCIAL","subcategoria":"SJ","color":"#2563eb","descripcion":"Provincia de Buenos Aires · vía Mendeville","network":"PROVINCIAL","routeId":"osm:6127159,6532526","source":"OpenStreetMap","license":"ODbL-1.0"},"geometry":{"type":"LineString","coordinates":[[-58.345797,-34.760349],[-58.350648,-34.762701],[-58.357775,-34.766394],[-58.353378,-34.772214],[-58.350306,-34.775727],[-58.362406,-34.782939],[-58.379679,-34.792483],[-58.38206,-34.791975],[-58.38873,-34.795713],[-58.388841,-34.791038],[-58.396165,-34.795039],[-58.394514,-34.797113],[-58.394432,-34.797413],[-58.39624,-34.79847],[-58.395445,-34.799478],[-58.398029,-34.80104],[-58.395947,-34.803703],[-58.398149,-34.805],[-58.395614,-34.80807],[-58.400522,-34.810845],[-58.397799,-34.814265],[-58.394742,-34.818696],[-58.394645,-34.819006],[-58.394673,-34.819244],[-58.39542,-34.821071],[-58.395153,-34.821117],[-58.393608,-34.821015],[-58.392845,-34.828296],[-58.391586,-34.828185],[-58.391726,-34.826787],[-58.391519,-34.82655],[-58.391598,-34.825625],[-58.39185,-34.825489],[-58.391892,-34.825091],[-58.39568,-34.825352],[-58.3946,-34.835654],[-58.394749,-34.83576],[-58.395853,-34.835862],[-58.396398,-34.835843],[-58.400462,-34.835215],[-58.400958,-34.834927],[-58.401517,-34.835042],[-58.404114,-34.834685],[-58.40571,-34.834541],[-58.409714,-34.833911],[-58.411141,-34.833406],[-58.412768,-34.832249],[-58.428728,-34.819314],[-58.430135,-34.817418],[-58.430416,-34.816871],[-58.437799,-34.806991],[-58.438076,-34.806814],[-58.438859,-34.805775],[-58.438984,-34.805496],[-58.438949,-34.80507],[-58.439018,-34.804844],[-58.43968,-34.804336],[-58.440526,-34.802935],[-58.445301,-34.796487],[-58.448625,-34.792757],[-58.451565,-34.788863],[-58.451899,-34.788026],[-58.45402,-34.785199],[-58.456185,-34.78199],[-58.456413,-34.781339],[-58.456563,-34.781235],[-58.458963,-34.77764],[-58.459702,-34.776758],[-58.46066,-34.776265],[-58.46193,-34.775339],[-58.463042,-34.77472],[-58.464282,-34.774202],[-58.46923,-34.772469],[-58.470665,-34.77186],[-58.4726,-34.770706],[-58.473482,-34.770034],[-58.474512,-34.769085],[-58.487942,-34.751368],[-58.49459,-34.742424],[-58.497444,-34.738786],[-58.503808,-34.730151],[-58.505016,-34.728729],[-58.508194,-34.72552],[-58.509443,-34.724384],[-58.517421,-34.718391],[-58.522198,-34.714587],[-58.524333,-34.712724],[-58.524542,-34.71266],[-58.524766,-34.71285],[-58.521386,-34.715506],[-58.5211,-34.71554],[-58.521057,-34.715433],[-58.521121,-34.715354],[-58.522147,-34.714544],[-58.539974,-34.701012],[-58.540494,-34.700583],[-58.541158,-34.699857],[-58.542145,-34.699349],[-58.542808,-34.698755],[-58.557664,-34.687421],[-58.559728,-34.685923],[-58.559854,-34.685736],[-58.559709,-34.685577],[-58.559333,-34.685386],[-58.558386,-34.685148],[-58.557682,-34.684771],[-58.54679,-34.677033],[-58.542072,-34.673892],[-58.534989,-34.669387],[-58.533873,-34.670592],[-58.532732,-34.669833],[-58.541066,-34.662441],[-58.562432,-34.643141],[-58.562393,-34.643038],[-58.562766,-34.641565]]}},{"type":"Feature","properties":{"linea":"406","linea_nombre":"Línea 406","ramal":"LZ","sentido":"IDA","subgrupo":"Línea 406","subgrupo_detalle":"Ramal LZ","color_hex":"#2563eb","operador":"Transporte Automotores La Plata S.A.","cabecera_inicio":"Lomas de Zamora","cabecera_fin":"Moreno y Mitre","nombre":"Línea 406 - LZ - IDA","numero":"406","categoria":"PROVINCIAL","subcategoria":"LZ","color":"#2563eb","descripcion":"Provincia de Buenos Aires · vía Mendeville","network":"PROVINCIAL","routeId":"osm:18302155,18350174","source":"OpenStreetMap","license":"ODbL-1.0"},"geometry":{"type":"LineString","coordinates":[[-58.399204,-34.759617],[-58.403738,-34.759014],[-58.403988,-34.760246],[-58.408451,-34.759639],[-58.41023,-34.767904],[-58.428908,-34.76522],[-58.429247,-34.765306],[-58.433357,-34.767688],[-58.434564,-34.766107],[-58.436595,-34.767178],[-58.437632,-34.767967],[-58.441762,-34.770162],[-58.457955,-34.778519],[-58.458283,-34.778476],[-58.458542,-34.778282],[-58.458963,-34.77764],[-58.459787,-34.776688],[-58.46066,-34.776265],[-58.462317,-34.775102],[-58.464282,-34.774202],[-58.470115,-34.772109],[-58.471671,-34.771312],[-58.4726,-34.770706],[-58.473482,-34.770034],[-58.474512,-34.769085],[-58.475974,-34.767227],[-58.488831,-34.750185],[-58.49459,-34.742424],[-58.497444,-34.738786],[-58.503808,-34.730151],[-58.505016,-34.728729],[-58.508525,-34.725193],[-58.51019,-34.723811],[-58.517421,-34.718391],[-58.522198,-34.714587],[-58.524333,-34.712724],[-58.524542,-34.71266],[-58.524766,-34.71285],[-58.521386,-34.715506],[-58.5211,-34.71554],[-58.521057,-34.715433],[-58.521121,-34.715354],[-58.522147,-34.714544],[-58.539974,-34.701012],[-58.540494,-34.700583],[-58.541158,-34.699857],[-58.542145,-34.699349],[-58.542808,-34.698755],[-58.559766,-34.685871],[-58.559829,-34.685687],[-58.559529,-34.685476],[-58.558386,-34.685148],[-58.557682,-34.684771],[-58.54679,-34.677033],[-58.542072,-34.673892],[-58.534989,-34.669387],[-58.533873,-34.670592],[-58.532732,-34.669833],[-58.541066,-34.662441],[-58.562432,-34.643141],[-58.562393,-34.643038],[-58.562766,-34.641565]]}},{"type":"Feature","properties":{"linea":"406","linea_nombre":"Línea 406","ramal":"LZ","sentido":"VUELTA","subgrupo":"Línea 406","subgrupo_detalle":"Ramal LZ","color_hex":"#2563eb","operador":"Transporte Automotores La Plata S.A.","cabecera_inicio":"Plazoleta San Martín","cabecera_fin":"Estación Lomas de Zamora","nombre":"Línea 406 - LZ - VUELTA","numero":"406","categoria":"PROVINCIAL","subcategoria":"LZ","color":"#2563eb","descripcion":"Provincia de Buenos Aires · vía Mendeville","network":"PROVINCIAL","routeId":"osm:18302155,18350174","source":"OpenStreetMap","license":"ODbL-1.0"},"geometry":{"type":"LineString","coordinates":[[-58.563329,-34.642362],[-58.562432,-34.643141],[-58.561016,-34.642649],[-58.551144,-34.651558],[-58.551484,-34.651822],[-58.550793,-34.65246],[-58.551537,-34.653018],[-58.53398,-34.66873],[-58.542072,-34.673892],[-58.54679,-34.677033],[-58.549733,-34.679112],[-58.556235,-34.674236],[-58.560049,-34.677687],[-58.554127,-34.682089],[-58.557473,-34.684527],[-58.558312,-34.685029],[-58.558818,-34.685217],[-58.559229,-34.685283],[-58.560853,-34.685208],[-58.561123,-34.685382],[-58.561234,-34.685648],[-58.560902,-34.685928],[-58.560047,-34.686064],[-58.559783,-34.6862],[-58.5533,-34.691199],[-58.542612,-34.699273],[-58.542189,-34.699933],[-58.541917,-34.700175],[-58.541528,-34.700431],[-58.540664,-34.700788],[-58.540096,-34.701121],[-58.527415,-34.710654],[-58.52311,-34.713983],[-58.521505,-34.715413],[-58.520274,-34.716378],[-58.520112,-34.716215],[-58.520129,-34.716058],[-58.524333,-34.712724],[-58.524542,-34.71266],[-58.524766,-34.71285],[-58.522274,-34.714652],[-58.519634,-34.716763],[-58.51547,-34.721802],[-58.513573,-34.723504],[-58.511351,-34.725005],[-58.508745,-34.726115],[-58.507955,-34.726526],[-58.506364,-34.727711],[-58.505587,-34.728386],[-58.504576,-34.729502],[-58.500523,-34.734975],[-58.495531,-34.741481],[-58.494925,-34.742393],[-58.474505,-34.769328],[-58.473872,-34.77034],[-58.473135,-34.771289],[-58.472224,-34.772205],[-58.47149,-34.772706],[-58.470628,-34.773056],[-58.469207,-34.773391],[-58.467799,-34.773487],[-58.465428,-34.774267],[-58.461344,-34.776267],[-58.461047,-34.776528],[-58.457778,-34.780866],[-58.457514,-34.781045],[-58.457312,-34.78107],[-58.456999,-34.780862],[-58.457033,-34.78053],[-58.458008,-34.779067],[-58.457898,-34.778716],[-58.457607,-34.778496],[-58.43747,-34.767999],[-58.437261,-34.768034],[-58.436717,-34.76873],[-58.4353,-34.768031],[-58.433357,-34.767688],[-58.429117,-34.765248],[-58.428817,-34.765223],[-58.424459,-34.765822],[-58.41023,-34.767904],[-58.408692,-34.76078],[-58.398442,-34.762167],[-58.397815,-34.762226],[-58.397766,-34.76211]]}},{"type":"Feature","properties":{"linea":"436","linea_nombre":"Línea 436","ramal":"Provincia de Buenos Aires","sentido":"IDA","subgrupo":"Línea 436","subgrupo_detalle":"Ramal Provincia de Buenos Aires","color_hex":"#2563eb","operador":"Expreso Villa Galicia San José S.A.","cabecera_inicio":"","cabecera_fin":"Estación Banfield","nombre":"Línea 436 - Provincia de Buenos Aires - IDA","numero":"436","categoria":"PROVINCIAL","subcategoria":"Provincia de Buenos Aires","color":"#2563eb","descripcion":"Línea 436: José Marmol → Banfield","network":"PROVINCIAL","routeId":"osm:19795082","source":"OpenStreetMap","license":"ODbL-1.0"},"geometry":{"type":"LineString","coordinates":[[-58.370032,-34.787143],[-58.367389,-34.785687],[-58.370787,-34.781518],[-58.364599,-34.77826],[-58.364285,-34.777975],[-58.362494,-34.777076],[-58.362519,-34.774335],[-58.358134,-34.772021],[-58.357996,-34.772187],[-58.354669,-34.770502],[-58.358395,-34.765563],[-58.357422,-34.765093],[-58.357948,-34.764381],[-58.359256,-34.762924],[-58.360619,-34.760989],[-58.365848,-34.763549],[-58.366418,-34.762752],[-58.36814,-34.763591],[-58.368261,-34.763583],[-58.369346,-34.762337],[-58.369409,-34.762156],[-58.369176,-34.760944],[-58.368089,-34.760412],[-58.368885,-34.759367],[-58.368384,-34.756663],[-58.368465,-34.756658],[-58.376363,-34.760698],[-58.375404,-34.762159],[-58.390062,-34.769727],[-58.393702,-34.765145],[-58.396606,-34.764792],[-58.396237,-34.760739],[-58.395948,-34.758825],[-58.39337,-34.744441],[-58.394846,-34.744242],[-58.394783,-34.743944],[-58.394938,-34.743942],[-58.395207,-34.745032]]}},{"type":"Feature","properties":{"linea":"436","linea_nombre":"Línea 436","ramal":"Provincia de Buenos Aires","sentido":"IDA","subgrupo":"Línea 436","subgrupo_detalle":"Ramal Provincia de Buenos Aires","color_hex":"#2563eb","operador":"Expreso Villa Galicia San José S.A.","cabecera_inicio":"Estación Banfield","cabecera_fin":"","nombre":"Línea 436 - Provincia de Buenos Aires - IDA","numero":"436","categoria":"PROVINCIAL","subcategoria":"Provincia de Buenos Aires","color":"#2563eb","descripcion":"Línea 436: Banfield → José Marmol","network":"PROVINCIAL","routeId":"osm:19795083","source":"OpenStreetMap","license":"ODbL-1.0"},"geometry":{"type":"LineString","coordinates":[[-58.395207,-34.745032],[-58.39519,-34.745177],[-58.395031,-34.745203],[-58.394612,-34.743073],[-58.39325,-34.743265],[-58.394393,-34.749354],[-58.396223,-34.760025],[-58.396722,-34.764779],[-58.393702,-34.765145],[-58.390062,-34.769727],[-58.377051,-34.763004],[-58.378519,-34.760777],[-58.370146,-34.756485],[-58.369126,-34.758036],[-58.368725,-34.758511],[-58.368885,-34.759367],[-58.368089,-34.760412],[-58.369176,-34.760944],[-58.36941,-34.762102],[-58.369346,-34.762337],[-58.368261,-34.763583],[-58.36814,-34.763591],[-58.366418,-34.762752],[-58.365848,-34.763549],[-58.362407,-34.761857],[-58.359376,-34.766075],[-58.358395,-34.765563],[-58.355893,-34.768884],[-58.359299,-34.770629],[-58.358134,-34.772021],[-58.362519,-34.774335],[-58.362494,-34.777076],[-58.364285,-34.777975],[-58.364599,-34.77826],[-58.370787,-34.781518],[-58.368279,-34.784606],[-58.369585,-34.785322]]}},{"type":"Feature","properties":{"linea":"45","linea_nombre":"Línea 45","ramal":"Principal","sentido":"IDA","subgrupo":"Línea 45","subgrupo_detalle":"Ramal Principal","color_hex":"#2563eb","operador":"Micro Ómnibus 45 S.A.C.I.F.","cabecera_inicio":"Ciudad Universitaria","cabecera_fin":"Remedios de Escalada","nombre":"Línea 45 - Principal - IDA","numero":"45","categoria":"NACIONAL","subcategoria":"Principal","color":"#2563eb","descripcion":"Línea 45: Ciudad Universitaria → Remedios de Escalada","network":"NACIONAL","routeId":"osm:3435704","source":"OpenStreetMap","license":"ODbL-1.0"},"geometry":{"type":"LineString","coordinates":[[-58.4444721,-34.542378],[-58.4424638,-34.5430513],[-58.4410657,-34.5453461],[-58.4396565,-34.5454053],[-58.4389221,-34.5455068],[-58.4377261,-34.5432715],[-58.437436,-34.5430181],[-58.436402,-34.5426155],[-58.430945,-34.5468464],[-58.4312794,-34.5453344],[-58.4331234,-34.5436486],[-58.4310249,-34.5484159],[-58.4303802,-34.5499051],[-58.4295698,-34.5506918],[-58.4273353,-34.5517748],[-58.4248556,-34.5527106],[-58.4203175,-34.5539542],[-58.4175564,-34.5543858],[-58.4131097,-34.5561698],[-58.4087656,-34.5593811],[-58.4042435,-34.5636645],[-58.4010543,-34.5664073],[-58.4019871,-34.5649975],[-58.4011077,-34.5669972],[-58.4014732,-34.5681731],[-58.399892,-34.5695146],[-58.3939234,-34.5729407],[-58.389783,-34.5758623],[-58.38872,-34.5774085],[-58.384738,-34.5784482],[-58.3809938,-34.5799372],[-58.376723,-34.5801165],[-58.3750862,-34.5807153],[-58.3707422,-34.5831791],[-58.3671777,-34.5861231],[-58.3692874,-34.5886761],[-58.3702809,-34.5897822],[-58.3706202,-34.5898147],[-58.3715307,-34.5885871],[-58.3725538,-34.5892793],[-58.373834,-34.590997],[-58.3746055,-34.5919082],[-58.3737734,-34.5937085],[-58.3721137,-34.5965235],[-58.3731852,-34.5984887],[-58.3759295,-34.5987148],[-58.3803612,-34.5989339],[-58.3817072,-34.6002489],[-58.3815633,-34.6026906],[-58.381238,-34.6037558],[-58.3814668,-34.6049468],[-58.3813064,-34.6078004],[-58.3811491,-34.6106532],[-58.3810315,-34.6132494],[-58.3808793,-34.6162801],[-58.3807819,-34.6189464],[-58.3808901,-34.6219861],[-58.3823284,-34.6251499],[-58.3821652,-34.6276806],[-58.381404,-34.6285451],[-58.3829531,-34.6320176],[-58.3833639,-34.6329959],[-58.3827099,-34.6341398],[-58.3818492,-34.6367133],[-58.3812647,-34.6387551],[-58.3806087,-34.6421246],[-58.379235,-34.6440023],[-58.377295,-34.6488813],[-58.3782764,-34.6530197],[-58.3870507,-34.6552668],[-58.3883631,-34.6593082],[-58.3881967,-34.6613942],[-58.3881967,-34.6613942],[-58.389631,-34.6660942],[-58.3880207,-34.6681853],[-58.3905771,-34.6707108],[-58.3829809,-34.6768047],[-58.385353,-34.6821176],[-58.3880567,-34.688562],[-58.3910469,-34.695686],[-58.3919524,-34.7023821],[-58.3918515,-34.7087347],[-58.4057819,-34.7075967],[-58.4075153,-34.7159002],[-58.4059401,-34.7179357]]}},{"type":"Feature","properties":{"linea":"45","linea_nombre":"Línea 45","ramal":"Semirápido","sentido":"IDA","subgrupo":"Línea 45","subgrupo_detalle":"Ramal Semirápido","color_hex":"#2563eb","operador":"Micro Ómnibus 45 S.A.C.I.F.","cabecera_inicio":"Terminal Micro Ómnibus 45","cabecera_fin":"Retiro","nombre":"Línea 45 - Semirápido - IDA","numero":"45","categoria":"NACIONAL","subcategoria":"Semirápido","color":"#2563eb","descripcion":"Línea 45 - Semirápido: Remedios de Escalada → Retiro","network":"NACIONAL","routeId":"osm:3442375","source":"OpenStreetMap","license":"ODbL-1.0"},"geometry":{"type":"LineString","coordinates":[[-58.4051706,-34.7185784],[-58.4060859,-34.7177448],[-58.4083207,-34.7148824],[-58.4107611,-34.7115736],[-58.4100154,-34.7089137],[-58.4082098,-34.7053457],[-58.405394,-34.7057406],[-58.4002683,-34.7071924],[-58.3988549,-34.7076102],[-58.3930689,-34.708076],[-58.3916507,-34.7074798],[-58.3917179,-34.7054943],[-58.3919919,-34.6983694],[-58.39093,-34.6957441],[-58.3893783,-34.6920387],[-58.3874086,-34.6873877],[-58.3853057,-34.6823469],[-58.3845401,-34.6805667],[-58.3827988,-34.6767175],[-58.3811655,-34.671462],[-58.3802893,-34.6689353],[-58.3781324,-34.6657138],[-58.3758867,-34.6624545],[-58.374664,-34.6607406],[-58.3733375,-34.6594797],[-58.3706643,-34.658385],[-58.3698153,-34.6578188],[-58.3697577,-34.6571809],[-58.3704926,-34.6565259],[-58.3715514,-34.6542],[-58.3730654,-34.6500836],[-58.3747162,-34.6468987],[-58.3755345,-34.6440279],[-58.377195,-34.6358374],[-58.3781236,-34.6329254],[-58.3782827,-34.6315375],[-58.3785594,-34.6306572],[-58.3774512,-34.6296903],[-58.3781262,-34.628293],[-58.3786566,-34.6270741],[-58.3796973,-34.6242047],[-58.3808038,-34.621943],[-58.3808246,-34.6208956],[-58.3809413,-34.6196253],[-58.3809751,-34.6176346],[-58.3810547,-34.6159055],[-58.3811472,-34.6142295],[-58.3811094,-34.61258],[-58.3812632,-34.6113486],[-58.3813584,-34.6097635],[-58.3814349,-34.6084088],[-58.3815561,-34.6062501],[-58.3816404,-34.6048599],[-58.3813998,-34.6044492],[-58.3812851,-34.6040562],[-58.3813187,-34.6033167],[-58.3817132,-34.6026722],[-58.3818213,-34.6013838],[-58.3819082,-34.5997991],[-58.3819988,-34.5981217],[-58.3817431,-34.5973441],[-58.3815751,-34.5967701],[-58.3810338,-34.595316],[-58.3804335,-34.5952628],[-58.3781717,-34.5950678],[-58.377428,-34.5953083],[-58.3765963,-34.5959808],[-58.3761634,-34.5962057],[-58.3756419,-34.5962034],[-58.3751871,-34.5957285],[-58.3745468,-34.5946363],[-58.3735823,-34.5932279],[-58.372842,-34.5914107],[-58.3735714,-34.5910196],[-58.3732832,-34.5905826],[-58.3724202,-34.590577],[-58.371831,-34.5909267],[-58.3712624,-34.5902251],[-58.3710647,-34.5900665],[-58.3702319,-34.5898556],[-58.3699759,-34.5896081],[-58.3696029,-34.5894935],[-58.3684549,-34.5881341],[-58.3676626,-34.5871719]]}},{"type":"Feature","properties":{"linea":"45","linea_nombre":"Línea 45","ramal":"Semirápido","sentido":"IDA","subgrupo":"Línea 45","subgrupo_detalle":"Ramal Semirápido","color_hex":"#2563eb","operador":"Micro Ómnibus 45 S.A.C.I.F.","cabecera_inicio":"Tribunales de Retiro","cabecera_fin":"Remedios de Escalada","nombre":"Línea 45 - Semirápido - IDA","numero":"45","categoria":"NACIONAL","subcategoria":"Semirápido","color":"#2563eb","descripcion":"Línea 45 - Semirápido: Retiro → Remedios de Escalada","network":"NACIONAL","routeId":"osm:3436016","source":"OpenStreetMap","license":"ODbL-1.0"},"geometry":{"type":"LineString","coordinates":[[-58.3693786,-34.5887927],[-58.3699603,-34.5894046],[-58.3703271,-34.5898103],[-58.370531,-34.5898402],[-58.3707207,-34.5897568],[-58.3710029,-34.5891412],[-58.3719935,-34.588581],[-58.3724974,-34.5892097],[-58.3730208,-34.589855],[-58.3737352,-34.5908786],[-58.3741644,-34.5913767],[-58.3746055,-34.5919082],[-58.3751487,-34.5925735],[-58.3735733,-34.5938974],[-58.3724188,-34.5958612],[-58.3719279,-34.5970567],[-58.3714781,-34.5984239],[-58.3737795,-34.5985251],[-58.375288,-34.5986667],[-58.3772882,-34.5988195],[-58.3797539,-34.5989114],[-58.3816445,-34.5990367],[-58.3817119,-34.6001327],[-58.3816475,-34.6014782],[-58.3815633,-34.6026906],[-58.3812821,-34.6032178],[-58.3812315,-34.6039144],[-58.3813194,-34.6044922],[-58.3814347,-34.6055303],[-58.3813524,-34.6070497],[-58.3812645,-34.608513],[-58.3811888,-34.609758],[-58.3810736,-34.6117116],[-58.3810374,-34.6129025],[-58.380972,-34.6143059],[-58.3808841,-34.6161887],[-58.3808216,-34.617461],[-58.3807819,-34.6189464],[-58.3807442,-34.6206605],[-58.3809432,-34.6222104],[-58.3814373,-34.6246254],[-58.3809175,-34.6246613],[-58.3801744,-34.6263623],[-58.3796838,-34.6275216],[-58.379275,-34.6286562],[-58.3787147,-34.6301992],[-58.3787552,-34.6307219],[-58.3792176,-34.6318329],[-58.378409,-34.6332445],[-58.3776582,-34.6353062],[-58.3771422,-34.6374364],[-58.3759513,-34.6436114],[-58.3748518,-34.6473655],[-58.3728725,-34.6510085],[-58.3712436,-34.6556935],[-58.3705477,-34.6571608],[-58.3704324,-34.6576153],[-58.3705338,-34.6580037],[-58.371385,-34.6586157],[-58.3727777,-34.6592573],[-58.3742588,-34.6600825],[-58.3753913,-34.6614889],[-58.3771227,-34.6640051],[-58.379952,-34.6682129],[-58.3807794,-34.6698639],[-58.3813421,-34.6716477],[-58.3824833,-34.6754853],[-58.3840659,-34.6792045],[-58.3853117,-34.6820095],[-58.3868608,-34.6857137],[-58.3880567,-34.688562],[-58.3895944,-34.6921918],[-58.3910792,-34.6957688],[-58.3920443,-34.6997318],[-58.3919017,-34.703862],[-58.3917782,-34.7074815],[-58.3941787,-34.7092581],[-58.4015207,-34.708192],[-58.4066624,-34.7119887],[-58.4075153,-34.7159002],[-58.4074333,-34.7160073],[-58.4059401,-34.7179357]]}},{"type":"Feature","properties":{"linea":"45","linea_nombre":"Línea 45","ramal":"Principal","sentido":"IDA","subgrupo":"Línea 45","subgrupo_detalle":"Ramal Principal","color_hex":"#2563eb","operador":"Micro Ómnibus 45 S.A.C.I.F.","cabecera_inicio":"Terminal Micro Ómnibus 45","cabecera_fin":"Pabellón 3","nombre":"Línea 45 - Principal - IDA","numero":"45","categoria":"NACIONAL","subcategoria":"Principal","color":"#2563eb","descripcion":"Línea 45: Remedios de Escalada → Ciudad Universitaria","network":"NACIONAL","routeId":"osm:3442214","source":"OpenStreetMap","license":"ODbL-1.0"},"geometry":{"type":"LineString","coordinates":[[-58.4051706,-34.7185784],[-58.4074333,-34.7160073],[-58.410779,-34.711476],[-58.4067888,-34.705535],[-58.4047605,-34.7058403],[-58.3980484,-34.7076809],[-58.3916404,-34.7078422],[-58.3918562,-34.7013236],[-58.39093,-34.6957441],[-58.3881485,-34.6891325],[-58.3852015,-34.6821036],[-58.3828789,-34.6769098],[-58.390616,-34.6705208],[-58.3894641,-34.6667866],[-58.3893753,-34.6654881],[-58.3881894,-34.6615316],[-58.3885208,-34.6572007],[-58.3859106,-34.6536681],[-58.3796034,-34.6494376],[-58.3805144,-34.6457449],[-58.3793922,-34.6430973],[-58.3806831,-34.6384755],[-58.3818619,-34.6366633],[-58.3825868,-34.6326995],[-58.3827598,-34.6292022],[-58.3818935,-34.6275747],[-58.3798419,-34.6275864],[-58.3790093,-34.6260474],[-58.3808166,-34.6217354],[-58.3809391,-34.6196541],[-58.3810271,-34.6166033],[-58.3811536,-34.6141417],[-58.3811582,-34.6117447],[-58.3813917,-34.6092555],[-58.3815561,-34.6062501],[-58.3815613,-34.6046753],[-58.3812912,-34.6038936],[-58.3816601,-34.6027564],[-58.3818642,-34.6003942],[-58.3819985,-34.5980295],[-58.3816268,-34.5971526],[-58.3808428,-34.5952991],[-58.3781717,-34.5950678],[-58.3769796,-34.595694],[-58.3759709,-34.5962409],[-58.3752777,-34.5958527],[-58.3742371,-34.5941311],[-58.3729575,-34.5913546],[-58.3735649,-34.5909345],[-58.3724202,-34.590577],[-58.3712624,-34.5902251],[-58.3703372,-34.5899058],[-58.369912,-34.5895751],[-58.3685417,-34.5882402],[-58.3664782,-34.5857201],[-58.3700103,-34.5835965],[-58.3732719,-34.5817277],[-58.375213,-34.5803315],[-58.3765588,-34.5823423],[-58.3799536,-34.5815191],[-58.3809179,-34.5796726],[-58.384909,-34.5780963],[-58.3885717,-34.5769616],[-58.3905259,-34.5749194],[-58.3943781,-34.572674],[-58.4000793,-34.5694023],[-58.4003136,-34.568717],[-58.4009781,-34.5671047],[-58.4014906,-34.5655079],[-58.4040778,-34.5637919],[-58.4074334,-34.5606291],[-58.4104941,-34.5577397],[-58.413607,-34.5557494],[-58.4186647,-34.5540549],[-58.4214407,-34.5535693],[-58.4263669,-34.5521695],[-58.42854,-34.5511794],[-58.4305193,-34.5497359],[-58.4310059,-34.547474],[-58.4309468,-34.5464298],[-58.4316847,-34.5447292],[-58.4342458,-34.5431338],[-58.4367076,-34.5426444],[-58.4375561,-34.5429747],[-58.4385982,-34.5449015],[-58.4393491,-34.5454069],[-58.441118,-34.5452225],[-58.4424424,-34.5430021],[-58.4439383,-34.5425376],[-58.4448094,-34.5422741]]}},{"type":"Feature","properties":{"linea":"520","linea_nombre":"Línea 520","ramal":"B","sentido":"VUELTA","subgrupo":"Línea 520","subgrupo_detalle":"Ramal B","color_hex":"#2563eb","operador":"Micro Ómnibus Avenida S.A.","cabecera_inicio":"Terminal Micro Ómnibus Avenida","cabecera_fin":"Estación Lanús","nombre":"Línea 520 - B - VUELTA","numero":"520","categoria":"MUNICIPAL","subcategoria":"B","color":"#2563eb","descripcion":"Municipal - Lanús · vía Avenida 25 de Mayo","network":"MUNICIPAL","routeId":"osm:16414455,20106949","source":"OpenStreetMap","license":"ODbL-1.0"},"geometry":{"type":"LineString","coordinates":[[-58.425453,-34.692875],[-58.425414,-34.692925],[-58.425026,-34.6927],[-58.433874,-34.680382],[-58.43612,-34.680965],[-58.436797,-34.680736],[-58.436956,-34.680822],[-58.437018,-34.681082],[-58.437244,-34.681256],[-58.438882,-34.681636],[-58.439352,-34.682269],[-58.433579,-34.690242],[-58.435607,-34.691236],[-58.433787,-34.693668],[-58.437657,-34.695698],[-58.437793,-34.6959],[-58.438463,-34.696262],[-58.440474,-34.697255],[-58.437134,-34.701594],[-58.430493,-34.698136],[-58.429784,-34.699059],[-58.426308,-34.6972],[-58.424267,-34.696196],[-58.42304,-34.695454],[-58.421292,-34.69772],[-58.415601,-34.704361],[-58.404857,-34.705818],[-58.398855,-34.70761],[-58.391622,-34.708187],[-58.391379,-34.708026],[-58.391346,-34.707202]]}},{"type":"Feature","properties":{"linea":"520","linea_nombre":"Línea 520","ramal":"B","sentido":"IDA","subgrupo":"Línea 520","subgrupo_detalle":"Ramal B","color_hex":"#2563eb","operador":"Micro Ómnibus Avenida S.A.","cabecera_inicio":"Estación Lanús","cabecera_fin":"","nombre":"Línea 520 - B - IDA","numero":"520","categoria":"MUNICIPAL","subcategoria":"B","color":"#2563eb","descripcion":"Municipal - Lanús · vía Avenida 25 de Mayo","network":"MUNICIPAL","routeId":"osm:16414455,20106949","source":"OpenStreetMap","license":"ODbL-1.0"},"geometry":{"type":"LineString","coordinates":[[-58.391346,-34.707202],[-58.391358,-34.706916],[-58.391673,-34.706746],[-58.393076,-34.706769],[-58.395707,-34.706675],[-58.398969,-34.706745],[-58.39896,-34.707592],[-58.404857,-34.705818],[-58.415601,-34.704361],[-58.420211,-34.698977],[-58.419067,-34.698442],[-58.420837,-34.696345],[-58.421945,-34.694797],[-58.424267,-34.696196],[-58.426308,-34.6972],[-58.429784,-34.699059],[-58.430493,-34.698136],[-58.437134,-34.701594],[-58.440474,-34.697255],[-58.438463,-34.696262],[-58.437793,-34.6959],[-58.437657,-34.695698],[-58.433787,-34.693668],[-58.434883,-34.692183],[-58.432867,-34.691225],[-58.439278,-34.682322],[-58.438782,-34.681637],[-58.433874,-34.680382],[-58.425026,-34.6927]]}},{"type":"Feature","properties":{"linea":"520","linea_nombre":"Línea 520","ramal":"C","sentido":"VUELTA","subgrupo":"Línea 520","subgrupo_detalle":"Ramal C","color_hex":"#2563eb","operador":"Micro Ómnibus Avenida S.A.","cabecera_inicio":"Terminal Micro Ómnibus Avenida S.A.","cabecera_fin":"Estación Lanús","nombre":"Línea 520 - C - VUELTA","numero":"520","categoria":"MUNICIPAL","subcategoria":"C","color":"#2563eb","descripcion":"Municipal - Lanús · vía Marco Avellaneda","network":"MUNICIPAL","routeId":"osm:20325577,20325626","source":"OpenStreetMap","license":"ODbL-1.0"},"geometry":{"type":"LineString","coordinates":[[-58.425453,-34.692875],[-58.425414,-34.692925],[-58.425026,-34.6927],[-58.433874,-34.680382],[-58.43612,-34.680965],[-58.436797,-34.680736],[-58.436956,-34.680822],[-58.437018,-34.681082],[-58.437244,-34.681256],[-58.438882,-34.681636],[-58.439352,-34.682269],[-58.433579,-34.690242],[-58.435607,-34.691236],[-58.431385,-34.696962],[-58.427441,-34.70211],[-58.42567,-34.701175],[-58.414614,-34.715598],[-58.412049,-34.714255],[-58.413558,-34.712261],[-58.411611,-34.711251],[-58.411285,-34.711651],[-58.410685,-34.711683],[-58.409893,-34.712748],[-58.405493,-34.71336],[-58.404585,-34.70872],[-58.403743,-34.706142],[-58.398855,-34.70761],[-58.391622,-34.708187],[-58.391379,-34.708026],[-58.391349,-34.70733]]}},{"type":"Feature","properties":{"linea":"520","linea_nombre":"Línea 520","ramal":"C","sentido":"IDA","subgrupo":"Línea 520","subgrupo_detalle":"Ramal C","color_hex":"#2563eb","operador":"Micro Ómnibus Avenida S.A.","cabecera_inicio":"Estación Lanús","cabecera_fin":"","nombre":"Línea 520 - C - IDA","numero":"520","categoria":"MUNICIPAL","subcategoria":"C","color":"#2563eb","descripcion":"Municipal - Lanús · vía Marco Avellaneda","network":"MUNICIPAL","routeId":"osm:20325577,20325626","source":"OpenStreetMap","license":"ODbL-1.0"},"geometry":{"type":"LineString","coordinates":[[-58.391349,-34.70733],[-58.391358,-34.706916],[-58.391673,-34.706746],[-58.393076,-34.706769],[-58.395707,-34.706675],[-58.398969,-34.706745],[-58.39896,-34.707592],[-58.40476,-34.70584],[-58.403765,-34.704766],[-58.405161,-34.704574],[-58.406662,-34.711989],[-58.410767,-34.711415],[-58.410685,-34.711683],[-58.411285,-34.711651],[-58.412721,-34.709926],[-58.413594,-34.710573],[-58.411914,-34.712796],[-58.415368,-34.714608],[-58.42567,-34.701175],[-58.427441,-34.70211],[-58.431385,-34.696962],[-58.434883,-34.692183],[-58.432867,-34.691225],[-58.439278,-34.682322],[-58.438782,-34.681637],[-58.433874,-34.680382],[-58.425026,-34.6927]]}},{"type":"Feature","properties":{"linea":"520","linea_nombre":"Línea 520","ramal":"B2","sentido":"VUELTA","subgrupo":"Línea 520","subgrupo_detalle":"Ramal B2","color_hex":"#2563eb","operador":"Micro Ómnibus Avenida S.A.","cabecera_inicio":"Terminal Micro Ómnibus Avenida S.A.","cabecera_fin":"Estación Lanús","nombre":"Línea 520 - B2 - VUELTA","numero":"520","categoria":"MUNICIPAL","subcategoria":"B2","color":"#2563eb","descripcion":"Municipal - Lanús · vía Hospital Evita","network":"MUNICIPAL","routeId":"osm:20325534,20325535","source":"OpenStreetMap","license":"ODbL-1.0"},"geometry":{"type":"LineString","coordinates":[[-58.425453,-34.692875],[-58.425414,-34.692925],[-58.425026,-34.6927],[-58.433874,-34.680382],[-58.43612,-34.680965],[-58.436797,-34.680736],[-58.436956,-34.680822],[-58.437018,-34.681082],[-58.437244,-34.681256],[-58.438882,-34.681636],[-58.439352,-34.682269],[-58.438073,-34.684013],[-58.435497,-34.682741],[-58.430314,-34.689959],[-58.434883,-34.692183],[-58.433787,-34.693668],[-58.437657,-34.695698],[-58.437793,-34.6959],[-58.438463,-34.696262],[-58.440474,-34.697255],[-58.437134,-34.701594],[-58.430493,-34.698136],[-58.429784,-34.699059],[-58.426308,-34.6972],[-58.424267,-34.696196],[-58.421848,-34.694745],[-58.420403,-34.693841],[-58.42283,-34.691387],[-58.416766,-34.688673],[-58.416928,-34.688062],[-58.412781,-34.686625],[-58.404429,-34.692202],[-58.404787,-34.692574],[-58.400432,-34.696081],[-58.401353,-34.696873],[-58.398595,-34.699127],[-58.394871,-34.695936],[-58.392101,-34.698266],[-58.391952,-34.702382],[-58.395884,-34.702481],[-58.395659,-34.70788],[-58.391622,-34.708187],[-58.391477,-34.70813],[-58.391455,-34.707185]]}},{"type":"Feature","properties":{"linea":"520","linea_nombre":"Línea 520","ramal":"B2","sentido":"IDA","subgrupo":"Línea 520","subgrupo_detalle":"Ramal B2","color_hex":"#2563eb","operador":"Micro Ómnibus Avenida S.A.","cabecera_inicio":"Estación Lanús","cabecera_fin":"","nombre":"Línea 520 - B2 - IDA","numero":"520","categoria":"MUNICIPAL","subcategoria":"B2","color":"#2563eb","descripcion":"Municipal - Lanús · vía Hospital Evita","network":"MUNICIPAL","routeId":"osm:20325534,20325535","source":"OpenStreetMap","license":"ODbL-1.0"},"geometry":{"type":"LineString","coordinates":[[-58.391455,-34.707185],[-58.391449,-34.706836],[-58.391551,-34.70676],[-58.394397,-34.706707],[-58.394718,-34.699195],[-58.403963,-34.691694],[-58.40512,-34.692926],[-58.413394,-34.687385],[-58.41417,-34.688136],[-58.414997,-34.68742],[-58.416928,-34.688062],[-58.416766,-34.688673],[-58.42283,-34.691387],[-58.425026,-34.6927],[-58.42304,-34.695454],[-58.42415,-34.696131],[-58.426308,-34.6972],[-58.429784,-34.699059],[-58.430493,-34.698136],[-58.437134,-34.701594],[-58.440474,-34.697255],[-58.438463,-34.696262],[-58.437793,-34.6959],[-58.437657,-34.695698],[-58.433787,-34.693668],[-58.434883,-34.692183],[-58.430314,-34.689959],[-58.436623,-34.6811],[-58.433874,-34.680382],[-58.425026,-34.6927]]}},{"type":"Feature","properties":{"linea":"521","linea_nombre":"Línea 521","ramal":"Municipal - Lanús","sentido":"IDA","subgrupo":"Línea 521","subgrupo_detalle":"Ramal Municipal - Lanús","color_hex":"#2563eb","operador":"Micro Ómnibus Este S.A.","cabecera_inicio":"Cadorna y Camino Belgrano","cabecera_fin":"Estación Lanús","nombre":"Línea 521 - Municipal - Lanús - IDA","numero":"521","categoria":"MUNICIPAL","subcategoria":"Municipal - Lanús","color":"#2563eb","descripcion":"Línea 521: Ex Cadorna y Belgrano → Lanús","network":"MUNICIPAL","routeId":"osm:20325641","source":"OpenStreetMap","license":"ODbL-1.0"},"geometry":{"type":"LineString","coordinates":[[-58.33868,-34.722276],[-58.338804,-34.72238],[-58.343347,-34.718435],[-58.346137,-34.720897],[-58.348174,-34.719116],[-58.349509,-34.718111],[-58.348049,-34.716846],[-58.348996,-34.716108],[-58.350313,-34.717265],[-58.350628,-34.717681],[-58.354177,-34.714897],[-58.359451,-34.719488],[-58.369094,-34.712577],[-58.366545,-34.710117],[-58.371446,-34.706699],[-58.37367,-34.705035],[-58.37635,-34.702793],[-58.376995,-34.701989],[-58.379233,-34.69983],[-58.378331,-34.699196],[-58.379269,-34.698331],[-58.38584,-34.703515],[-58.388714,-34.706208],[-58.389636,-34.705581],[-58.389942,-34.706399]]}},{"type":"Feature","properties":{"linea":"521","linea_nombre":"Línea 521","ramal":"Municipal - Lanús","sentido":"IDA","subgrupo":"Línea 521","subgrupo_detalle":"Ramal Municipal - Lanús","color_hex":"#2563eb","operador":"Micro Ómnibus Este S.A.","cabecera_inicio":"Estación Lanús","cabecera_fin":"Camino Belgrano y Cadorna","nombre":"Línea 521 - Municipal - Lanús - IDA","numero":"521","categoria":"MUNICIPAL","subcategoria":"Municipal - Lanús","color":"#2563eb","descripcion":"Línea 521: Lanús → Ex Cadorna y Belgrano","network":"MUNICIPAL","routeId":"osm:20325636","source":"OpenStreetMap","license":"ODbL-1.0"},"geometry":{"type":"LineString","coordinates":[[-58.389942,-34.706399],[-58.390035,-34.706649],[-58.389508,-34.706981],[-58.38584,-34.703515],[-58.380178,-34.699048],[-58.377699,-34.701415],[-58.376972,-34.702156],[-58.376413,-34.70287],[-58.37372,-34.705081],[-58.37158,-34.706664],[-58.366545,-34.710117],[-58.368257,-34.711781],[-58.358568,-34.718726],[-58.355051,-34.715666],[-58.351503,-34.718447],[-58.350628,-34.717681],[-58.350313,-34.717265],[-58.348996,-34.716108],[-58.346882,-34.717759],[-58.34833,-34.719],[-58.346137,-34.720897],[-58.343347,-34.718435],[-58.338922,-34.722278]]}},{"type":"Feature","properties":{"linea":"523","linea_nombre":"Línea 523","ramal":"Municipal - Lanús","sentido":"IDA","subgrupo":"Línea 523","subgrupo_detalle":"Ramal Municipal - Lanús","color_hex":"#2563eb","operador":"Compañía Andrade S.R.L.","cabecera_inicio":"Estación Remedios de Escalada","cabecera_fin":"Estación Lanús","nombre":"Línea 523 - Municipal - Lanús - IDA","numero":"523","categoria":"MUNICIPAL","subcategoria":"Municipal - Lanús","color":"#2563eb","descripcion":"Línea 523 - Ramal E: Remedios de Escalada → Lanús","network":"MUNICIPAL","routeId":"osm:13818038","source":"OpenStreetMap","license":"ODbL-1.0","direction":"IDA","_sentido":"IDA"},"geometry":{"type":"LineString","coordinates":[[-58.394251,-34.727058],[-58.394249,-34.727128],[-58.394251,-34.727058],[-58.395612,-34.726868],[-58.395439,-34.726033],[-58.400207,-34.725362],[-58.400322,-34.725416],[-58.400148,-34.725649],[-58.405067,-34.728239],[-58.414614,-34.715598],[-58.412049,-34.714255],[-58.412804,-34.713265],[-58.410835,-34.712204],[-58.411285,-34.711651],[-58.410685,-34.711683],[-58.407433,-34.716007],[-58.407257,-34.715948],[-58.401851,-34.716692],[-58.402505,-34.719355],[-58.399784,-34.71974],[-58.396985,-34.707764],[-58.391622,-34.708187],[-58.391477,-34.70813],[-58.39147,-34.707893]]}},{"type":"Feature","properties":{},"geometry":{"type":"LineString","coordinates":[[-58.39147,-34.70789],[-58.39147,-34.70777],[-58.39146,-34.70763],[-58.39146,-34.70748],[-58.39146,-34.7073],[-58.39146,-34.70719],[-58.39145,-34.70706],[-58.39145,-34.70684],[-58.39146,-34.70683],[-58.39155,-34.70676],[-58.39155,-34.70676],[-58.39155,-34.70676],[-58.39167,-34.70675],[-58.39167,-34.70675],[-58.39181,-34.70675],[-58.39217,-34.70675],[-58.39234,-34.70676],[-58.39255,-34.70676],[-58.3927,-34.70676],[-58.39281,-34.70676],[-58.39308,-34.70677],[-58.3944,-34.70671],[-58.39571,-34.70668],[-58.39571,-34.70668],[-58.39566,-34.70788],[-58.39566,-34.70788],[-58.39499,-34.70794],[-58.39499,-34.70794],[-58.39499,-34.70794],[-58.39524,-34.70911],[-58.39544,-34.71002],[-58.3957,-34.71118],[-58.3957,-34.71118],[-58.39677,-34.71102],[-58.39772,-34.71088],[-58.39879,-34.71073],[-58.39989,-34.71057],[-58.39989,-34.71057],[-58.40026,-34.7117],[-58.40063,-34.71283],[-58.40096,-34.71397],[-58.40123,-34.71487],[-58.40154,-34.71579],[-58.40185,-34.71669],[-58.40213,-34.71764],[-58.40218,-34.71787],[-58.4023,-34.71844],[-58.4023,-34.71844],[-58.40299,-34.71834],[-58.40362,-34.71825],[-58.40435,-34.71815],[-58.40505,-34.71805],[-58.40583,-34.71794],[-58.40594,-34.71794],[-58.40594,-34.71794],[-58.40594,-34.71794],[-58.40609,-34.71775],[-58.40637,-34.71739],[-58.40656,-34.71715],[-58.40667,-34.717],[-58.40699,-34.71658],[-58.40743,-34.71601],[-58.40752,-34.7159],[-58.40789,-34.71544],[-58.40832,-34.71488],[-58.40867,-34.7144],[-58.40875,-34.7143],[-58.40911,-34.71383],[-58.40918,-34.71372],[-58.40974,-34.71295],[-58.40974,-34.71295],[-58.41002,-34.71315],[-58.41079,-34.71376],[-58.41105,-34.71394],[-58.41188,-34.71455],[-58.41271,-34.71518],[-58.41298,-34.7154],[-58.41407,-34.71622],[-58.41412,-34.71626],[-58.41412,-34.71626],[-58.41412,-34.71626],[-58.4137,-34.71683],[-58.41352,-34.71706],[-58.41326,-34.71741],[-58.41293,-34.71784],[-58.41284,-34.71797],[-58.41241,-34.71854],[-58.41238,-34.71859],[-58.41175,-34.71943],[-58.4111,-34.72031],[-58.4111,-34.72031],[-58.41043,-34.71995],[-58.40979,-34.71963],[-58.4092,-34.71932],[-58.40857,-34.71901],[-58.40732,-34.71838],[-58.40635,-34.71788],[-58.40609,-34.71775],[-58.40609,-34.71775],[-58.40594,-34.71794],[-58.40556,-34.71843],[-58.40528,-34.71881],[-58.40508,-34.71907],[-58.40461,-34.7197],[-58.40419,-34.72024],[-58.4041,-34.72036],[-58.40378,-34.72078],[-58.40352,-34.72111],[-58.40321,-34.72151],[-58.40305,-34.72179],[-58.40227,-34.72282],[-58.40166,-34.72366],[-58.40113,-34.72435],[-58.40101,-34.72451],[-58.40092,-34.72464],[-58.40032,-34.72542],[-58.40015,-34.72565],[-58.40015,-34.72565],[-58.40015,-34.72565],[-58.39937,-34.72667],[-58.39926,-34.72682],[-58.39926,-34.72682],[-58.39914,-34.72676],[-58.39902,-34.72675],[-58.39892,-34.72675],[-58.39798,-34.72691],[-58.3969,-34.72706],[-58.39581,-34.7272],[-58.39581,-34.7272],[-58.39569,-34.72722],[-58.39569,-34.72722],[-58.39569,-34.72722],[-58.39561,-34.72687],[-58.39561,-34.72687],[-58.39533,-34.72691],[-58.39504,-34.72694],[-58.39432,-34.72705],[-58.39425,-34.72706],[-58.39425,-34.72706]]}},{"type":"Feature","properties":{"linea":"524","linea_nombre":"Línea 524","ramal":"Municipal - Lanús","sentido":"IDA","subgrupo":"Línea 524","subgrupo_detalle":"Ramal Municipal - Lanús","color_hex":"#2563eb","operador":"Empresa 5 de Agosto S.R.L.","cabecera_inicio":"Estación Lanús","cabecera_fin":"Camino Belgrano y Cadorna","nombre":"Línea 524 - Municipal - Lanús - IDA","numero":"524","categoria":"MUNICIPAL","subcategoria":"Municipal - Lanús","color":"#2563eb","descripcion":"Línea 524: Lanús → Ex Cadorna y Belgrano","network":"MUNICIPAL","routeId":"osm:20325667","source":"OpenStreetMap","license":"ODbL-1.0"},"geometry":{"type":"LineString","coordinates":[[-58.389891,-34.706263],[-58.390035,-34.706649],[-58.389508,-34.706981],[-58.38584,-34.703515],[-58.383987,-34.702044],[-58.375135,-34.709652],[-58.360324,-34.720264],[-58.358568,-34.718726],[-58.353884,-34.722398],[-58.353506,-34.723435],[-58.354813,-34.72458],[-58.35232,-34.726475],[-58.352039,-34.727139],[-58.351295,-34.726963],[-58.351165,-34.727004],[-58.349669,-34.731087],[-58.346587,-34.728414],[-58.346496,-34.728393],[-58.346012,-34.728631],[-58.345393,-34.729074],[-58.343577,-34.727385],[-58.344338,-34.726808],[-58.342978,-34.726023],[-58.344521,-34.72507],[-58.340302,-34.721072],[-58.338922,-34.722278]]}},{"type":"Feature","properties":{"linea":"524","linea_nombre":"Línea 524","ramal":"Municipal - Lanús","sentido":"IDA","subgrupo":"Línea 524","subgrupo_detalle":"Ramal Municipal - Lanús","color_hex":"#2563eb","operador":"Empresa 5 de Agosto S.R.L.","cabecera_inicio":"Cadorna y Camino Belgrano","cabecera_fin":"Estación Lanús","nombre":"Línea 524 - Municipal - Lanús - IDA","numero":"524","categoria":"MUNICIPAL","subcategoria":"Municipal - Lanús","color":"#2563eb","descripcion":"Línea 524: Ex Cadorna y Belgrano → Lanús","network":"MUNICIPAL","routeId":"osm:20325668","source":"OpenStreetMap","license":"ODbL-1.0"},"geometry":{"type":"LineString","coordinates":[[-58.33868,-34.722276],[-58.338804,-34.72238],[-58.340302,-34.721072],[-58.344521,-34.72507],[-58.342978,-34.726023],[-58.344338,-34.726808],[-58.343577,-34.727385],[-58.345393,-34.729074],[-58.346012,-34.728631],[-58.346496,-34.728393],[-58.346587,-34.728414],[-58.349669,-34.731087],[-58.351183,-34.726981],[-58.35218,-34.727186],[-58.35207,-34.727649],[-58.352405,-34.727901],[-58.355691,-34.725359],[-58.353506,-34.723435],[-58.353884,-34.722398],[-58.358568,-34.718726],[-58.360324,-34.720264],[-58.371426,-34.712313],[-58.370588,-34.711513],[-58.374202,-34.708913],[-58.38038,-34.70355],[-58.382219,-34.705043],[-58.384906,-34.702777],[-58.38584,-34.703515],[-58.388714,-34.706208],[-58.389636,-34.705581],[-58.389891,-34.706263]]}},{"type":"Feature","properties":{"linea":"526","linea_nombre":"Línea 526","ramal":"Municipal - Lanús","sentido":"IDA","subgrupo":"Línea 526","subgrupo_detalle":"Ramal Municipal - Lanús","color_hex":"#2563eb","operador":"Micro Omnibus Este S.A.","cabecera_inicio":"Estación Lanús","cabecera_fin":"","nombre":"Línea 526 - Municipal - Lanús - IDA","numero":"526","categoria":"MUNICIPAL","subcategoria":"Municipal - Lanús","color":"#2563eb","descripcion":"Línea 526: Lanús → Ex Cadorna y Belgrano","network":"MUNICIPAL","routeId":"osm:8833589","source":"OpenStreetMap","license":"ODbL-1.0"},"geometry":{"type":"LineString","coordinates":[[-58.389844,-34.706135],[-58.390035,-34.706649],[-58.38091,-34.713168],[-58.381742,-34.713964],[-58.36029,-34.72935],[-58.354393,-34.73389],[-58.3509,-34.730802],[-58.349084,-34.735637],[-58.347863,-34.735314],[-58.346658,-34.735623],[-58.345087,-34.734215],[-58.344757,-34.733763],[-58.343939,-34.732984],[-58.335477,-34.725243],[-58.338651,-34.722518]]}},{"type":"Feature","properties":{"linea":"526","linea_nombre":"Línea 526","ramal":"Municipal - Lanús","sentido":"IDA","subgrupo":"Línea 526","subgrupo_detalle":"Ramal Municipal - Lanús","color_hex":"#2563eb","operador":"Micro Ómnibus Este S.A.","cabecera_inicio":"","cabecera_fin":"Estación Lanús","nombre":"Línea 526 - Municipal - Lanús - IDA","numero":"526","categoria":"MUNICIPAL","subcategoria":"Municipal - Lanús","color":"#2563eb","descripcion":"Línea 526: Ex Cadorna y Belgrano → Lanús","network":"MUNICIPAL","routeId":"osm:20147920","source":"OpenStreetMap","license":"ODbL-1.0"},"geometry":{"type":"LineString","coordinates":[[-58.338922,-34.722278],[-58.335477,-34.725243],[-58.343939,-34.732984],[-58.344757,-34.733763],[-58.345087,-34.734215],[-58.346658,-34.735623],[-58.347863,-34.735314],[-58.349084,-34.735637],[-58.3509,-34.730802],[-58.354393,-34.73389],[-58.36029,-34.72935],[-58.376843,-34.717469],[-58.37523,-34.715928],[-58.389636,-34.705581],[-58.389844,-34.706135]]}},{"type":"Feature","properties":{"linea":"527","linea_nombre":"Línea 527","ramal":"522-522","sentido":"VUELTA","subgrupo":"Línea 527","subgrupo_detalle":"Ramal 522-522","color_hex":"#2563eb","operador":"El Urbano S.R.L.","cabecera_inicio":"Estación Lanús","cabecera_fin":"","nombre":"Línea 527 - 522-522 - VUELTA","numero":"527","categoria":"MUNICIPAL","subcategoria":"522-522","color":"#2563eb","descripcion":"Línea 527/522 - Ramal 522: Lynch y Caaguazú → Lanús","network":"MUNICIPAL","routeId":"osm:20325717,20325718","source":"OpenStreetMap","license":"ODbL-1.0"},"geometry":{"type":"LineString","coordinates":[[-58.389762,-34.705918],[-58.390035,-34.706649],[-58.377953,-34.715302],[-58.375032,-34.712528],[-58.362101,-34.72181],[-58.370368,-34.729066],[-58.367521,-34.731065],[-58.365613,-34.732536],[-58.36465,-34.733118],[-58.364784,-34.733242],[-58.360631,-34.736404],[-58.360315,-34.736519],[-58.355691,-34.74004],[-58.348673,-34.739873]]}},{"type":"Feature","properties":{"linea":"527","linea_nombre":"Línea 527","ramal":"522-B","sentido":"VUELTA","subgrupo":"Línea 527","subgrupo_detalle":"Ramal 522-B","color_hex":"#2563eb","operador":"El Urbano S.R.L.","cabecera_inicio":"Estación Lanús","cabecera_fin":"Camino Belgrano y Cadorna","nombre":"Línea 527 - 522-B - VUELTA","numero":"527","categoria":"MUNICIPAL","subcategoria":"522-B","color":"#2563eb","descripcion":"Línea 527/522 - Ramal B: Ex Cadorna y Belgrano → Lanús","network":"MUNICIPAL","routeId":"osm:20325700,20325716","source":"OpenStreetMap","license":"ODbL-1.0"},"geometry":{"type":"LineString","coordinates":[[-58.389805,-34.706033],[-58.390035,-34.706649],[-58.389508,-34.706981],[-58.38584,-34.703515],[-58.377027,-34.710926],[-58.376831,-34.711252],[-58.367034,-34.71827],[-58.361977,-34.713474],[-58.356831,-34.717217],[-58.355747,-34.716256],[-58.356482,-34.714119],[-58.356799,-34.712357],[-58.353719,-34.709435],[-58.338922,-34.722278]]}},{"type":"Feature","properties":{"linea":"527","linea_nombre":"Línea 527","ramal":"522-C","sentido":"IDA","subgrupo":"Línea 527","subgrupo_detalle":"Ramal 522-C","color_hex":"#2563eb","operador":"El Urbano S.R.L.","cabecera_inicio":"","cabecera_fin":"","nombre":"Línea 527 - 522-C - IDA","numero":"527","categoria":"MUNICIPAL","subcategoria":"522-C","color":"#2563eb","descripcion":"Línea 527/522 - Ramal C: Hospital Evita → Lynch y Caaguazú","network":"MUNICIPAL","routeId":"osm:20325672,20325697","source":"OpenStreetMap","license":"ODbL-1.0"},"geometry":{"type":"LineString","coordinates":[[-58.400432,-34.696081],[-58.401353,-34.696873],[-58.398595,-34.699127],[-58.398764,-34.699274],[-58.398607,-34.699318],[-58.394718,-34.699195],[-58.392806,-34.697693],[-58.392101,-34.698266],[-58.391878,-34.704692],[-58.393141,-34.70473],[-58.393107,-34.705635],[-58.39194,-34.705597],[-58.391527,-34.705419],[-58.390081,-34.705394],[-58.389498,-34.703975],[-58.388863,-34.703921],[-58.388445,-34.703681],[-58.38584,-34.703515],[-58.388714,-34.706208],[-58.389636,-34.705581],[-58.390035,-34.706649],[-58.389508,-34.706981],[-58.38584,-34.703515],[-58.377027,-34.710926],[-58.376831,-34.711252],[-58.362101,-34.72181],[-58.370368,-34.729066],[-58.367521,-34.731065],[-58.365613,-34.732536],[-58.36465,-34.733118],[-58.364784,-34.733242],[-58.362216,-34.735192],[-58.370472,-34.742479],[-58.366725,-34.74552],[-58.356096,-34.740062],[-58.348673,-34.739873]]}},{"type":"Feature","properties":{"linea":"527","linea_nombre":"Línea 527","ramal":"522-522","sentido":"IDA","subgrupo":"Línea 527","subgrupo_detalle":"Ramal 522-522","color_hex":"#2563eb","operador":"El Urbano S.R.L.","cabecera_inicio":"","cabecera_fin":"Estación Lanús","nombre":"Línea 527 - 522-522 - IDA","numero":"527","categoria":"MUNICIPAL","subcategoria":"522-522","color":"#2563eb","descripcion":"Línea 527/522 - Ramal 522: Lynch y Caaguazú → Lanús","network":"MUNICIPAL","routeId":"osm:20325717,20325718","source":"OpenStreetMap","license":"ODbL-1.0"},"geometry":{"type":"LineString","coordinates":[[-58.353212,-34.739979],[-58.348673,-34.739873],[-58.355691,-34.74004],[-58.360315,-34.736519],[-58.360631,-34.736404],[-58.364784,-34.733242],[-58.36465,-34.733118],[-58.365613,-34.732536],[-58.367521,-34.731065],[-58.370368,-34.729066],[-58.363249,-34.722806],[-58.362434,-34.72345],[-58.361285,-34.722463],[-58.363596,-34.720721],[-58.376002,-34.711846],[-58.378079,-34.713839],[-58.389636,-34.705581],[-58.389762,-34.705918]]}},{"type":"Feature","properties":{"linea":"527","linea_nombre":"Línea 527","ramal":"522-C","sentido":"VUELTA","subgrupo":"Línea 527","subgrupo_detalle":"Ramal 522-C","color_hex":"#2563eb","operador":"El Urbano S.R.L.","cabecera_inicio":"","cabecera_fin":"","nombre":"Línea 527 - 522-C - VUELTA","numero":"527","categoria":"MUNICIPAL","subcategoria":"522-C","color":"#2563eb","descripcion":"Línea 527/522 - Ramal C: Hospital Evita → Lynch y Caaguazú","network":"MUNICIPAL","routeId":"osm:20325672,20325697","source":"OpenStreetMap","license":"ODbL-1.0"},"geometry":{"type":"LineString","coordinates":[[-58.353212,-34.739979],[-58.348673,-34.739873],[-58.356096,-34.740062],[-58.366725,-34.74552],[-58.370472,-34.742479],[-58.362216,-34.735192],[-58.364784,-34.733242],[-58.36465,-34.733118],[-58.365613,-34.732536],[-58.367521,-34.731065],[-58.370368,-34.729066],[-58.363249,-34.722806],[-58.362434,-34.72345],[-58.361285,-34.722463],[-58.363596,-34.720721],[-58.376831,-34.711252],[-58.377027,-34.710926],[-58.382417,-34.706359],[-58.381546,-34.705646],[-58.384906,-34.702777],[-58.38584,-34.703515],[-58.388714,-34.706208],[-58.389636,-34.705581],[-58.388979,-34.703533],[-58.388884,-34.703471],[-58.388716,-34.703506],[-58.38866,-34.703748],[-58.388965,-34.703895],[-58.391756,-34.703971],[-58.391911,-34.699862],[-58.390622,-34.699821],[-58.390647,-34.699474],[-58.397571,-34.693642],[-58.400432,-34.696081]]}},{"type":"Feature","properties":{"linea":"527","linea_nombre":"Línea 527","ramal":"522-B","sentido":"IDA","subgrupo":"Línea 527","subgrupo_detalle":"Ramal 522-B","color_hex":"#2563eb","operador":"El Urbano S.R.L.","cabecera_inicio":"Cadorna y Camino Belgrano","cabecera_fin":"Estación Lanús","nombre":"Línea 527 - 522-B - IDA","numero":"527","categoria":"MUNICIPAL","subcategoria":"522-B","color":"#2563eb","descripcion":"Línea 527/522 - Ramal B: Ex Cadorna y Belgrano → Lanús","network":"MUNICIPAL","routeId":"osm:20325700,20325716","source":"OpenStreetMap","license":"ODbL-1.0"},"geometry":{"type":"LineString","coordinates":[[-58.33868,-34.722276],[-58.338804,-34.72238],[-58.352671,-34.710344],[-58.356513,-34.71399],[-58.355747,-34.716256],[-58.357709,-34.717978],[-58.361711,-34.715119],[-58.365891,-34.719089],[-58.376831,-34.711252],[-58.377027,-34.710926],[-58.382417,-34.706359],[-58.381546,-34.705646],[-58.384906,-34.702777],[-58.38584,-34.703515],[-58.388714,-34.706208],[-58.389636,-34.705581],[-58.389805,-34.706033]]}},{"type":"Feature","properties":{"linea":"70","linea_nombre":"Línea 70","ramal":"Principal","sentido":"IDA","subgrupo":"Línea 70","subgrupo_detalle":"Ramal Principal","color_hex":"#2563eb","operador":"Transportes 270 S.A.","cabecera_inicio":"Terminal de Ómnibus Retiro","cabecera_fin":"","nombre":"Línea 70 - Principal - IDA","numero":"70","categoria":"NACIONAL","subcategoria":"Principal","color":"#2563eb","descripcion":"Línea 70: Retiro → Valentín Alsina","network":"NACIONAL","routeId":"osm:13830026","source":"OpenStreetMap","license":"ODbL-1.0"},"geometry":{"type":"LineString","coordinates":[[-58.3747389,-34.5853429],[-58.3737246,-34.585898],[-58.3729125,-34.5863229],[-58.3723884,-34.5864249],[-58.3718039,-34.5880954],[-58.3723529,-34.5888299],[-58.3728748,-34.5894792],[-58.3733257,-34.5902356],[-58.3744834,-34.5915256],[-58.3756238,-34.5928784],[-58.3770947,-34.5928691],[-58.3800883,-34.5928525],[-58.382114,-34.5930153],[-58.3821349,-34.5946967],[-58.3819952,-34.5964675],[-58.3818237,-34.597408],[-58.3817783,-34.5989005],[-58.3817119,-34.6001327],[-58.3816475,-34.6014782],[-58.3815633,-34.6026906],[-58.3812821,-34.6032178],[-58.3812315,-34.6039144],[-58.3813194,-34.6044922],[-58.3814347,-34.6055303],[-58.3813524,-34.6070497],[-58.3812645,-34.608513],[-58.3811888,-34.609758],[-58.3810736,-34.6117116],[-58.3810374,-34.6129025],[-58.380972,-34.6143059],[-58.3808841,-34.6161887],[-58.3808216,-34.617461],[-58.3807819,-34.6189464],[-58.3807442,-34.6206605],[-58.3809432,-34.6222104],[-58.3814373,-34.6246254],[-58.3809175,-34.6246613],[-58.3801744,-34.6263623],[-58.3796838,-34.6275216],[-58.379275,-34.6286562],[-58.3787036,-34.6291154],[-58.3766703,-34.6279597],[-58.3744364,-34.6303295],[-58.3716461,-34.6305298],[-58.3706579,-34.6295178],[-58.3706001,-34.6301239],[-58.3702502,-34.6336154],[-58.3701129,-34.6345522],[-58.3697354,-34.6369423],[-58.3692509,-34.6401201],[-58.3691381,-34.6408357],[-58.3687702,-34.6432625],[-58.3684181,-34.6456429],[-58.3705269,-34.6477517],[-58.3744906,-34.6484735],[-58.3782346,-34.649053],[-58.3825772,-34.6498838],[-58.3881271,-34.6510135],[-58.3906447,-34.6512262],[-58.3953077,-34.651478],[-58.3966291,-34.6514414],[-58.3975485,-34.6513907],[-58.398843,-34.6510414],[-58.3996739,-34.6509355],[-58.4017204,-34.6509918],[-58.404903,-34.6501192],[-58.4054446,-34.650087],[-58.4045478,-34.6506636],[-58.4039677,-34.652085],[-58.4061021,-34.6509699],[-58.4079067,-34.6503265],[-58.4127082,-34.6510856],[-58.4136772,-34.6515665],[-58.4152686,-34.6517919],[-58.4162029,-34.6517904],[-58.4164152,-34.6527275],[-58.4164526,-34.6545602],[-58.4165677,-34.6573286],[-58.4172228,-34.6621512],[-58.4175108,-34.6636467],[-58.4170073,-34.6654753],[-58.4139618,-34.6677198],[-58.4121865,-34.6690391],[-58.4106927,-34.6701356],[-58.4065725,-34.6732153],[-58.4057591,-34.6738037],[-58.4049304,-34.6744053]]}},{"type":"Feature","properties":{"linea":"70","linea_nombre":"Línea 70","ramal":"Principal","sentido":"IDA","subgrupo":"Línea 70","subgrupo_detalle":"Ramal Principal","color_hex":"#2563eb","operador":"Transportes 270 S.A.","cabecera_inicio":"Valentín Alsina","cabecera_fin":"Terminal de Ómnibus Retiro","nombre":"Línea 70 - Principal - IDA","numero":"70","categoria":"NACIONAL","subcategoria":"Principal","color":"#2563eb","descripcion":"Línea 70: Valentín Alsina → Retiro","network":"NACIONAL","routeId":"osm:13824279","source":"OpenStreetMap","license":"ODbL-1.0"},"geometry":{"type":"LineString","coordinates":[[-58.4042237,-34.6749234],[-58.408719,-34.6716141],[-58.4115216,-34.6695336],[-58.4147895,-34.6671271],[-58.4176037,-34.6649283],[-58.4171715,-34.6624968],[-58.4164846,-34.6585297],[-58.4163748,-34.6564544],[-58.4162342,-34.6541773],[-58.4156339,-34.6521108],[-58.4127082,-34.6510856],[-58.4079498,-34.6502521],[-58.406627,-34.6540263],[-58.4055836,-34.6572105],[-58.4039136,-34.6564283],[-58.4032542,-34.6544205],[-58.4028209,-34.6556983],[-58.404469,-34.6508103],[-58.4034761,-34.6507517],[-58.4011742,-34.6511642],[-58.3995391,-34.6509607],[-58.395551,-34.6515128],[-58.3973922,-34.6514184],[-58.3981509,-34.6512254],[-58.3942988,-34.651481],[-58.389173,-34.6512135],[-58.387994,-34.651051],[-58.3803641,-34.6495795],[-58.3775526,-34.6478419],[-58.3755686,-34.6473134],[-58.3711129,-34.6462245],[-58.3686908,-34.643821],[-58.3686908,-34.643821],[-58.3692286,-34.6402614],[-58.3690896,-34.6411435],[-58.3695631,-34.6380061],[-58.3699629,-34.635561],[-58.3705689,-34.6305232],[-58.3706686,-34.6294214],[-58.3745714,-34.6285965],[-58.376721,-34.6278838],[-58.3784674,-34.6275704],[-58.3788915,-34.6263543],[-58.3800817,-34.6235652],[-58.3808032,-34.6216593],[-58.3808972,-34.6206403],[-58.3809467,-34.6186064],[-58.3810244,-34.6166721],[-58.3810842,-34.6152647],[-58.3811885,-34.6134433],[-58.3811184,-34.6120021],[-58.3813126,-34.610884],[-58.3813917,-34.6092555],[-58.3814862,-34.6074076],[-58.381578,-34.6060109],[-58.3815972,-34.6047568],[-58.3813272,-34.6043368],[-58.3812932,-34.6037722],[-58.3813931,-34.6031052],[-58.3817737,-34.6024671],[-58.3818597,-34.6005155],[-58.3819239,-34.5992593],[-58.381998,-34.5978857],[-58.3821913,-34.5962272],[-58.3823456,-34.5948449],[-58.3816829,-34.5941624],[-58.3816113,-34.5927453],[-58.381541,-34.5906889],[-58.379544,-34.5900029],[-58.3809158,-34.5892705],[-58.3777596,-34.5911741],[-58.3760987,-34.5923312],[-58.3753464,-34.5927409],[-58.373914,-34.5936485],[-58.3724779,-34.5917692],[-58.3735491,-34.5910432],[-58.3735649,-34.5909345],[-58.372661,-34.5898266],[-58.3723059,-34.5893895],[-58.3716234,-34.5892581],[-58.3715342,-34.5876468],[-58.3721941,-34.5857736],[-58.3736933,-34.5816436],[-58.3733194,-34.5838819],[-58.3727229,-34.5858306],[-58.375062,-34.5851675],[-58.3747389,-34.5853429]]}},{"type":"Feature","properties":{"linea":"74","linea_nombre":"Línea 74","ramal":"Principal","sentido":"IDA","subgrupo":"Línea 74","subgrupo_detalle":"Ramal Principal","color_hex":"#2563eb","operador":"Empresa San Vicente S.A.T.","cabecera_inicio":"","cabecera_fin":"Terminal Puerto Madero","nombre":"Línea 74 - Principal - IDA","numero":"74","categoria":"NACIONAL","subcategoria":"Principal","color":"#2563eb","descripcion":"Línea 74: Longchamps → Puerto Madero","network":"NACIONAL","routeId":"osm:3781540","source":"OpenStreetMap","license":"ODbL-1.0"},"geometry":{"type":"LineString","coordinates":[[-58.3861205,-34.8630351],[-58.3863418,-34.8606852],[-58.3868222,-34.8595153],[-58.3873468,-34.8559119],[-58.3877149,-34.8539769],[-58.3832923,-34.8505651],[-58.3771721,-34.8456621],[-58.3785758,-34.8436433],[-58.3823682,-34.8380133],[-58.3832433,-34.8367251],[-58.3847706,-34.834088],[-58.3852816,-34.8334492],[-58.3873738,-34.8295014],[-58.3887301,-34.8255778],[-58.389226,-34.8228259],[-58.3890776,-34.8167804],[-58.3888266,-34.8127884],[-58.388683,-34.805336],[-58.3885453,-34.8006856],[-58.3886704,-34.800176],[-58.3887187,-34.7960245],[-58.3888465,-34.790937],[-58.3892646,-34.7845723],[-58.389779,-34.7815749],[-58.3921138,-34.7762691],[-58.3963951,-34.7701439],[-58.3966061,-34.7647316],[-58.3961335,-34.7600348],[-58.395161,-34.7542439],[-58.3941168,-34.7483954],[-58.3929446,-34.7421009],[-58.3918117,-34.7368258],[-58.390171,-34.7364316],[-58.3900909,-34.732893],[-58.3885808,-34.7286524],[-58.3843584,-34.7246602],[-58.3811825,-34.7215878],[-58.3760189,-34.7166841],[-58.3706831,-34.7116034],[-58.3660916,-34.7054877],[-58.3713774,-34.7016616],[-58.3703679,-34.6978543],[-58.3652092,-34.6930167],[-58.3646473,-34.6917139],[-58.3715408,-34.6860567],[-58.3722916,-34.6834984],[-58.3684025,-34.6801983],[-58.3677809,-34.6788212],[-58.3676059,-34.6782803],[-58.3656891,-34.6765866],[-58.3631485,-34.6743148],[-58.3618168,-34.6731278],[-58.3606752,-34.6734202],[-58.3614371,-34.6718423],[-58.3626593,-34.6700275],[-58.3609095,-34.6645836],[-58.3636518,-34.6632188],[-58.3663574,-34.6613501],[-58.369409,-34.6591282],[-58.370211,-34.6583971],[-58.370244,-34.6572624],[-58.3715514,-34.6542],[-58.3726399,-34.6497814],[-58.372644,-34.6488016],[-58.3730334,-34.6466378],[-58.3686908,-34.643821],[-58.3689281,-34.6421437],[-58.3691588,-34.6407047],[-58.3695222,-34.6382641],[-58.3699629,-34.635561],[-58.3705842,-34.6303272],[-58.3694511,-34.6283633],[-58.3681722,-34.6272749],[-58.3678546,-34.6259269],[-58.367942,-34.623905],[-58.3682926,-34.6207418],[-58.3688083,-34.6181342],[-58.3691232,-34.6157034],[-58.3692458,-34.6135542],[-58.3694231,-34.6100555],[-58.3692578,-34.60928],[-58.3683831,-34.6081968],[-58.3688129,-34.6066292],[-58.3695325,-34.6052867],[-58.368797,-34.6052315],[-58.3677899,-34.6052433],[-58.3671096,-34.603884],[-58.3674686,-34.6004581],[-58.3679956,-34.598827],[-58.3690269,-34.5981112],[-58.3691045,-34.5978384]]}},{"type":"Feature","properties":{"linea":"74","linea_nombre":"Línea 74","ramal":"Principal","sentido":"IDA","subgrupo":"Línea 74","subgrupo_detalle":"Ramal Principal","color_hex":"#2563eb","operador":"","cabecera_inicio":"Terminal Puerto Madero","cabecera_fin":"","nombre":"Línea 74 - Principal - IDA","numero":"74","categoria":"NACIONAL","subcategoria":"Principal","color":"#2563eb","descripcion":"Línea 74: Puerto Madero → Longchamps","network":"NACIONAL","routeId":"osm:3781539","source":"OpenStreetMap","license":"ODbL-1.0"},"geometry":{"type":"LineString","coordinates":[[-58.3691045,-34.5978384],[-58.369627,-34.5974199],[-58.3695,-34.5984033],[-58.3684448,-34.6010352],[-58.3682194,-34.6028376],[-58.3687371,-34.6052271],[-58.370129,-34.6054834],[-58.3691431,-34.6065671],[-58.3684388,-34.6081259],[-58.3693014,-34.6092361],[-58.3694846,-34.610457],[-58.3693211,-34.6135589],[-58.3691935,-34.6158062],[-58.3691999,-34.6182148],[-58.3683755,-34.6206137],[-58.36802,-34.6237963],[-58.36791,-34.626216],[-58.3685189,-34.6274158],[-58.3702272,-34.6289948],[-58.3705474,-34.6307982],[-58.370459,-34.6317356],[-58.3698985,-34.6359675],[-58.3695222,-34.6382641],[-58.3691278,-34.6409011],[-58.36866,-34.6440519],[-58.3705269,-34.6477517],[-58.3749199,-34.6485551],[-58.3733203,-34.6506462],[-58.3712436,-34.6556935],[-58.370439,-34.6571683],[-58.3703605,-34.6583732],[-58.3700372,-34.6590281],[-58.3694165,-34.6602005],[-58.3675541,-34.6626006],[-58.3658934,-34.6651656],[-58.3649138,-34.6666948],[-58.3639054,-34.6682124],[-58.3625828,-34.6701454],[-58.3620065,-34.6731106],[-58.3642178,-34.675072],[-58.3652903,-34.6760234],[-58.3666541,-34.67722],[-58.3703123,-34.6803014],[-58.3743739,-34.6837292],[-58.3684122,-34.688618],[-58.3652092,-34.6930167],[-58.3709297,-34.6983054],[-58.3676148,-34.7040405],[-58.3677822,-34.7042726],[-58.3732406,-34.7124176],[-58.3803116,-34.7191389],[-58.3878798,-34.7263692],[-58.3901405,-34.7317351],[-58.3902496,-34.7361196],[-58.392068,-34.7374251],[-58.3932501,-34.7432649],[-58.3947996,-34.7517536],[-58.3954739,-34.7555503],[-58.3963235,-34.7607272],[-58.3966741,-34.7659258],[-58.3954396,-34.7717294],[-58.3916305,-34.7770857],[-58.3898117,-34.7818011],[-58.3893145,-34.785605],[-58.3889389,-34.7912851],[-58.3887922,-34.7981604],[-58.3889164,-34.8006123],[-58.388683,-34.805336],[-58.3888266,-34.8127884],[-58.3892779,-34.8204679],[-58.3887301,-34.8255778],[-58.3869333,-34.8303575],[-58.3853794,-34.8336623],[-58.384914,-34.8343818],[-58.3834158,-34.8364713],[-58.3803513,-34.8409776],[-58.3771721,-34.8456621],[-58.3834253,-34.8506329],[-58.384518,-34.8511708],[-58.3875082,-34.8557976],[-58.3868222,-34.8595153],[-58.3863117,-34.8627213],[-58.3831906,-34.8670499]]}},{"type":"Feature","properties":{"linea":"79","linea_nombre":"Línea 79","ramal":"Principal","sentido":"IDA","subgrupo":"Línea 79","subgrupo_detalle":"Ramal Principal","color_hex":"#2563eb","operador":"Empresa San Vicente S.A.T.","cabecera_inicio":"","cabecera_fin":"","nombre":"Línea 79 - Principal - IDA","numero":"79","categoria":"NACIONAL","subcategoria":"Principal","color":"#2563eb","descripcion":"Línea 79: San Vicente → Constitución","network":"NACIONAL","routeId":"osm:17639737","source":"OpenStreetMap","license":"ODbL-1.0"},"geometry":{"type":"LineString","coordinates":[[-58.3868222,-34.8595153],[-58.3870901,-34.857329],[-58.3874512,-34.8557683],[-58.3877149,-34.8539769],[-58.384442,-34.8511342],[-58.3789545,-34.8484232],[-58.3771721,-34.8456621],[-58.3773337,-34.8454429],[-58.3823682,-34.8380133],[-58.383597,-34.8362045],[-58.384684,-34.8345133],[-58.3847954,-34.8337764],[-58.3855704,-34.8329106],[-58.3873738,-34.8295014],[-58.3883684,-34.8274703],[-58.38878,-34.8252892],[-58.3888801,-34.8137448],[-58.3892049,-34.8190962],[-58.3888266,-34.8127884],[-58.3886938,-34.8032847],[-58.3887216,-34.8008757],[-58.3884274,-34.8004742],[-58.3886817,-34.7994776],[-58.3887187,-34.7960245],[-58.3888318,-34.7912768],[-58.3890741,-34.7872986],[-58.3894282,-34.7830658],[-58.3900519,-34.7808506],[-58.3921138,-34.7762691],[-58.39638,-34.7702202],[-58.3965219,-34.7667337],[-58.3963994,-34.7624413],[-58.3957639,-34.7577341],[-58.395161,-34.7542439],[-58.394502,-34.7505473],[-58.3933697,-34.7444411],[-58.3927388,-34.7409275],[-58.3907614,-34.7364032],[-58.390171,-34.7364316],[-58.3901061,-34.7343071],[-58.3900371,-34.7283807],[-58.3919982,-34.7229443],[-58.3941202,-34.7225683],[-58.3942213,-34.720915],[-58.3940717,-34.7195555],[-58.3934322,-34.7165253],[-58.3924834,-34.7122584],[-58.3916296,-34.7083533],[-58.3916589,-34.7072083],[-58.3918203,-34.7024515],[-58.3919495,-34.6981508],[-58.3905923,-34.6949496],[-58.3889489,-34.6910335],[-58.3871263,-34.6867087],[-58.3852015,-34.6821036],[-58.3882583,-34.6794518],[-58.3898541,-34.6780779],[-58.3917255,-34.6764776],[-58.3932178,-34.6751703],[-58.3941793,-34.6742023],[-58.3939765,-34.6733974],[-58.3906811,-34.6706005],[-58.3877434,-34.6680857],[-58.3895758,-34.6666752],[-58.389631,-34.6660942],[-58.388415,-34.6632555],[-58.3881894,-34.6615316],[-58.3883293,-34.6597873],[-58.3885634,-34.6567168],[-58.3889562,-34.6518163],[-58.3892454,-34.6482683],[-58.3864066,-34.6466735],[-58.3811793,-34.6454174],[-58.3796055,-34.6450996],[-58.3793466,-34.6436446],[-58.3784024,-34.6410667],[-58.3812778,-34.6384357],[-58.3818277,-34.6367977],[-58.3821367,-34.6356565],[-58.3825868,-34.6326995],[-58.3826591,-34.6310631],[-58.3827853,-34.6286198],[-58.3828758,-34.6259916],[-58.3843717,-34.6253197]]}},{"type":"Feature","properties":{"linea":"79","linea_nombre":"Línea 79","ramal":"Principal","sentido":"IDA","subgrupo":"Línea 79","subgrupo_detalle":"Ramal Principal","color_hex":"#2563eb","operador":"Empresa San Vicente S.A.T.","cabecera_inicio":"Plaza Constitución","cabecera_fin":"San Vicente","nombre":"Línea 79 - Principal - IDA","numero":"79","categoria":"NACIONAL","subcategoria":"Principal","color":"#2563eb","descripcion":"Línea 79: Constitución → San Vicente","network":"NACIONAL","routeId":"osm:6595874","source":"OpenStreetMap","license":"ODbL-1.0"},"geometry":{"type":"LineString","coordinates":[[-58.3850478,-34.6258971],[-58.3822367,-34.6272483],[-58.3818092,-34.6278115],[-58.3814087,-34.6283785],[-58.3813423,-34.6307387],[-58.3831287,-34.6321718],[-58.3833639,-34.6329959],[-58.3830214,-34.633731],[-58.3813926,-34.6383273],[-58.3818619,-34.6366633],[-58.3813602,-34.6384307],[-58.3808929,-34.6412953],[-58.38111,-34.6424391],[-58.3828444,-34.6458259],[-58.3857397,-34.6465123],[-58.3892454,-34.6482683],[-58.3889068,-34.6524272],[-58.3887716,-34.6541873],[-58.3884402,-34.6581979],[-58.3883433,-34.6595816],[-58.3882198,-34.6611035],[-58.3881518,-34.6623697],[-58.3887413,-34.6640391],[-58.389631,-34.6660942],[-58.3896085,-34.6666266],[-58.3897578,-34.6696576],[-58.3926274,-34.6706242],[-58.3936103,-34.6731079],[-58.3941608,-34.673672],[-58.3941034,-34.6743696],[-58.3928257,-34.6755185],[-58.3918739,-34.6763499],[-58.3913597,-34.6767828],[-58.3898541,-34.6780779],[-58.3889556,-34.6788498],[-58.3877101,-34.6799258],[-58.3858595,-34.6815458],[-58.3870818,-34.6862359],[-58.3890399,-34.6909252],[-58.3907127,-34.6949119],[-58.3920443,-34.6997318],[-58.3918777,-34.7046916],[-58.3918515,-34.7087347],[-58.393401,-34.715824],[-58.3945749,-34.7208578],[-58.3949052,-34.7215565],[-58.3944323,-34.7223354],[-58.3922279,-34.7228294],[-58.3901566,-34.7258586],[-58.3901409,-34.7315086],[-58.3902037,-34.7359488],[-58.3916514,-34.7362746],[-58.3928623,-34.7410866],[-58.3939608,-34.7470299],[-58.3952265,-34.7540944],[-58.3958259,-34.757663],[-58.3963783,-34.7612489],[-58.3966196,-34.7667306],[-58.3954396,-34.7717294],[-58.3918503,-34.7767945],[-58.3899134,-34.7815579],[-58.3893714,-34.7845744],[-58.3889959,-34.7902666],[-58.3888308,-34.7957696],[-58.3887831,-34.8002138],[-58.3887496,-34.8007997],[-58.3886805,-34.8072255],[-58.3888801,-34.8137448],[-58.3892779,-34.8204679],[-58.38878,-34.8252892],[-58.3874148,-34.8294159],[-58.3854069,-34.8334179],[-58.3853563,-34.8341871],[-58.384391,-34.8351192],[-58.3818227,-34.8388133],[-58.3792257,-34.8426789],[-58.3761305,-34.8470106],[-58.3832923,-34.8505651],[-58.384518,-34.8511708],[-58.3875409,-34.8557221],[-58.3870559,-34.8585379],[-58.386539,-34.8622642],[-58.3878351,-34.8625283],[-58.3878351,-34.8625283]]}},{"type":"Feature","properties":{"linea":"85","linea_nombre":"Línea 85","ramal":"I","sentido":"IDA","subgrupo":"Línea 85","subgrupo_detalle":"Ramal I","color_hex":"#2563eb","operador":"Sociedad Anónima Expreso Sudoeste","cabecera_inicio":"Ciudadela Norte","cabecera_fin":"Balneario Quilmes","nombre":"Línea 85 - I - IDA","numero":"85","categoria":"NACIONAL","subcategoria":"I","color":"#2563eb","descripcion":"Línea 85 - Ramal I: Ciudadela Norte → Balneario Quilmes","network":"NACIONAL","routeId":"osm:17612336","source":"OpenStreetMap","license":"ODbL-1.0"},"geometry":{"type":"LineString","coordinates":[[-58.5339322,-34.6284416],[-58.5322311,-34.6199789],[-58.5302949,-34.6180613],[-58.5287906,-34.6168281],[-58.5269076,-34.6153745],[-58.5250973,-34.6139711],[-58.5224391,-34.6123543],[-58.5204155,-34.6111259],[-58.5168209,-34.6089491],[-58.5133869,-34.6061658],[-58.5115082,-34.6056698],[-58.5088111,-34.6112838],[-58.505128,-34.6151974],[-58.4997121,-34.6201749],[-58.4939059,-34.6247693],[-58.4892882,-34.6284368],[-58.4837286,-34.6328632],[-58.4805863,-34.6335382],[-58.4792319,-34.6332197],[-58.4776096,-34.6328318],[-58.4736909,-34.6318219],[-58.4732823,-34.6317084],[-58.4704736,-34.6309215],[-58.4670502,-34.6300219],[-58.4628411,-34.6288826],[-58.4603959,-34.6281355],[-58.4596583,-34.6278659],[-58.4575591,-34.6270075],[-58.4549761,-34.625988],[-58.4524504,-34.6250023],[-58.4485571,-34.62349],[-58.4463196,-34.6226121],[-58.4453423,-34.6222178],[-58.4442866,-34.6218766],[-58.4400816,-34.6205443],[-58.4356267,-34.6192738],[-58.429734,-34.6184423],[-58.4279706,-34.6211592],[-58.427497,-34.6236061],[-58.4266155,-34.6276179],[-58.4258344,-34.6311372],[-58.4247354,-34.6356656],[-58.4228988,-34.6425252],[-58.4176391,-34.6478074],[-58.4164362,-34.6491087],[-58.4164087,-34.6516783],[-58.4164466,-34.6543958],[-58.4170284,-34.6612567],[-58.4164212,-34.6659148],[-58.4115216,-34.6695336],[-58.4098875,-34.6707426],[-58.4041136,-34.6750041],[-58.4000299,-34.6768446],[-58.3938147,-34.6729443],[-58.3942192,-34.6740134],[-58.3928257,-34.6755185],[-58.3917255,-34.6764776],[-58.3901817,-34.6778037],[-58.3877101,-34.6799258],[-58.385353,-34.6821176],[-58.3847642,-34.6855926],[-58.3796462,-34.6895127],[-58.3752905,-34.6931274],[-58.3681505,-34.6989023],[-58.3624111,-34.7034688],[-58.3563912,-34.7071027],[-58.3523272,-34.7106557],[-58.3446914,-34.7124113],[-58.3369913,-34.7059656],[-58.3271164,-34.712327],[-58.3236579,-34.7093807],[-58.3199367,-34.7061915],[-58.3161345,-34.7053581],[-58.3120324,-34.7093439],[-58.30837,-34.7129359],[-58.3047915,-34.7164767],[-58.3027107,-34.7234567],[-58.300838,-34.7271963],[-58.2996185,-34.7289219],[-58.2965414,-34.7352441],[-58.288754,-34.7327012],[-58.2763995,-34.7265408],[-58.2663792,-34.7204844],[-58.2607326,-34.7227395],[-58.2533718,-34.7221804],[-58.2468203,-34.7175753],[-58.2365454,-34.7104196],[-58.230336,-34.7072162],[-58.2239711,-34.7101166],[-58.2235904,-34.7104103]]}},{"type":"Feature","properties":{"linea":"85","linea_nombre":"Línea 85","ramal":"G","sentido":"IDA","subgrupo":"Línea 85","subgrupo_detalle":"Ramal G","color_hex":"#2563eb","operador":"Sociedad Anónima Expreso Sudoeste","cabecera_inicio":"Balneario Quilmes","cabecera_fin":"Ciudadela Norte","nombre":"Línea 85 - G - IDA","numero":"85","categoria":"NACIONAL","subcategoria":"G","color":"#2563eb","descripcion":"Línea 85 - Ramal G: Balneario Quilmes → Ciudadela Norte","network":"NACIONAL","routeId":"osm:17612363","source":"OpenStreetMap","license":"ODbL-1.0"},"geometry":{"type":"LineString","coordinates":[[-58.2234492,-34.7102942],[-58.2289001,-34.7074916],[-58.2348264,-34.7092938],[-58.2446221,-34.7151042],[-58.2501322,-34.7194995],[-58.2591695,-34.7230453],[-58.2646565,-34.7184524],[-58.2676533,-34.7222305],[-58.2764096,-34.7172419],[-58.2846499,-34.7191754],[-58.2910816,-34.7189278],[-58.2993084,-34.7148313],[-58.3091693,-34.710322],[-58.3119997,-34.7090062],[-58.3158531,-34.7052686],[-58.3187345,-34.7030085],[-58.3198449,-34.7061131],[-58.3237949,-34.709497],[-58.3304209,-34.708035],[-58.3367991,-34.7028484],[-58.3435309,-34.6974388],[-58.3483948,-34.6934076],[-58.3556089,-34.6922594],[-58.3605348,-34.6972367],[-58.3648882,-34.7014616],[-58.3707859,-34.6969539],[-58.3753985,-34.6930349],[-58.3796462,-34.6895127],[-58.383095,-34.6868676],[-58.3855497,-34.6850125],[-58.3874704,-34.6871543],[-58.3943621,-34.6833918],[-58.3985815,-34.6785064],[-58.4028447,-34.6759433],[-58.408719,-34.6716141],[-58.4131473,-34.6683266],[-58.4176037,-34.6649283],[-58.4167223,-34.6604072],[-58.4163748,-34.6564544],[-58.4163424,-34.6524662],[-58.4163106,-34.6506942],[-58.4161879,-34.6484123],[-58.4163062,-34.6482246],[-58.4191831,-34.647135],[-58.4231546,-34.6411784],[-58.4250379,-34.6340484],[-58.4261726,-34.6296148],[-58.4269163,-34.6262631],[-58.4277963,-34.6220678],[-58.4284431,-34.6184321],[-58.4302584,-34.6155438],[-58.4333236,-34.6168953],[-58.4352856,-34.6177687],[-58.4390206,-34.6194371],[-58.4418956,-34.6206993],[-58.4445942,-34.6218955],[-58.4458054,-34.6224046],[-58.446995,-34.6228845],[-58.4500416,-34.6240581],[-58.453007,-34.6252186],[-58.4547776,-34.6259098],[-58.4573608,-34.6269305],[-58.4593068,-34.6277204],[-58.4607501,-34.6282512],[-58.4628929,-34.6288959],[-58.4667853,-34.6299694],[-58.4708198,-34.6310164],[-58.4727406,-34.6315569],[-58.4745934,-34.6320708],[-58.4772318,-34.6327427],[-58.4805863,-34.6335382],[-58.4823558,-34.6339616],[-58.4839181,-34.632009],[-58.4858737,-34.6277951],[-58.4889232,-34.6271552],[-58.4937663,-34.6233057],[-58.4981533,-34.6198293],[-58.5018699,-34.6164906],[-58.5057955,-34.6117951],[-58.5104794,-34.6064006],[-58.5146138,-34.6075853],[-58.5200927,-34.6109315],[-58.5235129,-34.6130042],[-58.5257848,-34.6145051],[-58.5283074,-34.6164588],[-58.5302445,-34.6179306],[-58.5311678,-34.6180851],[-58.5311954,-34.619347],[-58.5332505,-34.6245061],[-58.536424,-34.6273266]]}},{"type":"Feature","properties":{"linea":"85","linea_nombre":"Línea 85","ramal":"A","sentido":"IDA","subgrupo":"Línea 85","subgrupo_detalle":"Ramal A","color_hex":"#2563eb","operador":"Sociedad Anónima Expreso Sudoeste","cabecera_inicio":"Balneario Quilmes","cabecera_fin":"Ciudadela Norte","nombre":"Línea 85 - A - IDA","numero":"85","categoria":"NACIONAL","subcategoria":"A","color":"#2563eb","descripcion":"Línea 85 - Ramal A: Balneario Quilmes → Ciudadela Norte","network":"NACIONAL","routeId":"osm:3009122","source":"OpenStreetMap","license":"ODbL-1.0"},"geometry":{"type":"LineString","coordinates":[[-58.2234492,-34.7102942],[-58.2302884,-34.7071103],[-58.2374901,-34.7108748],[-58.2477281,-34.7169896],[-58.2563679,-34.7226564],[-58.2644939,-34.7177077],[-58.2676533,-34.7222305],[-58.2778909,-34.7133558],[-58.2802715,-34.7096512],[-58.2876943,-34.7066439],[-58.2912453,-34.7048774],[-58.2979016,-34.7030673],[-58.2998602,-34.7023902],[-58.3065722,-34.6999758],[-58.3134001,-34.6985003],[-58.3198231,-34.7019828],[-58.3253573,-34.69645],[-58.3349708,-34.7043087],[-58.3427933,-34.6980592],[-58.3485533,-34.6932702],[-58.3550822,-34.689514],[-58.3572489,-34.6875558],[-58.3600904,-34.6852938],[-58.3639275,-34.6812281],[-58.3631485,-34.6743148],[-58.362372,-34.6736427],[-58.362022,-34.6732617],[-58.3645795,-34.6753881],[-58.366542,-34.6771259],[-58.3682447,-34.6783784],[-58.3711588,-34.6761037],[-58.3754408,-34.6723927],[-58.3783895,-34.6716956],[-58.3797878,-34.6737043],[-58.3829809,-34.6768047],[-58.3884982,-34.6792542],[-58.3915062,-34.6766709],[-58.3940433,-34.6744459],[-58.395591,-34.6732114],[-58.4021401,-34.6764622],[-58.408719,-34.6716141],[-58.4139618,-34.6677198],[-58.4173132,-34.6632897],[-58.4164429,-34.6574266],[-58.4163554,-34.6535347],[-58.4163115,-34.650917],[-58.4161879,-34.6484123],[-58.4163934,-34.6482595],[-58.4211054,-34.6448978],[-58.4244807,-34.6362057],[-58.4258344,-34.6311372],[-58.4268061,-34.6267551],[-58.4277963,-34.6220678],[-58.4284795,-34.6181939],[-58.4316417,-34.6161476],[-58.4339866,-34.6171907],[-58.4377456,-34.6188561],[-58.4413624,-34.620474],[-58.4445942,-34.6218955],[-58.4460779,-34.6225146],[-58.4485571,-34.62349],[-58.450663,-34.6243031],[-58.454018,-34.6256106],[-58.4570852,-34.6268097],[-58.4593068,-34.6277204],[-58.4610298,-34.6283434],[-58.4648699,-34.6294665],[-58.4696386,-34.630693],[-58.4722296,-34.6314132],[-58.4743382,-34.6320004],[-58.4772318,-34.6327427],[-58.4808184,-34.6335934],[-58.4834447,-34.6330718],[-58.4844756,-34.6308002],[-58.4875502,-34.6265929],[-58.4923951,-34.6244052],[-58.4981533,-34.6198293],[-58.501997,-34.6163228],[-58.5068133,-34.6106744],[-58.5130012,-34.6065905],[-58.5187051,-34.610099],[-58.523303,-34.6128782],[-58.5257848,-34.6145051],[-58.5292856,-34.6172226],[-58.5304681,-34.6179975],[-58.5312615,-34.6182111],[-58.5310427,-34.6225845],[-58.536424,-34.6273266]]}},{"type":"Feature","properties":{"linea":"85","linea_nombre":"Línea 85","ramal":"G","sentido":"IDA","subgrupo":"Línea 85","subgrupo_detalle":"Ramal G","color_hex":"#2563eb","operador":"Sociedad Anónima Expreso Sudoeste","cabecera_inicio":"Ciudadela Norte","cabecera_fin":"Balneario Quilmes","nombre":"Línea 85 - G - IDA","numero":"85","categoria":"NACIONAL","subcategoria":"G","color":"#2563eb","descripcion":"Línea 85 - Ramal G: Ciudadela Norte → Balneario Quilmes","network":"NACIONAL","routeId":"osm:17612335","source":"OpenStreetMap","license":"ODbL-1.0"},"geometry":{"type":"LineString","coordinates":[[-58.5339322,-34.6284416],[-58.5329765,-34.6206902],[-58.5303603,-34.6181668],[-58.5295016,-34.6173898],[-58.527688,-34.6159794],[-58.5254663,-34.6142585],[-58.5250973,-34.6139711],[-58.5218544,-34.611995],[-58.5194412,-34.610539],[-58.515545,-34.6081598],[-58.5143681,-34.6050805],[-58.5120971,-34.6072127],[-58.5081521,-34.6120171],[-58.5047688,-34.6155687],[-58.4997121,-34.6201749],[-58.4942013,-34.6245346],[-58.4902229,-34.6276934],[-58.4853941,-34.6315455],[-58.4829438,-34.6340977],[-58.4816991,-34.6338029],[-58.4789129,-34.6331448],[-58.4761873,-34.6324847],[-58.4745934,-34.6320708],[-58.4720485,-34.6313618],[-58.4711961,-34.6311196],[-58.4656153,-34.6297532],[-58.4612205,-34.628406],[-58.4605294,-34.6281793],[-58.4596583,-34.6278659],[-58.4573608,-34.6269305],[-58.4547776,-34.6259098],[-58.454018,-34.6256106],[-58.4505035,-34.6242417],[-58.4481309,-34.6233276],[-58.4458054,-34.6224046],[-58.4447011,-34.6219591],[-58.4420723,-34.6210531],[-58.4375342,-34.6198187],[-58.4344313,-34.6190528],[-58.4290225,-34.6183438],[-58.4280598,-34.6206766],[-58.4270767,-34.6255832],[-58.4266155,-34.6276179],[-58.4257947,-34.6313327],[-58.4249938,-34.6346591],[-58.4237689,-34.6391597],[-58.420135,-34.6460218],[-58.4165086,-34.6483401],[-58.4164015,-34.6505393],[-58.41642,-34.6523488],[-58.4165853,-34.6568023],[-58.4173812,-34.6629495],[-58.412332,-34.6689309],[-58.4106927,-34.6701356],[-58.4067154,-34.6731053],[-58.4042237,-34.6749234],[-58.4006635,-34.6776835],[-58.3969776,-34.6819298],[-58.3905205,-34.687432],[-58.3867025,-34.6856892],[-58.3831918,-34.6867944],[-58.3777319,-34.6910528],[-58.3727556,-34.6952886],[-58.3675941,-34.6992838],[-58.3632588,-34.6999029],[-58.359352,-34.6959809],[-58.3566124,-34.693079],[-58.3515488,-34.692505],[-58.3469791,-34.6963755],[-58.3421874,-34.7003813],[-58.3388056,-34.7030752],[-58.3289401,-34.7108719],[-58.32504,-34.7105589],[-58.3231898,-34.7089796],[-58.3187393,-34.7051642],[-58.314096,-34.7073252],[-58.3103857,-34.7109515],[-58.3068794,-34.7116109],[-58.291742,-34.7187753],[-58.2754387,-34.7167543],[-58.2742714,-34.7184786],[-58.2663792,-34.7204844],[-58.2610352,-34.7223402],[-58.2552086,-34.7231249],[-58.2467292,-34.717632],[-58.2401236,-34.7125267],[-58.2309902,-34.7071211],[-58.2269374,-34.7082215],[-58.2235904,-34.7104103]]}},{"type":"Feature","properties":{"linea":"85","linea_nombre":"Línea 85","ramal":"A","sentido":"IDA","subgrupo":"Línea 85","subgrupo_detalle":"Ramal A","color_hex":"#2563eb","operador":"Sociedad Anónima Expreso Sudoeste","cabecera_inicio":"Ciudadela Norte","cabecera_fin":"Balneario Quilmes","nombre":"Línea 85 - A - IDA","numero":"85","categoria":"NACIONAL","subcategoria":"A","color":"#2563eb","descripcion":"Línea 85 - Ramal A: Ciudadela Norte → Balneario Quilmes","network":"NACIONAL","routeId":"osm:3666626","source":"OpenStreetMap","license":"ODbL-1.0"},"geometry":{"type":"LineString","coordinates":[[-58.5339322,-34.6284416],[-58.5314588,-34.6192883],[-58.5302158,-34.6179623],[-58.5287906,-34.6168281],[-58.5269076,-34.6153745],[-58.5247095,-34.61372],[-58.5217748,-34.6119464],[-58.5180816,-34.6097175],[-58.5142674,-34.6073717],[-58.5118382,-34.6035199],[-58.5097783,-34.6099635],[-58.5061713,-34.6140955],[-58.5004338,-34.6196044],[-58.4942013,-34.6245346],[-58.4892882,-34.6284368],[-58.4835758,-34.6329817],[-58.4808184,-34.6335934],[-58.4803498,-34.633482],[-58.4759055,-34.632412],[-58.4744314,-34.6320261],[-58.472201,-34.6314051],[-58.4690506,-34.6305223],[-58.4640802,-34.629307],[-58.4627207,-34.628848],[-58.4593068,-34.6277204],[-58.4570852,-34.6268097],[-58.4547776,-34.6259098],[-58.452186,-34.6248995],[-58.4485571,-34.62349],[-58.4465195,-34.6226927],[-58.4454789,-34.6222731],[-58.4425045,-34.6211758],[-58.4381922,-34.6200284],[-58.4340101,-34.6190051],[-58.4285825,-34.6182829],[-58.4279396,-34.6213269],[-58.4269872,-34.6261309],[-58.4259965,-34.6304434],[-58.4251881,-34.6336993],[-58.4237689,-34.6391597],[-58.4165882,-34.6482624],[-58.4163997,-34.6485402],[-58.4164087,-34.6516783],[-58.4164526,-34.6545602],[-58.4172685,-34.6623775],[-58.4175968,-34.665065],[-58.4108525,-34.6700256],[-58.4057591,-34.6738037],[-58.4021401,-34.6764622],[-58.3979495,-34.6754435],[-58.3942196,-34.6739464],[-58.3932545,-34.6751358],[-58.3922395,-34.6760236],[-58.3901817,-34.6778037],[-58.3887563,-34.6790283],[-58.3852015,-34.6821036],[-58.3828789,-34.6769098],[-58.3796992,-34.6736082],[-58.376988,-34.6717729],[-58.3711001,-34.6761962],[-58.3681573,-34.6786786],[-58.3658381,-34.6767229],[-58.3639887,-34.6808024],[-58.3583285,-34.6867009],[-58.3542556,-34.690227],[-58.3499299,-34.6938699],[-58.3441509,-34.6987564],[-58.3400753,-34.7021572],[-58.331612,-34.7015657],[-58.326172,-34.6973199],[-58.3199266,-34.7022349],[-58.3163083,-34.7030433],[-58.3067764,-34.6999473],[-58.301293,-34.7018927],[-58.296332,-34.7035966],[-58.2908462,-34.7050568],[-58.2869677,-34.7069612],[-58.2788629,-34.7102861],[-58.2779667,-34.7133932],[-58.2685671,-34.722697],[-58.2616996,-34.7214494],[-58.2552086,-34.7231249],[-58.2477281,-34.7169896],[-58.2365454,-34.7104196],[-58.2294056,-34.7074826],[-58.2236098,-34.7103707],[-58.2235904,-34.7104103]]}},{"type":"Feature","properties":{"linea":"85","linea_nombre":"Línea 85","ramal":"I","sentido":"IDA","subgrupo":"Línea 85","subgrupo_detalle":"Ramal I","color_hex":"#2563eb","operador":"Sociedad Anónima Expreso Sudoeste","cabecera_inicio":"Balneario Quilmes","cabecera_fin":"Ciudadela Norte","nombre":"Línea 85 - I - IDA","numero":"85","categoria":"NACIONAL","subcategoria":"I","color":"#2563eb","descripcion":"Línea 85 - Ramal I: Balneario Quilmes → Ciudadela Norte","network":"NACIONAL","routeId":"osm:17612364","source":"OpenStreetMap","license":"ODbL-1.0"},"geometry":{"type":"LineString","coordinates":[[-58.2234492,-34.7102942],[-58.2302884,-34.7071103],[-58.2374901,-34.7108748],[-58.2477281,-34.7169896],[-58.2563679,-34.7226564],[-58.2644939,-34.7177077],[-58.2676533,-34.7222305],[-58.2745281,-34.7255418],[-58.2927758,-34.7346509],[-58.2955228,-34.7347439],[-58.2989475,-34.7298728],[-58.3022358,-34.7246957],[-58.3036558,-34.7201374],[-58.3056161,-34.7155465],[-58.3098833,-34.7112504],[-58.3095261,-34.7102327],[-58.312618,-34.7084041],[-58.3170769,-34.7041556],[-58.317656,-34.7040286],[-58.323386,-34.7091499],[-58.3284955,-34.7096025],[-58.336851,-34.7044133],[-58.3441484,-34.7107132],[-58.3499364,-34.7127189],[-58.3538496,-34.7093222],[-58.3582058,-34.7055441],[-58.3648882,-34.7014616],[-58.3697025,-34.6978689],[-58.3720804,-34.6958595],[-58.3761169,-34.6924197],[-58.3819496,-34.6877335],[-58.3851117,-34.6853429],[-58.3858595,-34.6815458],[-58.3901817,-34.6778037],[-58.393156,-34.6752305],[-58.3946107,-34.6739534],[-58.3987054,-34.6757398],[-58.4050749,-34.6743011],[-58.4115216,-34.6695336],[-58.4175968,-34.665065],[-58.4167223,-34.6604072],[-58.4163528,-34.6556923],[-58.4163322,-34.6521348],[-58.4163053,-34.649639],[-58.4161064,-34.64781],[-58.4190513,-34.647218],[-58.4231546,-34.6411784],[-58.4251881,-34.6336993],[-58.4264623,-34.6283035],[-58.4270834,-34.625537],[-58.4283059,-34.6194182],[-58.4292594,-34.6151108],[-58.4333236,-34.6168953],[-58.4362531,-34.6181991],[-58.4402632,-34.6199848],[-58.4435471,-34.6213864],[-58.4454452,-34.6222593],[-58.4466934,-34.6227629],[-58.4500416,-34.6240581],[-58.4533723,-34.6253602],[-58.4553724,-34.6261442],[-58.4584888,-34.6273846],[-58.4603149,-34.628109],[-58.4627207,-34.628848],[-58.4667853,-34.6299694],[-58.4710256,-34.6310728],[-58.4732823,-34.6317084],[-58.4761873,-34.6324847],[-58.4792319,-34.6332197],[-58.4818124,-34.6338298],[-58.4839181,-34.632009],[-58.485959,-34.6276095],[-58.4898185,-34.6264454],[-58.4961369,-34.621411],[-58.5010812,-34.6174878],[-58.5049986,-34.6126945],[-58.5104794,-34.6064006],[-58.5157526,-34.6082882],[-58.5217748,-34.6119464],[-58.5250973,-34.6139711],[-58.5275908,-34.6159044],[-58.5301634,-34.617892],[-58.5311678,-34.6180851],[-58.5311775,-34.6200816],[-58.5359023,-34.6269094],[-58.536424,-34.6273266]]}},{"type":"Feature","properties":{"linea":"9","linea_nombre":"Línea 9","ramal":"1","sentido":"IDA","subgrupo":"Línea 9","subgrupo_detalle":"Ramal 1","color_hex":"#2563eb","operador":"General Tomas Guido S.A.","cabecera_inicio":"Terminal Micro Ómnibus Avenida S.A.","cabecera_fin":"Terminal de Ómnibus Retiro","nombre":"Línea 9 - 1 - IDA","numero":"9","categoria":"NACIONAL","subcategoria":"1","color":"#2563eb","descripcion":"Línea 9 - Ramal 1: Villa Caraza → Retiro","network":"NACIONAL","routeId":"osm:1162815","source":"OpenStreetMap","license":"ODbL-1.0"},"geometry":{"type":"LineString","coordinates":[[-58.4254531,-34.692875],[-58.4242979,-34.6937032],[-58.4206762,-34.6984343],[-58.4268615,-34.7017995],[-58.4274411,-34.7021097],[-58.4267258,-34.6974301],[-58.4231525,-34.6955289],[-58.4205194,-34.6939161],[-58.422799,-34.691487],[-58.4240745,-34.6895761],[-58.4279885,-34.68411],[-58.4311073,-34.6797619],[-58.430001,-34.6751124],[-58.4215599,-34.6709287],[-58.418974,-34.6696548],[-58.4173402,-34.6667893],[-58.4175998,-34.6648763],[-58.4169048,-34.6612726],[-58.4164247,-34.6573465],[-58.4163271,-34.6548612],[-58.4163395,-34.6524037],[-58.4163115,-34.650917],[-58.4163092,-34.6495435],[-58.4159257,-34.6478922],[-58.414156,-34.6449682],[-58.4161104,-34.6431407],[-58.4160999,-34.6425186],[-58.4161169,-34.6389384],[-58.4145359,-34.6386596],[-58.4116012,-34.6381386],[-58.407578,-34.6374861],[-58.4037874,-34.6367775],[-58.4035853,-34.6367455],[-58.4019764,-34.6364677],[-58.3999583,-34.6361006],[-58.3974332,-34.6356341],[-58.3948506,-34.6351262],[-58.3938579,-34.634899],[-58.3907342,-34.634187],[-58.3884704,-34.6337155],[-58.3852566,-34.6327832],[-58.3833049,-34.6321505],[-58.3827511,-34.6293639],[-58.3827187,-34.6278596],[-58.3814118,-34.6275081],[-58.3798419,-34.6275864],[-58.3786965,-34.6269503],[-58.379965,-34.6237385],[-58.3808032,-34.6216593],[-58.3809041,-34.6205706],[-58.3809498,-34.6184092],[-58.3810353,-34.6164481],[-58.3811435,-34.6143177],[-58.3811094,-34.61258],[-58.3812832,-34.6112445],[-58.3813728,-34.6095499],[-58.3814862,-34.6074076],[-58.3816039,-34.6056414],[-58.3815613,-34.6046753],[-58.3812921,-34.6041962],[-58.3813119,-34.6033849],[-58.3817132,-34.6026722],[-58.3818253,-34.6012718],[-58.3819228,-34.5992902],[-58.381998,-34.5978857],[-58.3816481,-34.5972292],[-58.3814777,-34.5955792],[-58.3806291,-34.5952802],[-58.3783501,-34.5950815],[-58.377428,-34.5953083],[-58.3765745,-34.5959971],[-58.3759709,-34.5962409],[-58.3755112,-34.5961413],[-58.3747149,-34.5950573],[-58.3740172,-34.5937961],[-58.3724779,-34.5917692],[-58.3721269,-34.5907397],[-58.3727096,-34.5898866],[-58.3723059,-34.5893895],[-58.3714777,-34.5892443],[-58.3716588,-34.5872943],[-58.3728428,-34.5838067],[-58.3740098,-34.5817154],[-58.3730329,-34.5846881],[-58.3751863,-34.5850308],[-58.3745564,-34.5854377]]}},{"type":"Feature","properties":{"linea":"9","linea_nombre":"Línea 9","ramal":"Expreso","sentido":"IDA","subgrupo":"Línea 9","subgrupo_detalle":"Ramal Expreso","color_hex":"#2563eb","operador":"General Tomas Guido S.A.","cabecera_inicio":"Retiro","cabecera_fin":"Villa Caraza","nombre":"Línea 9 - Expreso - IDA","numero":"9","categoria":"NACIONAL","subcategoria":"Expreso","color":"#2563eb","descripcion":"Línea 9 - Expreso: Retiro → Villa Caraza","network":"NACIONAL","routeId":"osm:9516610","source":"OpenStreetMap","license":"ODbL-1.0"},"geometry":{"type":"LineString","coordinates":[[-58.3745564,-34.5854377],[-58.3734178,-34.5860699],[-58.3726396,-34.5863108],[-58.3720616,-34.5873114],[-58.3719935,-34.588581],[-58.3725378,-34.5892595],[-58.3731294,-34.5899888],[-58.3739387,-34.5911225],[-58.3743826,-34.5916352],[-58.3750121,-34.5924062],[-58.3737734,-34.5937085],[-58.3724188,-34.5958612],[-58.3719068,-34.597138],[-58.3728017,-34.5985214],[-58.3742807,-34.5985913],[-58.3759713,-34.5987168],[-58.3787312,-34.5988696],[-58.3812768,-34.5990231],[-58.3817119,-34.6001327],[-58.38163,-34.601935],[-58.3815093,-34.6027943],[-58.3812485,-34.603463],[-58.3812422,-34.604306],[-58.3814668,-34.6049468],[-58.3813667,-34.6067401],[-58.3812645,-34.608513],[-58.381167,-34.6101864],[-58.3810646,-34.6118545],[-58.3810129,-34.613633],[-58.3809223,-34.6152584],[-58.3808474,-34.6169069],[-58.3807808,-34.6186055],[-58.3807442,-34.6206605],[-58.3811055,-34.6227235],[-58.3810115,-34.6246191],[-58.3808267,-34.6247982],[-58.3797716,-34.6273248],[-58.3785558,-34.6273627],[-58.3790093,-34.6260474],[-58.3802922,-34.6237976],[-58.3802944,-34.6233556],[-58.3800982,-34.6227673],[-58.3804552,-34.6224317],[-58.3809309,-34.6224322],[-58.3816242,-34.6226981],[-58.3823743,-34.6227819],[-58.3859064,-34.6228983],[-58.3936912,-34.6239912],[-58.4608738,-34.6421094],[-58.4524311,-34.6364605],[-58.4493696,-34.6364166],[-58.4429581,-34.6333771],[-58.4250543,-34.6287078],[-58.4111031,-34.6268349],[-58.3941232,-34.6241164],[-58.4636553,-34.6474017],[-58.4647469,-34.6487168],[-58.4664504,-34.6501366],[-58.4671146,-34.6502526],[-58.46758,-34.6508585],[-58.4671689,-34.6517237],[-58.4648661,-34.6532531],[-58.4606653,-34.6564928],[-58.4525691,-34.6631112],[-58.4447767,-34.6694725],[-58.4367251,-34.6730965],[-58.4361264,-34.6748228],[-58.4388318,-34.6767633],[-58.4403942,-34.6778645],[-58.4406134,-34.6787551],[-58.4387833,-34.6802286],[-58.4371845,-34.680915],[-58.4367134,-34.6811286],[-58.4354732,-34.6807948],[-58.4322825,-34.6799643],[-58.4291935,-34.6824278],[-58.4278742,-34.6842689],[-58.423382,-34.6905607],[-58.4228303,-34.6913867],[-58.4219449,-34.6947966],[-58.4242668,-34.6961959],[-58.4278186,-34.6980208],[-58.4269752,-34.7016504],[-58.4256701,-34.7011755],[-58.4230401,-34.6954536],[-58.4250263,-34.6926997]]}},{"type":"Feature","properties":{"linea":"9","linea_nombre":"Línea 9","ramal":"Expreso","sentido":"IDA","subgrupo":"Línea 9","subgrupo_detalle":"Ramal Expreso","color_hex":"#2563eb","operador":"General Tomas Guido S.A.","cabecera_inicio":"Terminal Micro Ómnibus Avenida S.A.","cabecera_fin":"Terminal de Ómnibus Retiro","nombre":"Línea 9 - Expreso - IDA","numero":"9","categoria":"NACIONAL","subcategoria":"Expreso","color":"#2563eb","descripcion":"Línea 9 - Expreso: Villa Caraza → Retiro","network":"NACIONAL","routeId":"osm:9516611","source":"OpenStreetMap","license":"ODbL-1.0"},"geometry":{"type":"LineString","coordinates":[[-58.4254531,-34.692875],[-58.4242979,-34.6937032],[-58.4206762,-34.6984343],[-58.4268615,-34.7017995],[-58.4274411,-34.7021097],[-58.4267258,-34.6974301],[-58.4231525,-34.6955289],[-58.4205194,-34.6939161],[-58.422799,-34.691487],[-58.4240745,-34.6895761],[-58.4279885,-34.68411],[-58.4311073,-34.6797619],[-58.4343821,-34.680513],[-58.4362192,-34.6809631],[-58.43686,-34.6807528],[-58.438053,-34.6805449],[-58.4404672,-34.6788676],[-58.4402802,-34.6779741],[-58.4394929,-34.6779853],[-58.4408257,-34.680459],[-58.4498732,-34.6802558],[-58.4497051,-34.6791665],[-58.4505681,-34.6796085],[-58.4529937,-34.677818],[-58.4565752,-34.6750192],[-58.4581507,-34.6737296],[-58.4588189,-34.6727147],[-58.4622566,-34.6705378],[-58.4635234,-34.6692161],[-58.4681021,-34.6659414],[-58.4687225,-34.6644718],[-58.4697932,-34.6636004],[-58.4711447,-34.6636485],[-58.4720638,-34.6626617],[-58.4708565,-34.6594084],[-58.4687081,-34.6544127],[-58.4661913,-34.6502879],[-58.4636553,-34.6474017],[-58.4634426,-34.6470865],[-58.4620905,-34.6438929],[-58.4541557,-34.637125],[-58.4509048,-34.6363685],[-58.4434134,-34.6336608],[-58.4250543,-34.6287078],[-58.4102598,-34.6267956],[-58.3929598,-34.6238854],[-58.3834861,-34.6229915],[-58.381548,-34.6232968],[-58.3807046,-34.6242949],[-58.380226,-34.6259292],[-58.3796838,-34.6275216],[-58.3786965,-34.6269503],[-58.379965,-34.6237385],[-58.3808032,-34.6216593],[-58.3809041,-34.6205706],[-58.3809498,-34.6184092],[-58.3810353,-34.6164481],[-58.3811435,-34.6143177],[-58.3811094,-34.61258],[-58.3812832,-34.6112445],[-58.3813728,-34.6095499],[-58.3814862,-34.6074076],[-58.3816039,-34.6056414],[-58.3815613,-34.6046753],[-58.3812921,-34.6041962],[-58.3813119,-34.6033849],[-58.3817132,-34.6026722],[-58.3818253,-34.6012718],[-58.3819228,-34.5992902],[-58.381998,-34.5978857],[-58.3816481,-34.5972292],[-58.3814777,-34.5955792],[-58.3806291,-34.5952802],[-58.3783501,-34.5950815],[-58.377428,-34.5953083],[-58.3765745,-34.5959971],[-58.3759709,-34.5962409],[-58.3755112,-34.5961413],[-58.3747149,-34.5950573],[-58.3740172,-34.5937961],[-58.3724779,-34.5917692],[-58.3721269,-34.5907397],[-58.3727096,-34.5898866],[-58.3723059,-34.5893895],[-58.3714777,-34.5892443],[-58.3716588,-34.5872943],[-58.3728428,-34.5838067],[-58.3740098,-34.5817154],[-58.3730329,-34.5846881],[-58.3751863,-34.5850308],[-58.3745564,-34.5854377]]}},{"type":"Feature","properties":{"linea":"9","linea_nombre":"Línea 9","ramal":"2","sentido":"IDA","subgrupo":"Línea 9","subgrupo_detalle":"Ramal 2","color_hex":"#2563eb","operador":"General Tomas Guido S.A.","cabecera_inicio":"Terminal de Ómnibus Retiro","cabecera_fin":"Villa Caraza","nombre":"Línea 9 - 2 - IDA","numero":"9","categoria":"NACIONAL","subcategoria":"2","color":"#2563eb","descripcion":"Línea 9 - Ramal 2: Retiro → Villa Caraza","network":"NACIONAL","routeId":"osm:9516612","source":"OpenStreetMap","license":"ODbL-1.0"},"geometry":{"type":"LineString","coordinates":[[-58.3745564,-34.5854377],[-58.3736146,-34.5859596],[-58.3728264,-34.5863147],[-58.3723781,-34.586452],[-58.3717933,-34.5881288],[-58.3722833,-34.5889458],[-58.3727376,-34.5895058],[-58.3732303,-34.5901148],[-58.3739387,-34.5911225],[-58.3743521,-34.5915979],[-58.3748427,-34.5921987],[-58.3749051,-34.5929762],[-58.3730058,-34.5947017],[-58.3722936,-34.5961223],[-58.3716944,-34.597684],[-58.3728987,-34.5984783],[-58.3742807,-34.5985913],[-58.3759295,-34.5987148],[-58.3782779,-34.5988981],[-58.3806879,-34.5989459],[-58.3817566,-34.5992536],[-58.3816825,-34.6007894],[-58.3816023,-34.6024686],[-58.3814665,-34.6028692],[-58.3812485,-34.603463],[-58.3812344,-34.6042418],[-58.3814607,-34.6047998],[-58.3814069,-34.6060059],[-58.3813343,-34.6074016],[-58.381234,-34.6090446],[-58.3811491,-34.6106532],[-58.381058,-34.6119591],[-58.3810129,-34.613633],[-58.3809246,-34.6151655],[-58.38086,-34.6164395],[-58.3807888,-34.6182991],[-58.3807696,-34.619623],[-58.3808308,-34.6209874],[-58.381239,-34.6233698],[-58.3813447,-34.6246206],[-58.3808267,-34.6247982],[-58.3798392,-34.6271761],[-58.3793975,-34.6283085],[-58.3791191,-34.6290954],[-58.3786803,-34.630387],[-58.379244,-34.6316118],[-58.3793112,-34.6328528],[-58.3812638,-34.6330804],[-58.3813423,-34.6307387],[-58.3841089,-34.630989],[-58.3876617,-34.6313179],[-58.3906584,-34.6315364],[-58.3909837,-34.6339518],[-58.3938579,-34.634899],[-58.3956523,-34.6353065],[-58.3982352,-34.6357814],[-58.3997346,-34.636058],[-58.4021223,-34.6364938],[-58.4046861,-34.6369341],[-58.4057303,-34.6371009],[-58.4106359,-34.6379479],[-58.4120488,-34.6382181],[-58.4161169,-34.6389384],[-58.416397,-34.6417033],[-58.4161104,-34.6431407],[-58.416146,-34.6452816],[-58.4162039,-34.6478059],[-58.4163783,-34.6495067],[-58.4164019,-34.6505989],[-58.4164101,-34.6517508],[-58.4164196,-34.6530907],[-58.4165704,-34.6547482],[-58.4166168,-34.6585097],[-58.4172685,-34.6623775],[-58.4177265,-34.664888],[-58.4173299,-34.6678316],[-58.4187619,-34.6695662],[-58.4230184,-34.6716671],[-58.430001,-34.6751124],[-58.4299649,-34.6793457],[-58.4309575,-34.6799777],[-58.4315417,-34.6836308],[-58.4310018,-34.6889868],[-58.4328674,-34.6912247],[-58.4326627,-34.6952087],[-58.4302257,-34.6984981],[-58.4274411,-34.7021097],[-58.4246795,-34.7006384],[-58.421845,-34.6970515],[-58.4250263,-34.6926997]]}},{"type":"Feature","properties":{"linea":"9","linea_nombre":"Línea 9","ramal":"1","sentido":"IDA","subgrupo":"Línea 9","subgrupo_detalle":"Ramal 1","color_hex":"#2563eb","operador":"General Tomas Guido S.A.","cabecera_inicio":"Retiro","cabecera_fin":"Villa Caraza","nombre":"Línea 9 - 1 - IDA","numero":"9","categoria":"NACIONAL","subcategoria":"1","color":"#2563eb","descripcion":"Línea 9 - Ramal 1: Retiro → Villa Caraza","network":"NACIONAL","routeId":"osm:7204823","source":"OpenStreetMap","license":"ODbL-1.0"},"geometry":{"type":"LineString","coordinates":[[-58.3745564,-34.5854377],[-58.3734178,-34.5860699],[-58.3726396,-34.5863108],[-58.3720616,-34.5873114],[-58.3719935,-34.588581],[-58.3725378,-34.5892595],[-58.3731294,-34.5899888],[-58.3739387,-34.5911225],[-58.3743826,-34.5916352],[-58.3750121,-34.5924062],[-58.3737734,-34.5937085],[-58.3724188,-34.5958612],[-58.3719068,-34.597138],[-58.3728017,-34.5985214],[-58.3742807,-34.5985913],[-58.3759713,-34.5987168],[-58.3787312,-34.5988696],[-58.3812768,-34.5990231],[-58.3817119,-34.6001327],[-58.38163,-34.601935],[-58.3815093,-34.6027943],[-58.3812485,-34.603463],[-58.3812422,-34.604306],[-58.3814668,-34.6049468],[-58.3813667,-34.6067401],[-58.3812645,-34.608513],[-58.381167,-34.6101864],[-58.3810646,-34.6118545],[-58.3810129,-34.613633],[-58.3809223,-34.6152584],[-58.3808474,-34.6169069],[-58.3807808,-34.6186055],[-58.3807442,-34.6206605],[-58.3811055,-34.6227235],[-58.3810115,-34.6246191],[-58.3808267,-34.6247982],[-58.3797716,-34.6273248],[-58.3793549,-34.6284294],[-58.3790128,-34.6294395],[-58.3787552,-34.6307219],[-58.3793112,-34.6328528],[-58.3811236,-34.6330733],[-58.3813423,-34.6307387],[-58.3853526,-34.631106],[-58.3890297,-34.6314197],[-58.3913483,-34.631683],[-58.3919676,-34.634465],[-58.3955024,-34.6352747],[-58.3977376,-34.6356931],[-58.3997346,-34.636058],[-58.4023212,-34.6365299],[-58.4051114,-34.6370082],[-58.4083188,-34.6375443],[-58.4116012,-34.6381386],[-58.4156143,-34.638851],[-58.4164177,-34.6416272],[-58.4161104,-34.6431407],[-58.4161685,-34.6459296],[-58.4162115,-34.6481556],[-58.416388,-34.6497268],[-58.4164072,-34.6513211],[-58.41642,-34.6523488],[-58.4164526,-34.6545602],[-58.4166168,-34.6585097],[-58.4173394,-34.6627285],[-58.4177305,-34.6650016],[-58.4172186,-34.6685372],[-58.420843,-34.6705746],[-58.4278522,-34.674062],[-58.430001,-34.6751124],[-58.4309575,-34.6799777],[-58.426196,-34.6866361],[-58.4285063,-34.6834075],[-58.422799,-34.691487],[-58.4205194,-34.6939161],[-58.4236434,-34.6958255],[-58.4267258,-34.6974301],[-58.4285114,-34.6996436],[-58.4236726,-34.7000843],[-58.4215451,-34.6974149],[-58.4250263,-34.6926997]]}},{"type":"Feature","properties":{"linea":"9","linea_nombre":"Línea 9","ramal":"2","sentido":"IDA","subgrupo":"Línea 9","subgrupo_detalle":"Ramal 2","color_hex":"#2563eb","operador":"General Tomas Guido S.A.","cabecera_inicio":"Terminal Micro Ómnibus Avenida S.A.","cabecera_fin":"Terminal de Ómnibus Retiro","nombre":"Línea 9 - 2 - IDA","numero":"9","categoria":"NACIONAL","subcategoria":"2","color":"#2563eb","descripcion":"Línea 9 - Ramal 2: Villa Caraza → Retiro","network":"NACIONAL","routeId":"osm:9516613","source":"OpenStreetMap","license":"ODbL-1.0"},"geometry":{"type":"LineString","coordinates":[[-58.4254531,-34.692875],[-58.4242979,-34.6937032],[-58.4206762,-34.6984343],[-58.4268615,-34.7017995],[-58.4274411,-34.7021097],[-58.4326627,-34.6952087],[-58.4348828,-34.6921829],[-58.4332471,-34.685881],[-58.4347383,-34.6837939],[-58.4309575,-34.6799777],[-58.4293433,-34.6760278],[-58.420843,-34.6705746],[-58.4187619,-34.6695662],[-58.4172612,-34.6673604],[-58.4176037,-34.6649283],[-58.4171415,-34.6623392],[-58.4164429,-34.6574266],[-58.4163293,-34.6549655],[-58.4163424,-34.6524662],[-58.4163111,-34.6510572],[-58.4163053,-34.649639],[-58.4160336,-34.6480544],[-58.4142823,-34.6452325],[-58.4161092,-34.6430881],[-58.4160931,-34.6421399],[-58.4160786,-34.6403924],[-58.4131907,-34.6384208],[-58.4112508,-34.6380798],[-58.4076621,-34.6375009],[-58.4052579,-34.6370337],[-58.4029905,-34.6366437],[-58.4017915,-34.6364346],[-58.3997346,-34.636058],[-58.3985908,-34.6358437],[-58.3948209,-34.6351201],[-58.393707,-34.6348644],[-58.3903587,-34.634108],[-58.3887109,-34.6337818],[-58.3853902,-34.632822],[-58.3833533,-34.6321785],[-58.3827329,-34.6297045],[-58.3828178,-34.6278816],[-58.3815435,-34.6275119],[-58.3802808,-34.6274811],[-58.3786566,-34.6270741],[-58.3797933,-34.6240442],[-58.3808166,-34.6217354],[-58.3808972,-34.6206403],[-58.3809464,-34.6185111],[-58.3810292,-34.616549],[-58.381136,-34.6144433],[-58.3811876,-34.6129202],[-58.3812632,-34.6113486],[-58.3813649,-34.6096672],[-58.3814816,-34.6075743],[-58.381578,-34.6060109],[-58.38158,-34.6047125],[-58.3812992,-34.6042501],[-58.3813022,-34.6034618],[-58.3816601,-34.6027564],[-58.3818213,-34.6013838],[-58.3819137,-34.5994662],[-58.3819983,-34.5979953],[-58.3816634,-34.5972613],[-58.3814663,-34.5960509],[-58.3806645,-34.5952833],[-58.3785137,-34.595094],[-58.3774952,-34.5952491],[-58.3765963,-34.5959808],[-58.3760782,-34.5962217],[-58.3755524,-34.5961613],[-58.3747695,-34.595135],[-58.3742371,-34.5941311],[-58.3725708,-34.5918973],[-58.3719463,-34.5908458],[-58.3728943,-34.5901139],[-58.3723312,-34.5894207],[-58.3716234,-34.5892581],[-58.3715564,-34.5875881],[-58.3726268,-34.5844616],[-58.373957,-34.5816612],[-58.3730484,-34.5846445],[-58.375172,-34.5849582],[-58.3745564,-34.5854377]]}}]}